comparison,feature,category,count_A,count_B,prevalence_A,prevalence_B,default_rate_A,default_rate_B,base_rate_A,base_rate_B,risk_diff_A,risk_diff_B,delta_abs_risk_difference,rare_flag
temporal,emp_length,3 years,10095,23811,0.07488650188421708,0.08125040521127289,0.1510648836057454,0.23560539246566714,0.15595976380522833,0.23281818895300233,-0.0048948801994829205,0.0027872035126648154,0.007682083712147736,False
temporal,emp_length,10+ years,45799,99049,0.3397451114210261,0.33798544310492495,0.15063647677896896,0.21672101687043788,0.15595976380522833,0.23281818895300233,-0.005323287026259366,-0.016097172082564448,0.010773885056305083,False
temporal,emp_length,5 years,9727,18009,0.07215661256342541,0.0614522089559369,0.15287344504986122,0.23160641901271586,0.15595976380522833,0.23281818895300233,-0.0030863187553671068,-0.0012117699402864612,0.0018745488150806455,False
temporal,emp_length,4 years,6884,17469,0.05106673392480935,0.05960956400973189,0.15281812899477049,0.23063712862785507,0.15595976380522833,0.23281818895300233,-0.003141634810457844,-0.002181060325147255,0.0009605744853105891,False
temporal,emp_length,6 years,8175,12513,0.060643601080086644,0.042698178170117077,0.16293577981651375,0.22328778070806363,0.15595976380522833,0.23281818895300233,0.006976016011285419,-0.009530408244938698,0.016506424256224117,False
temporal,emp_length,1 year,7782,20089,0.057728257321741194,0.0685498043042821,0.1508609611924955,0.2435163522325651,0.15595976380522833,0.23281818895300233,-0.005098802612732822,0.010698163279562772,0.015796965892295595,False
temporal,emp_length,2 years,11239,27248,0.08337289694667814,0.09297849906332216,0.1536613577720438,0.2341823253082795,0.15595976380522833,0.23281818895300233,-0.0022984060331845413,0.0013641363552771846,0.003662542388461726,False
temporal,emp_length,7 years,8173,9584,0.06062876472508234,0.0327035354896829,0.15698030099106816,0.22975792988313856,0.15595976380522833,0.23281818895300233,0.0010205371858398316,-0.0030602590698637633,0.004080796255703595,False
temporal,emp_length,9 years,5218,11448,0.038708050206225336,0.03906407285954609,0.16462246071291683,0.22685185185185186,0.15595976380522833,0.23281818895300233,0.008662696907688505,-0.005966337101150465,0.01462903400883897,False
temporal,emp_length,8 years,6667,12825,0.049456989406842525,0.043762817472368855,0.15884205789710515,0.2253411306042885,0.15595976380522833,0.23281818895300233,0.002882294091876819,-0.0074770583487138165,0.010359352440590636,False
temporal,emp_length,< 1 year,9083,22170,0.06737930625204,0.07565081195808324,0.1589783111306837,0.2365358592692828,0.15595976380522833,0.23281818895300233,0.0030185473254553674,0.0037176703162804803,0.0006991229908251129,False
temporal,emp_length,NI,5962,18842,0.04422717426782588,0.06429465940073091,0.19842334786984234,0.31594310582740687,0.15595976380522833,0.23281818895300233,0.04246358406461401,0.08312491687440454,0.040661332809790535,False
temporal,purpose,debt_consolidation,80634,169291,0.5981573247084656,0.5776726029407249,0.1636406478656646,0.24601425947037941,0.15595976380522833,0.23281818895300233,0.007680884060436266,0.01319607051737709,0.005515186456940824,False
temporal,purpose,other,5842,18912,0.043336992967567725,0.06453352078264638,0.19428277986990758,0.23276226734348562,0.15595976380522833,0.23281818895300233,0.03832301606467925,-5.592160951670144e-05,0.03837893767419595,False
temporal,purpose,home_improvement,7403,20936,0.054916768048425865,0.07144002702545921,0.14183439146292043,0.1996560947649981,0.15595976380522833,0.23281818895300233,-0.014125372342307901,-0.033162094188004226,0.019036721845696325,False
temporal,purpose,credit_card,32804,60653,0.2433458947805703,0.2069665628188373,0.13196561394951836,0.2046230194714194,0.15595976380522833,0.23281818895300233,-0.023994149855709968,-0.028195169481582932,0.004201019625872965,False
temporal,purpose,major_purchase,2298,7065,0.01704697189994362,0.02410793804618214,0.12924281984334204,0.21344656758669497,0.15595976380522833,0.23281818895300233,-0.026716943961886286,-0.01937162136630735,0.007345322595578935,False
temporal,purpose,small_business,1359,3215,0.010081303225423577,0.010970562040831647,0.257542310522443,0.3337480559875583,0.15595976380522833,0.23281818895300233,0.10158254671721464,0.10092986703455598,0.0006526796826586689,False
temporal,purpose,house,675,1445,0.005007269813952108,0.004930781383826355,0.1362962962962963,0.26505190311418686,0.15595976380522833,0.23281818895300233,-0.019663467508932025,0.032233714161184535,0.05189718167011656,False
temporal,purpose,moving,639,2263,0.004740215423874663,0.007722047246781343,0.1705790297339593,0.25894829871851527,0.15595976380522833,0.23281818895300233,0.014619265928730973,0.026130109765512943,0.01151084383678197,False
temporal,purpose,medical,889,3650,0.00659475979941248,0.012454914914163456,0.17885264341957255,0.2536986301369863,0.15595976380522833,0.23281818895300233,0.02289287961434422,0.020880441183983967,0.0020124384303602527,False
temporal,purpose,car,1050,3233,0.007789086377258835,0.011031983539038481,0.11714285714285715,0.1729044231364058,0.15595976380522833,0.23281818895300233,-0.038816906662371184,-0.05991376581659652,0.021096859154225336,False
temporal,purpose,vacation,565,2184,0.004191270288715469,0.007452475115762462,0.15575221238938053,0.22664835164835165,0.15595976380522833,0.23281818895300233,-0.0002075514158478009,-0.006169837304650677,0.005962285888802876,False
temporal,purpose,renewable_energy,51,209,0.00037832705260971484,0.0007131718402904555,0.11764705882352941,0.27751196172248804,0.15595976380522833,0.23281818895300233,-0.03831270498169892,0.04469377276948572,0.08300647775118464,True
temporal,purpose,wedding,595,1,0.004413815613780007,3.4123054559351933e-06,0.15294117647058825,0.0,0.15595976380522833,0.23281818895300233,-0.0030185873346400827,-0.23281818895300233,0.22979960161836224,True
temporal,home_ownership_n,MORTGAGE,72061,142774,0.5345612889825228,0.4871884991656913,0.1412553253493568,0.19679353383669296,0.15595976380522833,0.23281818895300233,-0.014704438455871521,-0.03602465511630937,0.021320216660437846,False
temporal,home_ownership_n,OWN,11248,35629,0.0834396605441975,0.12157703108951501,0.15753911806543386,0.23391057846136573,0.15595976380522833,0.23281818895300233,0.0015793542602055288,0.001092389508363406,0.00048696475184212273,False
temporal,home_ownership_n,RENT,51495,114591,0.3819990504732797,0.39101949450106976,0.17619186328769784,0.27735162447312617,0.15595976380522833,0.23281818895300233,0.020232099482469512,0.04453343552012384,0.02430133603765433,False
temporal,addr_state,TX,10291,25008,0.07634046467463873,0.08533493484202732,0.14303760567486154,0.23460492642354447,0.15595976380522833,0.23281818895300233,-0.01292215813036679,0.0017867374705421435,0.014708895600908933,False
temporal,addr_state,MI,3339,7780,0.024769294679683095,0.026547736447175806,0.16681641209943096,0.23483290488431877,0.15595976380522833,0.23281818895300233,0.010856648294202631,0.002014715931316441,0.00884193236288619,False
temporal,addr_state,CO,2952,6358,0.021898459986350552,0.02169543808883596,0.12059620596205962,0.1782006920415225,0.15595976380522833,0.23281818895300233,-0.035363557843168705,-0.054617496911479824,0.01925393906831112,False
temporal,addr_state,CA,21466,40863,0.1592385982611792,0.13943703784587982,0.1457188111432032,0.23373222719819886,0.15595976380522833,0.23281818895300233,-0.010240952662025127,0.0009140382451965356,0.011154990907221662,False
temporal,addr_state,NC,3826,8428,0.028381947123230764,0.02875891038262181,0.17015159435441715,0.23849074513526342,0.15595976380522833,0.23281818895300233,0.014191830549188822,0.00567255618226109,0.008519274366927732,False
temporal,addr_state,NY,11151,23198,0.08272009732648883,0.07915866196678462,0.1693121693121693,0.25821191482024314,0.15595976380522833,0.23281818895300233,0.013352405506940973,0.025393725867240813,0.01204132036029984,False
temporal,addr_state,NM,740,1575,0.005489451351591941,0.00537438109309793,0.1608108108108108,0.23809523809523808,0.15595976380522833,0.23281818895300233,0.004851047005582476,0.005277049142235757,0.0004260021366532807,False
temporal,addr_state,CT,2041,4175,0.015140500281890745,0.014246375278529433,0.1474767270945615,0.1932934131736527,0.15595976380522833,0.23281818895300233,-0.00848303671066683,-0.039524775779349625,0.031041739068682794,False
temporal,addr_state,FL,8857,21675,0.06570279813655382,0.07396172075739532,0.1726318166422039,0.24678200692041521,0.15595976380522833,0.23281818895300233,0.016672052836975565,0.01396381796741289,0.0027082348695626757,False
temporal,addr_state,MA,3031,6628,0.022484496009020503,0.022616760561938464,0.1530847904981854,0.2255582377791189,0.15595976380522833,0.23281818895300233,-0.0028749733070429218,-0.007259951173883422,0.0043849778668405,False
temporal,addr_state,OH,4345,9848,0.03223198124684727,0.033604384130049784,0.16939010356731876,0.2365962632006499,0.15595976380522833,0.23281818895300233,0.013430339762090432,0.0037780742476475615,0.00965226551444287,False
temporal,addr_state,IN,2276,5183,0.016883771994896293,0.01768597917811211,0.1735500878734622,0.24001543507621068,0.15595976380522833,0.23281818895300233,0.01759032406823388,0.007197246123208351,0.01039307794502553,False
temporal,addr_state,NJ,5112,10283,0.0379217233909973,0.035088737003381595,0.176056338028169,0.2471068754254595,0.15595976380522833,0.23281818895300233,0.020096574222940672,0.01428868647245718,0.0058078877504834925,False
temporal,addr_state,AZ,3077,7433,0.022825732174119463,0.02536366645396629,0.15144621384465387,0.22453921700524687,0.15595976380522833,0.23281818895300233,-0.004513549960574459,-0.008278971947755454,0.0037654219871809946,False
temporal,addr_state,PA,4599,9394,0.034116198332393696,0.032055197453055205,0.1643835616438356,0.2476048541622312,0.15595976380522833,0.23281818895300233,0.008423797838607278,0.014786665209228889,0.006362867370621611,False
temporal,addr_state,UT,1099,2135,0.008152577074864248,0.0072852721484216384,0.1437670609645132,0.19110070257611242,0.15595976380522833,0.23281818895300233,-0.012192702840715136,-0.041717486376889906,0.02952478353617477,False
temporal,addr_state,SC,1493,3523,0.011075339010711848,0.012021552121259686,0.12391158740790355,0.18762418393414704,0.15595976380522833,0.23281818895300233,-0.03204817639732478,-0.04519400501885529,0.013145828621530506,False
temporal,addr_state,DE,356,830,0.0026408711907658527,0.0028322135284262104,0.1601123595505618,0.21686746987951808,0.15595976380522833,0.23281818895300233,0.0041525957453334705,-0.01595071907348425,0.02010331481881772,False
temporal,addr_state,KY,1240,2863,0.009198540102667577,0.00976943052034246,0.16693548387096774,0.2451973454418442,0.15595976380522833,0.23281818895300233,0.010975720065739408,0.012379156488841886,0.0014034364231024776,False
temporal,addr_state,GA,4236,9566,0.03142339989911279,0.03264211399147606,0.13786591123701605,0.21806397658373405,0.15595976380522833,0.23281818895300233,-0.018093852568212276,-0.014754212369268271,0.003339640198944005,False
temporal,addr_state,WI,1686,3961,0.012507047268627045,0.013516141910959302,0.15243179122182682,0.19742489270386265,0.15595976380522833,0.23281818895300233,-0.003527972583401512,-0.03539329624913967,0.03186532366573816,False
temporal,addr_state,IL,5266,11142,0.039064122726328594,0.038019907390029924,0.14356247626281807,0.2239274816011488,0.15595976380522833,0.23281818895300233,-0.012397287542410262,-0.008890707351853516,0.003506580190556746,False
temporal,addr_state,MO,2112,4612,0.015667190884543485,0.015737552762773114,0.16098484848484848,0.242194275802255,0.15595976380522833,0.23281818895300233,0.005025084679620151,0.009376086849252674,0.004351002169632523,False
temporal,addr_state,WY,332,618,0.002462834930714222,0.0021088047717679496,0.12650602409638553,0.2168284789644013,0.15595976380522833,0.23281818895300233,-0.029453739708842797,-0.015989709988601025,0.013464029720241771,False
temporal,addr_state,TN,2046,4943,0.015177591169401502,0.01686702586868766,0.19208211143695014,0.2316407040258952,0.15595976380522833,0.23281818895300233,0.03612234763172181,-0.0011774849271071197,0.03729983255882893,False
temporal,addr_state,WA,3283,5868,0.024353876739562623,0.020023408415427716,0.1367651538227231,0.18473074301295161,0.15595976380522833,0.23281818895300233,-0.019194609982505217,-0.04808744594005071,0.028892835957545493,False
temporal,addr_state,VA,4097,7702,0.03039227322631376,0.02628157662161286,0.16329021235050037,0.2340950402492859,0.15595976380522833,0.23281818895300233,0.007330448545272039,0.0012768512962835765,0.006053597248988463,False
temporal,addr_state,MD,3105,6577,0.023033441144179698,0.022442732983685768,0.16264090177133655,0.2528508438497795,0.15595976380522833,0.23281818895300233,0.006681137966108225,0.02003265489677719,0.013351516930668966,False
temporal,addr_state,MN,2345,5159,0.01739562624254473,0.017604083847169664,0.14541577825159915,0.23570459391354914,0.15595976380522833,0.23281818895300233,-0.010543985553629176,0.002886404960546818,0.013430390514175994,False
temporal,addr_state,NH,640,1386,0.004747633601376814,0.004729455361926178,0.1140625,0.1738816738816739,0.15595976380522833,0.23281818895300233,-0.04189726380522833,-0.05893651507132844,0.017039251266100106,False
temporal,addr_state,NV,1976,4429,0.014658318744250913,0.015113100864336973,0.18522267206477733,0.24813727703770602,0.15595976380522833,0.23281818895300233,0.029262908259548998,0.015319088084703697,0.0139438201748453,False
temporal,addr_state,KS,1288,2336,0.009554612622770837,0.007971145545064612,0.1374223602484472,0.19006849315068494,0.15595976380522833,0.23281818895300233,-0.01853740355678113,-0.04274969580231738,0.024212292245536254,False
temporal,addr_state,AL,1644,3581,0.012195483813536691,0.012219465837703928,0.18491484184914841,0.27590058642837195,0.15595976380522833,0.23281818895300233,0.028955078043920085,0.04308239747536963,0.014127319431449542,False
temporal,addr_state,RI,555,1257,0.004117088513693956,0.004289267958110538,0.13873873873873874,0.2020684168655529,0.15595976380522833,0.23281818895300233,-0.017221025066489593,-0.030749772087449417,0.013528747020959825,False
temporal,addr_state,WV,692,563,0.00513337883148868,0.0019211279716915138,0.11849710982658959,0.19005328596802842,0.15595976380522833,0.23281818895300233,-0.03746265397863874,-0.0427649029849739,0.0053022490063351635,False
temporal,addr_state,LA,1614,3270,0.011972938488472152,0.011158238840908082,0.17472118959107807,0.27308868501529054,0.15595976380522833,0.23281818895300233,0.018761425785849745,0.04027049606228822,0.021509070276438474,False
temporal,addr_state,OR,1905,3290,0.014131628141598173,0.011226484950026787,0.13385826771653545,0.15835866261398177,0.15595976380522833,0.23281818895300233,-0.022101496088692885,-0.07445952633902056,0.052358030250327675,False
temporal,addr_state,VT,175,597,0.0012981810628764725,0.0020371463571933106,0.10285714285714286,0.1541038525963149,0.15595976380522833,0.23281818895300233,-0.053102620948085474,-0.07871433635668743,0.02561171540860195,False
temporal,addr_state,AR,998,2264,0.007403341147146969,0.007725459552237278,0.17234468937875752,0.28091872791519434,0.15595976380522833,0.23281818895300233,0.01638492557352919,0.04810053896219202,0.03171561338866283,False
temporal,addr_state,OK,1239,2785,0.009191121925165425,0.009503270694779515,0.1807909604519774,0.2682226211849192,0.15595976380522833,0.23281818895300233,0.02483119664674907,0.03540443223191686,0.01057323558516779,False
temporal,addr_state,HI,794,1380,0.005890032936708109,0.004708981529190567,0.1712846347607053,0.23550724637681159,0.15595976380522833,0.23281818895300233,0.015324870955476966,0.00268905742380926,0.012635813531667706,False
temporal,addr_state,MT,407,803,0.0030191982433755674,0.0027400812811159605,0.11056511056511056,0.18804483188044832,0.15595976380522833,0.23281818895300233,-0.045394653240117766,-0.044773357072554004,0.0006212961675637618,False
temporal,addr_state,SD,287,605,0.002129016943117415,0.002064444800840792,0.18118466898954705,0.23140495867768596,0.15595976380522833,0.23281818895300233,0.02522490518431872,-0.0014132302753163684,0.026638135459635087,False
temporal,addr_state,AK,389,679,0.0028856710483368448,0.0023169554045799966,0.13881748071979436,0.23122238586156113,0.15595976380522833,0.23281818895300233,-0.017142283085433974,-0.0015958030914411947,0.015546479993992779,False
temporal,addr_state,DC,395,684,0.0029301801133497524,0.0023340169318596723,0.10886075949367088,0.14619883040935672,0.15595976380522833,0.23281818895300233,-0.047099004311557446,-0.08661935854364561,0.03952035423208816,False
temporal,addr_state,NE,2,1455,1.4836355004302542e-05,0.004964904438385706,0.5,0.2542955326460481,0.15595976380522833,0.23281818895300233,0.34404023619477164,0.02147734369304577,0.3225628925017259,True
temporal,addr_state,IA,1,0,7.418177502151271e-06,0.0,1.0,,0.15595976380522833,0.23281818895300233,0.8440402361947716,,,True
temporal,addr_state,MS,2,1872,1.4836355004302542e-05,0.006387835813510682,0.5,0.27350427350427353,0.15595976380522833,0.23281818895300233,0.34404023619477164,0.04068608455127121,0.30335415164350044,True
temporal,addr_state,ID,2,861,1.4836355004302542e-05,0.0029379949975602017,0.0,0.2067363530778165,0.15595976380522833,0.23281818895300233,-0.15595976380522833,-0.026081835875185838,0.1298779279300425,True
temporal,zip_code,782xx,446,1363,0.003308507165959467,0.004650972336439668,0.1412556053811659,0.2553191489361702,0.15595976380522833,0.23281818895300233,-0.014704158424062419,0.022500959983167867,0.037205118407230287,False
temporal,zip_code,481xx,661,1605,0.004903415328921991,0.005476750256775986,0.16944024205748864,0.24174454828660435,0.15595976380522833,0.23281818895300233,0.013480478252260314,0.00892635933360203,0.004554118918658284,False
temporal,zip_code,809xx,284,590,0.002106762410610961,0.002013260219001764,0.14788732394366197,0.20677966101694914,0.15595976380522833,0.23281818895300233,-0.00807243986156636,-0.026038527936053185,0.017966088074486825,False
temporal,zip_code,945xx,1643,3168,0.012188065636034539,0.010810183684402693,0.12598904443091904,0.22285353535353536,0.15595976380522833,0.23281818895300233,-0.029970719374309285,-0.009964653599466966,0.02000606577484232,False
temporal,zip_code,281xx,215,559,0.0015949081629625234,0.0019074787498677731,0.18604651162790697,0.20214669051878353,0.15595976380522833,0.23281818895300233,0.030086747822678644,-0.03067149843421879,0.060758246256897436,False
temporal,zip_code,802xx,626,1363,0.004643779116346696,0.004650972336439668,0.11661341853035144,0.169479090242113,0.15595976380522833,0.23281818895300233,-0.03934634527487689,-0.06333909871088933,0.02399275343601244,False
temporal,zip_code,103xx,297,695,0.0022031987181389276,0.0023715522918749594,0.18518518518518517,0.2503597122302158,0.15595976380522833,0.23281818895300233,0.029225421379956845,0.017541523277213478,0.011683898102743367,False
temporal,zip_code,927xx,233,350,0.0017284353580012462,0.0011943069095773178,0.15450643776824036,0.2057142857142857,0.15595976380522833,0.23281818895300233,-0.001453326036987973,-0.027103903238716615,0.02565057720172864,False
temporal,zip_code,871xx,305,633,0.0022625441381561376,0.0021599893536069776,0.16393442622950818,0.23854660347551343,0.15595976380522833,0.23281818895300233,0.007974662424279855,0.005728414522511105,0.0022462479017687498,False
temporal,zip_code,493xx,86,227,0.0006379632651850093,0.000774593338497289,0.18604651162790697,0.20704845814977973,0.15595976380522833,0.23281818895300233,0.030086747822678644,-0.02576973080322259,0.055856478625901235,True
temporal,zip_code,800xx,549,1145,0.004072579448681048,0.003907089747045797,0.11657559198542805,0.17554585152838428,0.15595976380522833,0.23281818895300233,-0.03938417181980028,-0.05727233742461804,0.017888165604817763,False
temporal,zip_code,937xx,186,433,0.0013797810154001365,0.0014775282624199387,0.1827956989247312,0.2540415704387991,0.15595976380522833,0.23281818895300233,0.026835935119502857,0.021223381485796777,0.00561255363370608,False
temporal,zip_code,060xx,415,839,0.0030785436633927778,0.0028629242775296275,0.163855421686747,0.19785458879618595,0.15595976380522833,0.23281818895300233,0.007895657881518664,-0.03496360015681638,0.04285925803833504,False
temporal,zip_code,282xx,399,1074,0.0029598528233583574,0.003664816059674398,0.16791979949874686,0.22439478584729983,0.15595976380522833,0.23281818895300233,0.011960035693518528,-0.008423403105702498,0.020383438799221026,False
temporal,zip_code,334xx,687,1657,0.005096287943977923,0.005654190140484616,0.16011644832605532,0.24622812311406156,0.15595976380522833,0.23281818895300233,0.0041566845208269865,0.013409934161059234,0.009253249640232247,False
temporal,zip_code,117xx,870,2022,0.006453814426871606,0.006899681631900962,0.1781609195402299,0.22898120672601385,0.15595976380522833,0.23281818895300233,0.02220115573500156,-0.0038369822269884724,0.026038137961990032,False
temporal,zip_code,027xx,238,602,0.0017655262455120026,0.0020542078844729863,0.14285714285714285,0.24750830564784054,0.15595976380522833,0.23281818895300233,-0.01310262094808548,0.014690116694838218,0.0277927376429237,False
temporal,zip_code,100xx,1189,2002,0.008820213050057861,0.006831435522782257,0.12531539108494533,0.21578421578421578,0.15595976380522833,0.23281818895300233,-0.030644372720283003,-0.017033973168786548,0.013610399551496455,False
temporal,zip_code,951xx,686,1107,0.005088869766475772,0.003777422139720259,0.141399416909621,0.23486901535682023,0.15595976380522833,0.23281818895300233,-0.01456034689560734,0.0020508264038179014,0.01661117329942524,False
temporal,zip_code,322xx,387,915,0.002870834693332542,0.003122259492180702,0.16795865633074936,0.24043715846994534,0.15595976380522833,0.23281818895300233,0.011998892525521027,0.007618969516943019,0.004379923008578007,False
temporal,zip_code,750xx,1442,3170,0.010697011958102133,0.010817008295314564,0.15325936199722606,0.2025236593059937,0.15595976380522833,0.23281818895300233,-0.0027004018080022674,-0.030294529647008628,0.02759412783900636,False
temporal,zip_code,446xx,138,327,0.0010237084952968755,0.0011158238840908083,0.1956521739130435,0.27522935779816515,0.15595976380522833,0.23281818895300233,0.03969241010781516,0.04241116884516283,0.0027187587373476707,False
temporal,zip_code,785xx,248,648,0.0018397080205335152,0.0022111739354460053,0.14919354838709678,0.22685185185185186,0.15595976380522833,0.23281818895300233,-0.006766215418131549,-0.005966337101150465,0.0007998783169810841,False
temporal,zip_code,113xx,761,1328,0.005645233079137117,0.004531541645481937,0.15111695137976347,0.2560240963855422,0.15595976380522833,0.23281818895300233,-0.00484281242546486,0.023205907432539863,0.028048719858004723,False
temporal,zip_code,461xx,236,534,0.0017506898905077,0.0018221711134693934,0.18220338983050846,0.20973782771535582,0.15595976380522833,0.23281818895300233,0.02624362602528013,-0.023080361237646507,0.04932398726292664,False
temporal,zip_code,759xx,71,152,0.0005266906026527402,0.0005186704293021494,0.1267605633802817,0.27631578947368424,0.15595976380522833,0.23281818895300233,-0.029199200424946642,0.04349760052068191,0.07269680094562855,True
temporal,zip_code,917xx,1050,2020,0.007789086377258835,0.006892857020989091,0.15714285714285714,0.24752475247524752,0.15595976380522833,0.23281818895300233,0.00118309333762881,0.014706563522245197,0.013523470184616387,False
temporal,zip_code,082xx,133,261,0.0009866176077861191,0.0008906117239990855,0.21052631578947367,0.2796934865900383,0.15595976380522833,0.23281818895300233,0.05456655198424534,0.04687529763703596,0.007691254347209381,False
temporal,zip_code,852xx,780,1963,0.005786178451677991,0.006698355610000785,0.13974358974358975,0.21039225674987264,0.15595976380522833,0.23281818895300233,-0.016216174061638583,-0.02242593220312969,0.006209758141491106,False
temporal,zip_code,928xx,707,1398,0.005244651494020949,0.004770403027397401,0.1371994342291372,0.22317596566523606,0.15595976380522833,0.23281818895300233,-0.01876032957609114,-0.00964222328776626,0.009118106288324879,False
temporal,zip_code,064xx,455,899,0.0033752707634788284,0.003067662604885739,0.12527472527472527,0.21023359288097887,0.15595976380522833,0.23281818895300233,-0.030685038530503056,-0.022584596072023455,0.008100442458479601,False
temporal,zip_code,079xx,102,201,0.0007566541052194297,0.0006858733966429739,0.1568627450980392,0.21393034825870647,0.15595976380522833,0.23281818895300233,0.0009029812928108838,-0.01888784069429586,0.019790821987106744,False
temporal,zip_code,186xx,66,134,0.0004895997151419839,0.0004572489310953159,0.25757575757575757,0.27611940298507465,0.15595976380522833,0.23281818895300233,0.10161599377052924,0.04330121403207232,0.05831477973845692,True
temporal,zip_code,128xx,125,219,0.000927272187768909,0.0007472948948498073,0.192,0.2557077625570776,0.15595976380522833,0.23281818895300233,0.036040236194771674,0.022889573604075286,0.013150662590696388,False
temporal,zip_code,906xx,410,816,0.0030414527758820214,0.002784441252043118,0.14878048780487804,0.2818627450980392,0.15595976380522833,0.23281818895300233,-0.007179276000350288,0.04904455614503689,0.056223832145387176,False
temporal,zip_code,840xx,574,1109,0.00425803388623483,0.0037842467506321296,0.1602787456445993,0.1884580703336339,0.15595976380522833,0.23281818895300233,0.004318981839370961,-0.04436011861936842,0.04867910045873938,False
temporal,zip_code,277xx,101,258,0.0007492359277172784,0.00088037480763128,0.13861386138613863,0.22868217054263565,0.15595976380522833,0.23281818895300233,-0.017345902419089704,-0.004136018410366676,0.013209884008723027,False
temporal,zip_code,021xx,674,1294,0.004999851636449957,0.00441552325998014,0.12759643916913946,0.22256568778979907,0.15595976380522833,0.23281818895300233,-0.02836332463608887,-0.010252501163203254,0.018110823472885618,False
temporal,zip_code,296xx,286,738,0.0021215987656152636,0.0025182814264801726,0.11888111888111888,0.17750677506775067,0.15595976380522833,0.23281818895300233,-0.03707864492410945,-0.055311413885251653,0.018232768961142204,False
temporal,zip_code,294xx,316,647,0.0023441440906798016,0.00220776162999007,0.11708860759493671,0.1901081916537867,0.15595976380522833,0.23281818895300233,-0.03887115621029162,-0.042709997299215624,0.0038388410889240027,False
temporal,zip_code,199xx,134,323,0.0009940357852882703,0.0011021746622670674,0.16417910447761194,0.25696594427244585,0.15595976380522833,0.23281818895300233,0.008219340672383613,0.02414775531944352,0.015928414647059908,False
temporal,zip_code,775xx,428,1224,0.003174979970920744,0.0041766618780646764,0.16121495327102803,0.22794117647058823,0.15595976380522833,0.23281818895300233,0.005255189465799698,-0.004877012482414095,0.010132201948213793,False
temporal,zip_code,420xx,45,100,0.0003338179875968072,0.00034123054559351935,0.15555555555555556,0.26,0.15595976380522833,0.23281818895300233,-0.0004042082496727717,0.027181811046997684,0.027586019296670455,True
temporal,zip_code,303xx,474,1026,0.003516216136019703,0.0035010253977895084,0.12658227848101267,0.2046783625730994,0.15595976380522833,0.23281818895300233,-0.029377485324215663,-0.02813982637990292,0.0012376589443127417,False
temporal,zip_code,328xx,455,1105,0.0033752707634788284,0.0037705975288083887,0.14725274725274726,0.216289592760181,0.15595976380522833,0.23281818895300233,-0.008707016552481073,-0.01652859619282132,0.007821579640340248,False
temporal,zip_code,532xx,226,578,0.0016765081154861874,0.0019723125535305417,0.20353982300884957,0.2231833910034602,0.15595976380522833,0.23281818895300233,0.04758005920362124,-0.009634797949542112,0.05721485715316335,False
temporal,zip_code,346xx,270,778,0.0020029079255808433,0.0026547736447175806,0.16666666666666666,0.2300771208226221,0.15595976380522833,0.23281818895300233,0.010706902861438328,-0.00274106813038022,0.013447970991818547,False
temporal,zip_code,605xx,493,1068,0.003657161508560577,0.003644342226938787,0.13793103448275862,0.20599250936329588,0.15595976380522833,0.23281818895300233,-0.01802872932246971,-0.02682567958970644,0.00879695026723673,False
temporal,zip_code,165xx,49,100,0.0003634906976054123,0.00034123054559351935,0.16326530612244897,0.26,0.15595976380522833,0.23281818895300233,0.007305542317220637,0.027181811046997684,0.019876268729777047,True
temporal,zip_code,631xx,313,626,0.002321889558173348,0.002136103215415431,0.16932907348242812,0.23162939297124602,0.15595976380522833,0.23281818895300233,0.013369309677199792,-0.0011887959817563076,0.0145581056589561,False
temporal,zip_code,820xx,68,173,0.0005044360701462865,0.0005903288438767884,0.07352941176470588,0.20809248554913296,0.15595976380522833,0.23281818895300233,-0.08243035204052244,-0.02472570340386937,0.057704648636653075,True
temporal,zip_code,482xx,197,540,0.0014613809679238005,0.0018426449462050046,0.20812182741116753,0.3055555555555556,0.15595976380522833,0.23281818895300233,0.052162063605939196,0.07273736660255326,0.02057530299661406,False
temporal,zip_code,900xx,1180,2102,0.0087534494525385,0.007172666068375777,0.1576271186440678,0.24643196955280686,0.15595976380522833,0.23281818895300233,0.0016673548388394799,0.013613780599804531,0.011946425760965051,False
temporal,zip_code,437xx,76,121,0.0005637814901634967,0.0004128889601681584,0.17105263157894737,0.2644628099173554,0.15595976380522833,0.23281818895300233,0.015092867773719043,0.031644620964353054,0.01655175319063401,True
temporal,zip_code,604xx,648,1539,0.004806979021394024,0.005251538096684263,0.16049382716049382,0.25471085120207926,0.15595976380522833,0.23281818895300233,0.0045340633552654885,0.021892662249076933,0.017358598893811444,False
temporal,zip_code,160xx,76,163,0.0005637814901634967,0.0005562057893174365,0.14473684210526316,0.2392638036809816,0.15595976380522833,0.23281818895300233,-0.011222921699965166,0.006445614727979276,0.017668536427944442,True
temporal,zip_code,370xx,334,804,0.0024776712857185247,0.0027434935865718957,0.18263473053892215,0.18159203980099503,0.15595976380522833,0.23281818895300233,0.026674966733693822,-0.051226149152007294,0.07790111588570112,False
temporal,zip_code,151xx,173,331,0.00128334470787217,0.001129473105914549,0.20809248554913296,0.2809667673716012,0.15595976380522833,0.23281818895300233,0.052132721743904625,0.048148578418598875,0.00398414332530575,False
temporal,zip_code,640xx,261,617,0.001936144328061482,0.0021053924663120144,0.13026819923371646,0.22042139384116693,0.15595976380522833,0.23281818895300233,-0.025691564571511866,-0.01239679511183539,0.013294769459676475,False
temporal,zip_code,751xx,386,916,0.0028634165158303907,0.0031256717976366373,0.12435233160621761,0.2314410480349345,0.15595976380522833,0.23281818895300233,-0.031607432199010715,-0.0013771409180678151,0.0302302912809429,False
temporal,zip_code,331xx,1120,2472,0.008308358802409424,0.008435219087071798,0.18482142857142858,0.28640776699029125,0.15595976380522833,0.23281818895300233,0.02886166476620025,0.05358957803728892,0.02472791327108867,False
temporal,zip_code,980xx,738,1282,0.005474614996587638,0.004374575594508918,0.12601626016260162,0.18798751950078002,0.15595976380522833,0.23281818895300233,-0.029943503642626712,-0.044830669452222305,0.014887165809595593,False
temporal,zip_code,981xx,457,770,0.003390107118483131,0.002627475201070099,0.10284463894967177,0.14545454545454545,0.15595976380522833,0.23281818895300233,-0.053115124855556556,-0.08736364349845688,0.03424851864290032,False
temporal,zip_code,762xx,271,680,0.0020103261030829946,0.002320367710035932,0.16974169741697417,0.18235294117647058,0.15595976380522833,0.23281818895300233,0.013781933611745845,-0.050465247776531746,0.06424718138827759,False
temporal,zip_code,755xx,36,112,0.0002670543900774458,0.0003821782110647417,0.2222222222222222,0.19642857142857142,0.15595976380522833,0.23281818895300233,0.06626245841699388,-0.0363896175244309,0.10265207594142478,True
temporal,zip_code,432xx,338,712,0.0025073439957271296,0.002429561484625858,0.14497041420118342,0.2345505617977528,0.15595976380522833,0.23281818895300233,-0.010989349604044907,0.0017323728447504738,0.01272172244879538,False
temporal,zip_code,288xx,41,90,0.0003041452775882021,0.0003071074910341674,0.12195121951219512,0.18888888888888888,0.15595976380522833,0.23281818895300233,-0.03400854429303321,-0.04392930006411344,0.00992075577108023,True
temporal,zip_code,112xx,1431,2854,0.01061541200557847,0.009738719771239043,0.1816911250873515,0.27330063069376315,0.15595976380522833,0.23281818895300233,0.025731361282123166,0.04048244174076082,0.014751080458637655,False
temporal,zip_code,799xx,345,683,0.0025592712382421887,0.002330604626403737,0.2028985507246377,0.30161054172767204,0.15595976380522833,0.23281818895300233,0.046938786919409364,0.06879235277466972,0.021853565855260354,False
temporal,zip_code,410xx,242,457,0.0017951989555206078,0.0015594235933623834,0.16942148760330578,0.25820568927789933,0.15595976380522833,0.23281818895300233,0.013461723798077446,0.025387500324897005,0.01192577652681956,False
temporal,zip_code,016xx,70,150,0.000519272425150589,0.0005118458183902791,0.17142857142857143,0.2733333333333333,0.15595976380522833,0.23281818895300233,0.0154688076233431,0.04051514438033099,0.02504633675698789,True
temporal,zip_code,130xx,224,452,0.001661671760481885,0.0015423620660827075,0.1875,0.29867256637168144,0.15595976380522833,0.23281818895300233,0.03154023619477167,0.06585437741867911,0.03431414122390744,False
temporal,zip_code,107xx,171,349,0.0012685083528678675,0.0011908946041213825,0.1695906432748538,0.27793696275071633,0.15595976380522833,0.23281818895300233,0.013630879469625462,0.04511877379771401,0.031487894328088545,False
temporal,zip_code,061xx,122,276,0.0009050176552624551,0.0009417963058381134,0.1721311475409836,0.18478260869565216,0.15595976380522833,0.23281818895300233,0.016171383735755274,-0.04803558025735016,0.06420696399310544,False
temporal,zip_code,201xx,654,1208,0.004851488086406931,0.004122064990769714,0.11314984709480122,0.18460264900662252,0.15595976380522833,0.23281818895300233,-0.04280991671042711,-0.04821553994637981,0.0054056232359527,False
temporal,zip_code,209xx,168,308,0.0012462538203614137,0.0010509900804280396,0.19642857142857142,0.19805194805194806,0.15595976380522833,0.23281818895300233,0.040468807623343095,-0.03476624090105426,0.07523504852439736,False
temporal,zip_code,553xx,538,1160,0.003990979496157384,0.003958274328884824,0.11152416356877323,0.23448275862068965,0.15595976380522833,0.23281818895300233,-0.0444356002364551,0.0016645696676873267,0.046100169904142424,False
temporal,zip_code,270xx,81,215,0.000600872377674253,0.0007336456730260666,0.20987654320987653,0.21395348837209302,0.15595976380522833,0.23281818895300233,0.0539167794046482,-0.018864700580909305,0.0727814799855575,True
temporal,zip_code,212xx,514,1095,0.0038129432361057535,0.003736474474249037,0.1575875486381323,0.2922374429223744,0.15595976380522833,0.23281818895300233,0.0016277848329039613,0.05941925396937209,0.05779146913646813,False
temporal,zip_code,992xx,138,283,0.0010237084952968755,0.0009656824440296598,0.15942028985507245,0.24381625441696114,0.15595976380522833,0.23281818895300233,0.0034605260498441204,0.010998065463958817,0.007537539414114697,False
temporal,zip_code,760xx,616,1542,0.004569597341325183,0.005261775013052069,0.12987012987012986,0.21660181582360571,0.15595976380522833,0.23281818895300233,-0.026089633935098472,-0.01621637312939661,0.009873260805701861,False
temporal,zip_code,863xx,91,241,0.0006750541526957657,0.0008223656148803817,0.23076923076923078,0.24481327800829875,0.15595976380522833,0.23281818895300233,0.07480946696400245,0.01199508905529642,0.06281437790870603,True
temporal,zip_code,140xx,231,496,0.0017135990029969437,0.001692503506143856,0.1645021645021645,0.2661290322580645,0.15595976380522833,0.23281818895300233,0.008542400696936181,0.03331084330506218,0.024768442608125996,False
temporal,zip_code,070xx,1125,2241,0.00834544968992018,0.007646976526750769,0.17422222222222222,0.24453369031682284,0.15595976380522833,0.23281818895300233,0.018262458416993893,0.011715501363820519,0.0065469570531733745,False
temporal,zip_code,342xx,295,711,0.002188362363134625,0.0024261491791699227,0.15593220338983052,0.23066104078762306,0.15595976380522833,0.23281818895300233,-2.756041539780929e-05,-0.0021571481653792635,0.002129587749981454,False
temporal,zip_code,336xx,331,787,0.002455416753212071,0.002685484393820997,0.15709969788519637,0.24015247776365947,0.15595976380522833,0.23281818895300233,0.0011399340799680413,0.007334288810657147,0.006194354730689106,False
temporal,zip_code,480xx,529,1243,0.0039242158986380225,0.004241495681727446,0.17391304347826086,0.22284794851166534,0.15595976380522833,0.23281818895300233,0.017953279673032535,-0.009970240441336986,0.02792352011436952,False
temporal,zip_code,161xx,41,140,0.0003041452775882021,0.0004777227638309271,0.0975609756097561,0.24285714285714285,0.15595976380522833,0.23281818895300233,-0.05839878819547223,0.01003895390414053,0.06843774209961276,True
temporal,zip_code,781xx,140,389,0.001038544850301178,0.0013273868223587903,0.12857142857142856,0.2493573264781491,0.15595976380522833,0.23281818895300233,-0.02738833523379977,0.01653913752514677,0.04392747275894654,False
temporal,zip_code,031xx,72,163,0.0005341087801548916,0.0005562057893174365,0.1111111111111111,0.17791411042944785,0.15595976380522833,0.23281818895300233,-0.044848652694117225,-0.05490407852355447,0.010055425829437248,True
temporal,zip_code,774xx,548,1334,0.0040651612711788965,0.004552015478217548,0.13686131386861314,0.2383808095952024,0.15595976380522833,0.23281818895300233,-0.01909844993661519,0.005562620642200061,0.024661070578815253,False
temporal,zip_code,827xx,47,81,0.00034865434260110975,0.00027639674193075066,0.1702127659574468,0.2962962962962963,0.15595976380522833,0.23281818895300233,0.014253002152218475,0.06347810734329395,0.04922510519107548,True
temporal,zip_code,558xx,51,94,0.00037832705260971484,0.0003207567128579082,0.13725490196078433,0.14893617021276595,0.15595976380522833,0.23281818895300233,-0.018704861844444004,-0.08388201874023637,0.06517715689579237,True
temporal,zip_code,908xx,287,566,0.002129016943117415,0.0019313648880593195,0.13588850174216027,0.2137809187279152,0.15595976380522833,0.23281818895300233,-0.020071262063068057,-0.01903727022508714,0.0010339918379809188,False
temporal,zip_code,890xx,484,1063,0.0035903979110412155,0.0036272806996591107,0.18181818181818182,0.2464722483537159,0.15595976380522833,0.23281818895300233,0.025858418012953494,0.01365405940071357,0.012204358612239924,False
temporal,zip_code,920xx,672,1319,0.004985015281445655,0.00450083089637852,0.15029761904761904,0.22820318423047764,0.15595976380522833,0.23281818895300233,-0.005662144757609289,-0.004615004722524685,0.0010471400350846038,False
temporal,zip_code,233xx,121,249,0.0008975994777603039,0.0008496640585278632,0.2066115702479339,0.23694779116465864,0.15595976380522833,0.23281818895300233,0.05065180644270556,0.004129602211656314,0.04652220423104925,False
temporal,zip_code,274xx,136,279,0.001008872140292573,0.0009520332222059189,0.15441176470588236,0.25806451612903225,0.15595976380522833,0.23281818895300233,-0.0015479990993459702,0.025246327176029926,0.026794326275375896,False
temporal,zip_code,185xx,49,102,0.0003634906976054123,0.00034805515650538976,0.2653061224489796,0.3235294117647059,0.15595976380522833,0.23281818895300233,0.10934635864375128,0.09071122281170357,0.018635135832047706,True
temporal,zip_code,125xx,229,525,0.0016987626479926412,0.0017914603643659766,0.18777292576419213,0.25523809523809526,0.15595976380522833,0.23281818895300233,0.031813161958963804,0.02241990628509294,0.009393255673870865,False
temporal,zip_code,953xx,540,1133,0.0040058158511616865,0.0038661420815745743,0.17777777777777778,0.2321270962047661,0.15595976380522833,0.23281818895300233,0.021818013972549455,-0.0006910927482362272,0.022509106720785682,False
temporal,zip_code,273xx,172,313,0.0012759265303700187,0.0010680516077077155,0.22093023255813954,0.24920127795527156,0.15595976380522833,0.23281818895300233,0.06497046875291121,0.01638308900226923,0.04858737975064198,False
temporal,zip_code,301xx,607,1440,0.004502833743805822,0.004913719856546679,0.10873146622734761,0.2125,0.15595976380522833,0.23281818895300233,-0.04722829757788072,-0.02031818895300233,0.026910108624878387,False
temporal,zip_code,306xx,161,347,0.0011943265778463546,0.001184069993209512,0.16149068322981366,0.23631123919308358,0.15595976380522833,0.23281818895300233,0.005530919424585334,0.003493050240081258,0.0020378691845040764,False
temporal,zip_code,857xx,346,827,0.00256668941574434,0.002821976612058405,0.14450867052023122,0.23941958887545345,0.15595976380522833,0.23281818895300233,-0.011451093284997105,0.006601399922451123,0.018052493207448228,False
temporal,zip_code,875xx,74,168,0.0005489451351591941,0.0005732673165971125,0.0945945945945946,0.19642857142857142,0.15595976380522833,0.23281818895300233,-0.06136516921063373,-0.0363896175244309,0.02497555168620283,True
temporal,zip_code,439xx,54,120,0.0004005815851161687,0.0004094766547122232,0.16666666666666666,0.26666666666666666,0.15595976380522833,0.23281818895300233,0.010706902861438328,0.03384847771366434,0.02314157485222601,True
temporal,zip_code,124xx,74,139,0.0005489451351591941,0.0004743104583749919,0.21621621621621623,0.26618705035971224,0.15595976380522833,0.23281818895300233,0.0602564524109879,0.033368861406709915,0.026887591004277983,True
temporal,zip_code,430xx,419,940,0.0031082163734013827,0.003207567128579082,0.1431980906921241,0.19574468085106383,0.15595976380522833,0.23281818895300233,-0.012761673113104222,-0.03707350810193849,0.02431183498883427,False
temporal,zip_code,467xx,98,216,0.0007269813952108246,0.0007370579784820018,0.17346938775510204,0.2222222222222222,0.15595976380522833,0.23281818895300233,0.01750962394987371,-0.010595966730780115,0.028105590680653825,True
temporal,zip_code,662xx,240,439,0.0017803626005163053,0.00149800209515555,0.11666666666666667,0.17995444191343962,0.15595976380522833,0.23281818895300233,-0.03929309713856166,-0.0528637470395627,0.013570649901001042,False
temporal,zip_code,496xx,72,179,0.0005341087801548916,0.0006108026766123996,0.027777777777777776,0.19553072625698323,0.15595976380522833,0.23281818895300233,-0.12818198602745057,-0.0372874626960191,0.09089452333143147,True
temporal,zip_code,853xx,631,1624,0.004680870003857453,0.005541584060438754,0.13946117274167988,0.2315270935960591,0.15595976380522833,0.23281818895300233,-0.01649859106354845,-0.001291095356943217,0.015207495706605234,False
temporal,zip_code,476xx,43,86,0.00031898163259250467,0.00029345826921042665,0.11627906976744186,0.27906976744186046,0.15595976380522833,0.23281818895300233,-0.03968069403778647,0.046251578488858136,0.0859322725266446,True
temporal,zip_code,752xx,460,1138,0.0034123616509895848,0.00388320360885425,0.13478260869565217,0.22495606326889278,0.15595976380522833,0.23281818895300233,-0.021177155109576157,-0.007862125684109544,0.013315029425466612,False
temporal,zip_code,956xx,704,1469,0.0052223969615144954,0.0050126767147687995,0.1278409090909091,0.2205582028590878,0.15595976380522833,0.23281818895300233,-0.02811885471431924,-0.012259986093914516,0.015858868620404726,False
temporal,zip_code,187xx,41,93,0.0003041452775882021,0.000317344407401973,0.0975609756097561,0.11827956989247312,0.15595976380522833,0.23281818895300233,-0.05839878819547223,-0.1145386190605292,0.05613983086505697,True
temporal,zip_code,276xx,255,544,0.0018916352630485743,0.0018562941680287453,0.16862745098039217,0.24080882352941177,0.15595976380522833,0.23281818895300233,0.012667687175163839,0.007990634576409444,0.004677052598754394,False
temporal,zip_code,333xx,510,1126,0.0037832705260971485,0.0038422559433830277,0.18627450980392157,0.24511545293072823,0.15595976380522833,0.23281818895300233,0.030314745998693243,0.012297263977725903,0.01801748202096734,False
temporal,zip_code,607xx,68,125,0.0005044360701462865,0.0004265381819918992,0.17647058823529413,0.288,0.15595976380522833,0.23281818895300233,0.0205108244300658,0.05518181104699765,0.034670986616931854,True
temporal,zip_code,365xx,105,335,0.0007789086377258835,0.0011431223277382897,0.17142857142857143,0.2626865671641791,0.15595976380522833,0.23281818895300233,0.0154688076233431,0.02986837821117677,0.014399570587833671,False
temporal,zip_code,337xx,363,812,0.0026927984332809117,0.002770792030219377,0.16804407713498623,0.24753694581280788,0.15595976380522833,0.23281818895300233,0.0120843133297579,0.01471875685980556,0.0026344435300476587,False
temporal,zip_code,433xx,63,160,0.0004673451826355301,0.000545968872949631,0.15873015873015872,0.20625,0.15595976380522833,0.23281818895300233,0.0027703949249303916,-0.026568188953002336,0.029338583877932728,True
temporal,zip_code,211xx,330,589,0.0024479985757099197,0.0020098479135458288,0.14545454545454545,0.23429541595925296,0.15595976380522833,0.23281818895300233,-0.010505218350682882,0.0014772270062506365,0.011982445356933519,False
temporal,zip_code,931xx,109,179,0.0008085813477344886,0.0006108026766123996,0.11009174311926606,0.1564245810055866,0.15595976380522833,0.23281818895300233,-0.04586802068596227,-0.07639360794741573,0.030525587261453463,False
temporal,zip_code,029xx,177,475,0.001313017417880775,0.001620845091569217,0.192090395480226,0.22105263157894736,0.15595976380522833,0.23281818895300233,0.036130631674997665,-0.011765557374054963,0.04789618904905263,False
temporal,zip_code,293xx,111,265,0.0008234177027387911,0.0009042609458228262,0.09009009009009009,0.1660377358490566,0.15595976380522833,0.23281818895300233,-0.06586967371513824,-0.06678045310394573,0.0009107793888074867,False
temporal,zip_code,911xx,100,170,0.0007418177502151272,0.000580091927508983,0.16,0.16470588235294117,0.15595976380522833,0.23281818895300233,0.004040236194771674,-0.06811230660006115,0.07215254279483282,False
temporal,zip_code,170xx,182,383,0.0013501083053915313,0.0013069129896231791,0.12087912087912088,0.24281984334203655,0.15595976380522833,0.23281818895300233,-0.03508064292610745,0.01000165438903422,0.04508229731514167,False
temporal,zip_code,030xx,219,447,0.0016245808729711284,0.0015253005388030315,0.1004566210045662,0.19015659955257272,0.15595976380522833,0.23281818895300233,-0.055503142800662125,-0.042661589400429606,0.01284155340023252,False
temporal,zip_code,770xx,988,2207,0.007329159372125456,0.007530958141248972,0.1346153846153846,0.24467603081105574,0.15595976380522833,0.23281818895300233,-0.02134437918984372,0.011857841858053414,0.033202221047897135,False
temporal,zip_code,190xx,445,853,0.0033010889884573158,0.00291069655391272,0.15955056179775282,0.22977725674091443,0.15595976380522833,0.23281818895300233,0.003590797992524486,-0.003040932212087899,0.006631730204612385,False
temporal,zip_code,550xx,291,734,0.00215868965312602,0.002504632204656432,0.18900343642611683,0.24114441416893734,0.15595976380522833,0.23281818895300233,0.0330436726208885,0.008326225215935013,0.02471744740495349,False
temporal,zip_code,240xx,154,295,0.0011423993353312958,0.001006630109500882,0.19480519480519481,0.2576271186440678,0.15595976380522833,0.23281818895300233,0.038845430999966485,0.024808929691065462,0.014036501308901023,False
temporal,zip_code,780xx,138,377,0.0010237084952968755,0.001286439156887568,0.13768115942028986,0.26525198938992045,0.15595976380522833,0.23281818895300233,-0.018278604384938474,0.032433800436918125,0.0507124048218566,False
temporal,zip_code,828xx,19,30,0.00014094537254087417,0.0001023691636780558,0.21052631578947367,0.06666666666666667,0.15595976380522833,0.23281818895300233,0.05456655198424534,-0.16615152228633567,0.22071807427058102,True
temporal,zip_code,354xx,75,147,0.0005563633126613453,0.0005016089020224735,0.09333333333333334,0.32653061224489793,0.15595976380522833,0.23281818895300233,-0.06262643047189499,0.09371242329189561,0.1563388537637906,True
temporal,zip_code,913xx,781,1659,0.005793596629180143,0.005661014751396486,0.14980793854033292,0.23387582881253768,0.15595976380522833,0.23281818895300233,-0.006151825264895411,0.0010576398595353587,0.0072094651244307695,False
temporal,zip_code,086xx,127,234,0.0009421085427732115,0.0007984794766888353,0.1968503937007874,0.2692307692307692,0.15595976380522833,0.23281818895300233,0.04089062989555908,0.03641258027776689,0.00447804961779219,False
temporal,zip_code,914xx,166,298,0.001231417465357111,0.0010168670258686877,0.23493975903614459,0.2550335570469799,0.15595976380522833,0.23281818895300233,0.07897999523091626,0.02221536809397756,0.056764627136938695,False
temporal,zip_code,300xx,1163,2635,0.00862734043500193,0.008991424876389235,0.13757523645743766,0.20531309297912714,0.15595976380522833,0.23281818895300233,-0.01838452734779067,-0.027505095973875182,0.009120568626084513,False
temporal,zip_code,323xx,152,313,0.0011275629803269933,0.0010680516077077155,0.19078947368421054,0.2364217252396166,0.15595976380522833,0.23281818895300233,0.03482970987898221,0.0036035362866142784,0.03122617359236793,False
temporal,zip_code,923xx,610,1276,0.004525088276312275,0.004354101761773307,0.15245901639344261,0.2727272727272727,0.15595976380522833,0.23281818895300233,-0.003500747411785715,0.03990908377427038,0.0434098311860561,False
temporal,zip_code,932xx,250,567,0.001854544375537818,0.0019347771935152548,0.148,0.24162257495590828,0.15595976380522833,0.23281818895300233,-0.007959763805228337,0.00880438600290595,0.016764149808134288,False
temporal,zip_code,641xx,250,533,0.001854544375537818,0.0018187588080134582,0.128,0.225140712945591,0.15595976380522833,0.23281818895300233,-0.027959763805228327,-0.007677476007411338,0.02028228779781699,False
temporal,zip_code,063xx,150,312,0.0011127266253226906,0.0010646393022517803,0.17333333333333334,0.15705128205128205,0.15595976380522833,0.23281818895300233,0.01737356952810501,-0.07576690690172028,0.09314047642982529,False
temporal,zip_code,380xx,188,446,0.001394617370404439,0.0015218882333470963,0.22340425531914893,0.242152466367713,0.15595976380522833,0.23281818895300233,0.0674444915139206,0.009334277414710684,0.05811021409920991,False
temporal,zip_code,856xx,184,324,0.001364944660395834,0.0011055869677230026,0.16304347826086957,0.24074074074074073,0.15595976380522833,0.23281818895300233,0.007083714455641238,0.007922551787738402,0.0008388373320971643,False
temporal,zip_code,944xx,107,177,0.000793744992730186,0.0006039780657005292,0.11214953271028037,0.192090395480226,0.15595976380522833,0.23281818895300233,-0.04381023109494796,-0.04072779347277633,0.003082437622171627,False
temporal,zip_code,310xx,196,379,0.0014539627904216492,0.0012932637677994384,0.15306122448979592,0.2612137203166227,0.15595976380522833,0.23281818895300233,-0.002898539315432408,0.028395531363620385,0.03129407067905279,False
temporal,zip_code,314xx,95,200,0.0007047268627043708,0.0006824610911870387,0.1368421052631579,0.19,0.15595976380522833,0.23281818895300233,-0.019117658542070426,-0.04281818895300232,0.023700530410931897,True
temporal,zip_code,109xx,300,664,0.0022254532506453813,0.0022657708227409685,0.18333333333333332,0.25903614457831325,0.15595976380522833,0.23281818895300233,0.02737356952810499,0.02621795562531093,0.0011556139027940615,False
temporal,zip_code,441xx,419,1034,0.0031082163734013827,0.0035283238414369903,0.17899761336515513,0.2524177949709865,0.15595976380522833,0.23281818895300233,0.0230378495599268,0.01959960601798416,0.003438243541942637,False
temporal,zip_code,065xx,186,324,0.0013797810154001365,0.0011055869677230026,0.12903225806451613,0.25617283950617287,0.15595976380522833,0.23281818895300233,-0.026927505740712204,0.02335465055317054,0.050282156293882746,False
temporal,zip_code,062xx,92,195,0.000682472330197917,0.0006653995639073628,0.13043478260869565,0.15384615384615385,0.15595976380522833,0.23281818895300233,-0.02552498119653268,-0.07897203510684847,0.05344705391031579,True
temporal,zip_code,794xx,114,270,0.0008456722352452449,0.0009213224731025023,0.13157894736842105,0.27037037037037037,0.15595976380522833,0.23281818895300233,-0.024380816436807284,0.03755218141736805,0.06193299785417533,False
temporal,zip_code,926xx,854,1621,0.006335123586837185,0.005531347144070949,0.14988290398126464,0.24120913016656384,0.15595976380522833,0.23281818895300233,-0.006076859823963693,0.008390941213561515,0.014467801037525208,False
temporal,zip_code,317xx,115,177,0.0008530904127473962,0.0006039780657005292,0.13043478260869565,0.192090395480226,0.15595976380522833,0.23281818895300233,-0.02552498119653268,-0.04072779347277633,0.015202812276243649,False
temporal,zip_code,483xx,445,976,0.0033010889884573158,0.003330410124992749,0.16179775280898875,0.24077868852459017,0.15595976380522833,0.23281818895300233,0.005837989003760424,0.007960499571587842,0.002122510567827418,False
temporal,zip_code,261xx,43,29,0.00031898163259250467,9.895685822212061e-05,0.09302325581395349,0.1724137931034483,0.15595976380522833,0.23281818895300233,-0.06293650799127484,-0.06040439584955404,0.002532112141720805,True
temporal,zip_code,705xx,208,457,0.0015429809204474646,0.0015594235933623834,0.16346153846153846,0.3085339168490153,0.15595976380522833,0.23281818895300233,0.007501774656310134,0.075715727896013,0.06821395323970286,False
temporal,zip_code,773xx,594,1507,0.004406397436277855,0.0051423443220943365,0.12121212121212122,0.24220305242203052,0.15595976380522833,0.23281818895300233,-0.034747642593107114,0.009384863469028198,0.04413250606213531,False
temporal,zip_code,335xx,377,950,0.0027966529183110294,0.003241690183138434,0.1962864721485411,0.24210526315789474,0.15595976380522833,0.23281818895300233,0.040326708343312784,0.009287074204892415,0.03103963413842037,False
temporal,zip_code,076xx,368,672,0.002729889320791668,0.00229306926638845,0.14945652173913043,0.24107142857142858,0.15595976380522833,0.23281818895300233,-0.006503242066097897,0.00825323961842625,0.014756481684524148,False
temporal,zip_code,700xx,246,507,0.0018248716655292127,0.001730038866159143,0.18699186991869918,0.25443786982248523,0.15595976380522833,0.23281818895300233,0.031032106113470848,0.021619680869482905,0.009412425243987943,False
temporal,zip_code,975xx,114,222,0.0008456722352452449,0.0007575318112176129,0.13157894736842105,0.16666666666666666,0.15595976380522833,0.23281818895300233,-0.024380816436807284,-0.06615152228633567,0.04177070584952838,False
temporal,zip_code,080xx,717,1443,0.005318833269042461,0.004923956772914484,0.18549511854951187,0.2806652806652807,0.15595976380522833,0.23281818895300233,0.029535354744283537,0.047847091712278356,0.01831173696799482,False
temporal,zip_code,228xx,63,104,0.0004673451826355301,0.0003548797674172601,0.20634920634920634,0.25961538461538464,0.15595976380522833,0.23281818895300233,0.05038944254397801,0.02679719566238231,0.023592246881595696,True
temporal,zip_code,297xx,120,330,0.0008901813002581526,0.0011260608004586138,0.125,0.18181818181818182,0.15595976380522833,0.23281818895300233,-0.03095976380522833,-0.0510000071348205,0.020040243329592172,False
temporal,zip_code,206xx,204,514,0.0015133082104388594,0.0017539250043506894,0.16176470588235295,0.24319066147859922,0.15595976380522833,0.23281818895300233,0.00580494207712462,0.010372472525596893,0.004567530448472273,False
temporal,zip_code,850xx,586,1384,0.004347052016260645,0.004722630751014307,0.15187713310580206,0.1958092485549133,0.15595976380522833,0.23281818895300233,-0.004082630699426271,-0.037008940398089024,0.032926309698662753,False
temporal,zip_code,136xx,110,205,0.0008159995252366399,0.0006995226184667146,0.20909090909090908,0.2146341463414634,0.15595976380522833,0.23281818895300233,0.05313114528568075,-0.018184042611538914,0.07131518789721966,False
temporal,zip_code,672xx,159,308,0.0011794902228420522,0.0010509900804280396,0.18867924528301888,0.21753246753246752,0.15595976380522833,0.23281818895300233,0.03271948147779055,-0.015285721420534804,0.048005202898325355,False
temporal,zip_code,152xx,332,626,0.002462834930714222,0.002136103215415431,0.1144578313253012,0.20447284345047922,0.15595976380522833,0.23281818895300233,-0.04150193247992713,-0.0283453455025231,0.01315658697740403,False
temporal,zip_code,993xx,145,263,0.0010756357378119343,0.0008974363349109559,0.1310344827586207,0.23193916349809887,0.15595976380522833,0.23281818895300233,-0.024925281046607628,-0.0008790254549034537,0.024046255591704174,False
temporal,zip_code,068xx,218,502,0.0016171626954689772,0.001712977338879467,0.14220183486238533,0.16533864541832669,0.15595976380522833,0.23281818895300233,-0.013757928942843,-0.06747954353467564,0.05372161459183264,False
temporal,zip_code,298xx,71,142,0.0005266906026527402,0.0004845473747427975,0.11267605633802817,0.22535211267605634,0.15595976380522833,0.23281818895300233,-0.04328370746720016,-0.007466076276945982,0.035817631190254176,True
temporal,zip_code,181xx,62,121,0.0004599270051333788,0.0004128889601681584,0.22580645161290322,0.2892561983471074,0.15595976380522833,0.23281818895300233,0.06984668780767489,0.05643800939410509,0.013408678413569797,True
temporal,zip_code,959xx,223,450,0.0016542535829797336,0.001535537455170837,0.15246636771300448,0.16666666666666666,0.15595976380522833,0.23281818895300233,-0.0034933960922238494,-0.06615152228633567,0.06265812619411182,False
temporal,zip_code,050xx,19,63,0.00014094537254087417,0.0002149752437239172,0.0,0.2222222222222222,0.15595976380522833,0.23281818895300233,-0.15595976380522833,-0.010595966730780115,0.14536379707444821,True
temporal,zip_code,295xx,170,421,0.0012610901753657162,0.0014365805969487164,0.18823529411764706,0.2209026128266033,0.15595976380522833,0.23281818895300233,0.032275530312418726,-0.011915576126399013,0.04419110643881774,False
temporal,zip_code,787xx,465,1048,0.003449452538500341,0.0035760961178200826,0.09247311827956989,0.17461832061068702,0.15595976380522833,0.23281818895300233,-0.06348664552565844,-0.0581998683423153,0.005286777183343139,False
temporal,zip_code,077xx,317,720,0.002351562268181953,0.0024568599282733393,0.17981072555205047,0.23194444444444445,0.15595976380522833,0.23281818895300233,0.023850961746822136,-0.0008737445085578721,0.024724706255380008,False
temporal,zip_code,291xx,75,224,0.0005563633126613453,0.0007643564221294834,0.13333333333333333,0.1875,0.15595976380522833,0.23281818895300233,-0.022626430471894998,-0.045318188953002325,0.022691758481107327,True
temporal,zip_code,126xx,36,85,0.0002670543900774458,0.0002900459637544915,0.2222222222222222,0.3058823529411765,0.15595976380522833,0.23281818895300233,0.06626245841699388,0.07306416398817417,0.006801705571180289,True
temporal,zip_code,716xx,48,99,0.00035607252010326105,0.00033781824013758417,0.125,0.35353535353535354,0.15595976380522833,0.23281818895300233,-0.03095976380522833,0.12071716458235121,0.15167692838757954,True
temporal,zip_code,089xx,51,107,0.00037832705260971484,0.0003651166837850657,0.21568627450980393,0.24299065420560748,0.15595976380522833,0.23281818895300233,0.0597265107045756,0.01017246525260515,0.04955404545197045,True
temporal,zip_code,982xx,409,787,0.00303403459837987,0.002685484393820997,0.15647921760391198,0.17026683608640406,0.15595976380522833,0.23281818895300233,0.00051945379868365,-0.06255135286659827,0.06307080666528192,False
temporal,zip_code,494xx,139,346,0.0010311266727990268,0.0011806576877535768,0.1079136690647482,0.2138728323699422,0.15595976380522833,0.23281818895300233,-0.04804609474048013,-0.018945356583060124,0.02910073815742001,False
temporal,zip_code,327xx,488,1163,0.0036200706210498205,0.00396851124525263,0.16188524590163936,0.22871883061049011,0.15595976380522833,0.23281818895300233,0.005925482096411028,-0.00409935834251221,0.010024840438923238,False
temporal,zip_code,191xx,415,942,0.0030785436633927778,0.0032143917394909525,0.17590361445783131,0.2484076433121019,0.15595976380522833,0.23281818895300233,0.019943850652602985,0.015589454359099586,0.004354396293503399,False
temporal,zip_code,958xx,563,1046,0.004176433933711166,0.003569271506908212,0.15985790408525755,0.2294455066921606,0.15595976380522833,0.23281818895300233,0.0038981402800292164,-0.003372682260841725,0.0072708225408709415,False
temporal,zip_code,560xx,98,196,0.0007269813952108246,0.0006688118693632979,0.21428571428571427,0.29591836734693877,0.15595976380522833,0.23281818895300233,0.058325950480485944,0.06310017839393645,0.004774227913450502,True
temporal,zip_code,326xx,136,245,0.001008872140292573,0.0008360148367041224,0.16176470588235295,0.2,0.15595976380522833,0.23281818895300233,0.00580494207712462,-0.032818188953002314,0.038623131030126934,False
temporal,zip_code,652xx,86,185,0.0006379632651850093,0.0006312765093480108,0.20930232558139536,0.22702702702702704,0.15595976380522833,0.23281818895300233,0.05334256177616703,-0.0057911619259752856,0.059133723702142316,True
temporal,zip_code,283xx,339,600,0.002514762173229281,0.0020473832735611163,0.19174041297935104,0.31,0.15595976380522833,0.23281818895300233,0.035780649174122714,0.07718181104699767,0.04140116187287496,False
temporal,zip_code,766xx,54,129,0.0004005815851161687,0.00044018740381564,0.1111111111111111,0.1937984496124031,0.15595976380522833,0.23281818895300233,-0.044848652694117225,-0.03901973934059921,0.0058289133535180115,True
temporal,zip_code,549xx,129,325,0.000956944897777514,0.0011089992731789379,0.14728682170542637,0.18769230769230769,0.15595976380522833,0.23281818895300233,-0.008672942099801961,-0.04512588126069464,0.03645293916089268,False
temporal,zip_code,104xx,923,2137,0.006846977834485624,0.007292096759333509,0.19609967497291442,0.32007487131492746,0.15595976380522833,0.23281818895300233,0.04013991116768609,0.08725668236192513,0.04711677119423904,False
temporal,zip_code,633xx,213,463,0.001580071807958221,0.0015798974260979946,0.16901408450704225,0.2203023758099352,0.15595976380522833,0.23281818895300233,0.01305432070181392,-0.012515813143067128,0.02557013384488105,False
temporal,zip_code,801xx,411,1020,0.003048870953384173,0.0034805515650538975,0.0851581508515815,0.1784313725490196,0.15595976380522833,0.23281818895300233,-0.07080161295364683,-0.05438681640398271,0.016414796549664115,False
temporal,zip_code,666xx,89,158,0.0006602177976914632,0.0005391442620377606,0.23595505617977527,0.21518987341772153,0.15595976380522833,0.23281818895300233,0.07999529237454694,-0.017628315535280797,0.09762360790982774,True
temporal,zip_code,902xx,629,1108,0.00466603364885315,0.0037808344451761944,0.16375198728139906,0.22382671480144403,0.15595976380522833,0.23281818895300233,0.007792223476170729,-0.008991474151558293,0.016783697627729022,False
temporal,zip_code,465xx,151,328,0.001120144802824842,0.0011192361895467436,0.16556291390728478,0.24695121951219512,0.15595976380522833,0.23281818895300233,0.009603150102056451,0.014133030559192794,0.004529880457136343,False
temporal,zip_code,231xx,183,362,0.0013575264828936827,0.0012352545750485401,0.20218579234972678,0.2569060773480663,0.15595976380522833,0.23281818895300233,0.04622602854449845,0.024087888395063983,0.022138140149434465,False
temporal,zip_code,166xx,59,120,0.000437672472626925,0.0004094766547122232,0.1694915254237288,0.25833333333333336,0.15595976380522833,0.23281818895300233,0.013531761618500476,0.025515144380331034,0.011983382761830558,True
temporal,zip_code,226xx,117,218,0.0008679267677516988,0.0007438825893938722,0.15384615384615385,0.21100917431192662,0.15595976380522833,0.23281818895300233,-0.002113609959074475,-0.021809014641075708,0.019695404682001233,False
temporal,zip_code,253xx,46,37,0.0003412361650989585,0.00012625530186960215,0.06521739130434782,0.24324324324324326,0.15595976380522833,0.23281818895300233,-0.0907423725008805,0.010425054290240932,0.10116742679112144,True
temporal,zip_code,085xx,154,328,0.0011423993353312958,0.0011192361895467436,0.15584415584415584,0.17378048780487804,0.15595976380522833,0.23281818895300233,-0.00011560796107248916,-0.05903770114812429,0.0589220931870518,False
temporal,zip_code,921xx,937,1659,0.006950832319515742,0.005661014751396486,0.13660618996798293,0.25678119349005424,0.15595976380522833,0.23281818895300233,-0.019353573837245397,0.023963004537051913,0.04331657837429731,False
temporal,zip_code,210xx,402,848,0.002982107355864811,0.002893635026633044,0.14676616915422885,0.2606132075471698,0.15595976380522833,0.23281818895300233,-0.009193594650999476,0.027795018594167498,0.036988613245166974,False
temporal,zip_code,658xx,61,166,0.00045250882763122756,0.0005664427056852421,0.19672131147540983,0.25903614457831325,0.15595976380522833,0.23281818895300233,0.0407615476701815,0.02621795562531093,0.014543592044870574,True
temporal,zip_code,986xx,280,528,0.002077089700602356,0.0018016972807337822,0.12142857142857143,0.16287878787878787,0.15595976380522833,0.23281818895300233,-0.0345311923766569,-0.06993940107421445,0.03540820869755755,False
temporal,zip_code,479xx,101,214,0.0007492359277172784,0.0007302333675701314,0.2079207920792079,0.24766355140186916,0.15595976380522833,0.23281818895300233,0.05196102827397958,0.014845362448866833,0.03711566582511275,False
temporal,zip_code,984xx,203,331,0.001505890032936708,0.001129473105914549,0.17733990147783252,0.22658610271903323,0.15595976380522833,0.23281818895300233,0.021380137672604188,-0.006232086233969092,0.02761222390657328,False
temporal,zip_code,554xx,494,1093,0.003664579686062728,0.0037296498633371663,0.13562753036437247,0.22964318389752975,0.15595976380522833,0.23281818895300233,-0.020332233440855857,-0.0031750050554725795,0.017157228385383277,False
temporal,zip_code,145xx,138,349,0.0010237084952968755,0.0011908946041213825,0.13768115942028986,0.24068767908309455,0.15595976380522833,0.23281818895300233,-0.018278604384938474,0.007869490130092222,0.026148094515030695,False
temporal,zip_code,115xx,350,874,0.002596362125752945,0.0029823549684873593,0.16,0.2768878718535469,0.15595976380522833,0.23281818895300233,0.004040236194771674,0.04406968290054458,0.04002944670577291,False
temporal,zip_code,286xx,194,408,0.0014391264354173467,0.001392220626021559,0.1958762886597938,0.23774509803921567,0.15595976380522833,0.23281818895300233,0.03991652485456548,0.004926909086213349,0.034989615768352134,False
temporal,zip_code,280xx,317,686,0.002351562268181953,0.0023408415427715427,0.15772870662460567,0.20845481049562684,0.15595976380522833,0.23281818895300233,0.0017689428193773393,-0.02436337845737549,0.02613232127675283,False
temporal,zip_code,950xx,455,831,0.0033752707634788284,0.0028356258338821457,0.15604395604395604,0.19975932611311673,0.15595976380522833,0.23281818895300233,8.419223872771497e-05,-0.0330588628398856,0.033143055078613315,False
temporal,zip_code,637xx,40,85,0.0002967271000860509,0.0002900459637544915,0.2,0.3058823529411765,0.15595976380522833,0.23281818895300233,0.04404023619477168,0.07306416398817417,0.029023927793402488,True
temporal,zip_code,934xx,217,455,0.0016097445179668259,0.001552598982450513,0.1152073732718894,0.24615384615384617,0.15595976380522833,0.23281818895300233,-0.04075239053333893,0.013335657200843842,0.05408804773418277,False
temporal,zip_code,606xx,1300,2590,0.009643630752796653,0.00883787113087215,0.11384615384615385,0.21312741312741312,0.15595976380522833,0.23281818895300233,-0.04211360995907448,-0.019690775825589202,0.02242283413348528,False
temporal,zip_code,729xx,69,140,0.0005118542476484377,0.0004777227638309271,0.18840579710144928,0.3,0.15595976380522833,0.23281818895300233,0.03244603329622095,0.06718181104699766,0.034735777750776714,True
temporal,zip_code,601xx,691,1460,0.005125960653986529,0.004981965965665382,0.17655571635311143,0.24178082191780823,0.15595976380522833,0.23281818895300233,0.0205959525478831,0.0089626329648059,0.0116333195830772,False
temporal,zip_code,078xx,216,457,0.0016023263404646747,0.0015594235933623834,0.1712962962962963,0.24070021881838075,0.15595976380522833,0.23281818895300233,0.015336532491067978,0.00788202986537842,0.0074545026256895575,False
temporal,zip_code,462xx,345,783,0.0025592712382421887,0.0026718351719972563,0.2,0.227330779054917,0.15595976380522833,0.23281818895300233,0.04404023619477168,-0.005487409898085327,0.04952764609285701,False
temporal,zip_code,946xx,269,448,0.001995489748078692,0.0015287128442589668,0.11895910780669144,0.19196428571428573,0.15595976380522833,0.23281818895300233,-0.037000655998536885,-0.0408539032387166,0.0038532472401797135,False
temporal,zip_code,460xx,238,567,0.0017655262455120026,0.0019347771935152548,0.15126050420168066,0.2257495590828924,0.15595976380522833,0.23281818895300233,-0.0046992596035476675,-0.0070686298701099215,0.002369370266562254,False
temporal,zip_code,730xx,243,553,0.0018026171330227589,0.001887004917132162,0.17695473251028807,0.2423146473779385,0.15595976380522833,0.23281818895300233,0.020994968705059736,0.009496458424936183,0.011498510280123553,False
temporal,zip_code,171xx,67,128,0.0004970178926441351,0.00043677509835970474,0.23880597014925373,0.2890625,0.15595976380522833,0.23281818895300233,0.0828462063440254,0.056244311046997675,0.026601895297027722,True
temporal,zip_code,349xx,205,561,0.0015207263879410107,0.0019143033607796436,0.2097560975609756,0.2103386809269162,0.15595976380522833,0.23281818895300233,0.05379633375574727,-0.022479508026086115,0.07627584178183339,False
temporal,zip_code,217xx,281,594,0.0020845078781045073,0.002026909440825505,0.19572953736654805,0.24579124579124578,0.15595976380522833,0.23281818895300233,0.03976977356131972,0.012973056838243457,0.026796716723076264,False
temporal,zip_code,141xx,110,229,0.0008159995252366399,0.0007814179494091593,0.20909090909090908,0.22707423580786026,0.15595976380522833,0.23281818895300233,0.05313114528568075,-0.005743953145142061,0.05887509843082281,False
temporal,zip_code,727xx,184,465,0.001364944660395834,0.001586722037009865,0.16304347826086957,0.23010752688172043,0.15595976380522833,0.23281818895300233,0.007083714455641238,-0.0027106620712818996,0.009794376526923138,False
temporal,zip_code,245xx,132,289,0.0009791994302839678,0.0009861562767652708,0.15151515151515152,0.27335640138408307,0.15595976380522833,0.23281818895300233,-0.00444461229007681,0.040538212431080745,0.044982824721157555,False
temporal,zip_code,285xx,196,334,0.0014539627904216492,0.0011397100222823547,0.1989795918367347,0.24550898203592814,0.15595976380522833,0.23281818895300233,0.04301982803150636,0.012690793082925811,0.030329034948580552,False
temporal,zip_code,137xx,48,115,0.00035607252010326105,0.0003924151274325473,0.1875,0.20869565217391303,0.15595976380522833,0.23281818895300233,0.03154023619477167,-0.024122536779089293,0.05566277297386096,True
temporal,zip_code,013xx,37,76,0.00027447256757959703,0.0002593352146510747,0.2702702702702703,0.2631578947368421,0.15595976380522833,0.23281818895300233,0.11431050646504196,0.030339705783839765,0.08397080068120219,True
temporal,zip_code,088xx,582,1078,0.00431737930625204,0.0036784652814981387,0.14261168384879724,0.22727272727272727,0.15595976380522833,0.23281818895300233,-0.013348079956431086,-0.00554546168027506,0.007802618276156026,False
temporal,zip_code,175xx,100,202,0.0007418177502151272,0.000689285702098909,0.15,0.21287128712871287,0.15595976380522833,0.23281818895300233,-0.005959763805228335,-0.01994690182428946,0.013987138019061124,False
temporal,zip_code,325xx,267,612,0.0019806533930743896,0.0020883309390323382,0.1647940074906367,0.2434640522875817,0.15595976380522833,0.23281818895300233,0.00883424368540836,0.01064586333457937,0.001811619649171009,False
temporal,zip_code,761xx,373,988,0.0027669802083024244,0.0033713577904639714,0.18230563002680966,0.23684210526315788,0.15595976380522833,0.23281818895300233,0.026345866221581332,0.004023916310155556,0.022321949911425776,False
temporal,zip_code,072xx,78,202,0.0005786178451677992,0.000689285702098909,0.20512820512820512,0.2524752475247525,0.15595976380522833,0.23281818895300233,0.04916844132297679,0.019657058571750152,0.02951138275122664,True
temporal,zip_code,440xx,314,791,0.0023293077356754993,0.002699133615644738,0.18789808917197454,0.21491782553729458,0.15595976380522833,0.23281818895300233,0.031938325366746206,-0.01790036341570775,0.049838688782453955,False
temporal,zip_code,436xx,117,230,0.0008679267677516988,0.0007848302548650946,0.2222222222222222,0.24782608695652175,0.15595976380522833,0.23281818895300233,0.06626245841699388,0.015007898003519426,0.051254560413474454,False
temporal,zip_code,922xx,411,832,0.003048870953384173,0.002839038139338081,0.1411192214111922,0.2776442307692308,0.15595976380522833,0.23281818895300233,-0.014840542394036121,0.04482604181622846,0.05966658421026458,False
temporal,zip_code,864xx,98,235,0.0007269813952108246,0.0008018917821447705,0.19387755102040816,0.2851063829787234,0.15595976380522833,0.23281818895300233,0.03791778721517983,0.0522881940257211,0.014370406810541275,True
temporal,zip_code,882xx,71,157,0.0005266906026527402,0.0005357319565818254,0.14084507042253522,0.29936305732484075,0.15595976380522833,0.23281818895300233,-0.015114693382693112,0.06654486837183843,0.08165956175453154,True
temporal,zip_code,547xx,64,165,0.00047476336013768135,0.0005630304002293069,0.1875,0.19393939393939394,0.15595976380522833,0.23281818895300233,0.03154023619477167,-0.038878795013608386,0.07041903120838006,True
temporal,zip_code,196xx,89,162,0.0006602177976914632,0.0005527934838615013,0.2247191011235955,0.2345679012345679,0.15595976380522833,0.23281818895300233,0.06875933731836717,0.001749712281565563,0.0670096250368016,True
temporal,zip_code,329xx,280,672,0.002077089700602356,0.00229306926638845,0.15357142857142858,0.22767857142857142,0.15595976380522833,0.23281818895300233,-0.0023883352337997488,-0.005139617524430901,0.002751282290631152,False
temporal,zip_code,347xx,274,923,0.0020325806355894482,0.0031495579358281835,0.19343065693430658,0.2535211267605634,0.15595976380522833,0.23281818895300233,0.03747089312907825,0.02070293780756105,0.016767955321517203,False
temporal,zip_code,484xx,137,363,0.0010162903177947241,0.0012386668805044751,0.15328467153284672,0.24242424242424243,0.15595976380522833,0.23281818895300233,-0.0026750922723816073,0.009606053471240106,0.012281145743621713,False
temporal,zip_code,402xx,238,556,0.0017655262455120026,0.0018972418334999676,0.18487394957983194,0.2392086330935252,0.15595976380522833,0.23281818895300233,0.028914185774603612,0.006390444140522866,0.022523741634080746,False
temporal,zip_code,372xx,174,383,0.0012907628853743212,0.0013069129896231791,0.1839080459770115,0.1906005221932115,0.15595976380522833,0.23281818895300233,0.027948282171783162,-0.04221766675979083,0.07016594893157399,False
temporal,zip_code,157xx,27,43,0.00020029079255808434,0.00014672913460521333,0.18518518518518517,0.32558139534883723,0.15595976380522833,0.23281818895300233,0.029225421379956845,0.09276320639583491,0.06353778501587806,True
temporal,zip_code,489xx,63,136,0.0004673451826355301,0.0004640735420071863,0.1111111111111111,0.22794117647058823,0.15595976380522833,0.23281818895300233,-0.044848652694117225,-0.004877012482414095,0.03997164021170313,True
temporal,zip_code,025xx,64,150,0.00047476336013768135,0.0005118458183902791,0.140625,0.23333333333333334,0.15595976380522833,0.23281818895300233,-0.01533476380522833,0.0005151443803310118,0.01584990818555934,True
temporal,zip_code,786xx,480,1129,0.0035607252010326105,0.0038524928597508334,0.14583333333333334,0.23472099202834368,0.15595976380522833,0.23281818895300233,-0.010126430471894987,0.0019028030753413527,0.01202923354723634,False
temporal,zip_code,530xx,211,464,0.0015652354529539182,0.0015833097315539298,0.12322274881516587,0.17672413793103448,0.15595976380522833,0.23281818895300233,-0.03273701499006246,-0.05609405102196785,0.023357036031905393,False
temporal,zip_code,229xx,116,227,0.0008605085902495475,0.000774593338497289,0.12931034482758622,0.21145374449339208,0.15595976380522833,0.23281818895300233,-0.026649418977642114,-0.02136444445961025,0.005284974518031865,False
temporal,zip_code,707xx,147,327,0.001090472092816237,0.0011158238840908083,0.17687074829931973,0.28440366972477066,0.15595976380522833,0.23281818895300233,0.0209109844940914,0.05158548077176833,0.030674496277676933,False
temporal,zip_code,208xx,355,683,0.0026334530132637013,0.002330604626403737,0.10704225352112676,0.22108345534407028,0.15595976380522833,0.23281818895300233,-0.04891751028410157,-0.011734733608932041,0.03718277667516953,False
temporal,zip_code,146xx,187,468,0.0013871991929022877,0.0015969589533776705,0.13368983957219252,0.23076923076923078,0.15595976380522833,0.23281818895300233,-0.02226992423303581,-0.002048958183771543,0.020220966049264266,False
temporal,zip_code,014xx,79,220,0.0005860360226699504,0.0007507072003057426,0.16455696202531644,0.25,0.15595976380522833,0.23281818895300233,0.008597198220088115,0.017181811046997675,0.00858461282690956,True
temporal,zip_code,139xx,22,63,0.00016319990504732798,0.0002149752437239172,0.2727272727272727,0.2698412698412698,0.15595976380522833,0.23281818895300233,0.11676750892204438,0.0370230808882675,0.07974442803377688,True
temporal,zip_code,363xx,92,160,0.000682472330197917,0.000545968872949631,0.25,0.29375,0.15595976380522833,0.23281818895300233,0.09404023619477167,0.060931811046997686,0.033108425147773984,True
temporal,zip_code,339xx,296,811,0.0021957805406367763,0.002767379724763442,0.15878378378378377,0.23304562268803947,0.15595976380522833,0.23281818895300233,0.002824019978555442,0.00022743373503714137,0.0025965862435183007,False
temporal,zip_code,330xx,943,2278,0.006995341384528649,0.0077732318286203705,0.16224814422057265,0.27699736611062337,0.15595976380522833,0.23281818895300233,0.006288380415344325,0.04417917715762104,0.03789079674227672,False
temporal,zip_code,051xx,9,29,6.676359751936145e-05,9.895685822212061e-05,0.0,0.3103448275862069,0.15595976380522833,0.23281818895300233,-0.15595976380522833,0.07752663863320458,0.2334864024384329,True
temporal,zip_code,284xx,136,401,0.001008872140292573,0.0013683344878300126,0.18382352941176472,0.24189526184538654,0.15595976380522833,0.23281818895300233,0.02786376560653639,0.009077072892384214,0.018786692714152176,False
temporal,zip_code,919xx,377,725,0.0027966529183110294,0.0024739214555530155,0.17506631299734748,0.24413793103448275,0.15595976380522833,0.23281818895300233,0.019106549192119154,0.011319742081480427,0.007786807110638727,False
temporal,zip_code,957xx,294,559,0.002180944185632474,0.0019074787498677731,0.16326530612244897,0.2075134168157424,0.15595976380522833,0.23281818895300233,0.007305542317220637,-0.02530477213725993,0.032610314454480566,False
temporal,zip_code,344xx,141,392,0.0010459630278033293,0.0013376237387265958,0.22695035460992907,0.29081632653061223,0.15595976380522833,0.23281818895300233,0.07099059080470074,0.05799813757760991,0.012992453227090833,False
temporal,zip_code,891xx,1016,2352,0.007536868342185692,0.008025742432359576,0.2017716535433071,0.2648809523809524,0.15595976380522833,0.23281818895300233,0.04581188973807876,0.03206276342795006,0.013749126310128701,False
temporal,zip_code,073xx,226,349,0.0016765081154861874,0.0011908946041213825,0.20353982300884957,0.2349570200573066,0.15595976380522833,0.23281818895300233,0.04758005920362124,0.0021388311043042674,0.04544122809931697,False
temporal,zip_code,880xx,86,184,0.0006379632651850093,0.0006278642038920756,0.1511627906976744,0.21195652173913043,0.15595976380522833,0.23281818895300233,-0.00479697310755392,-0.020861667213871893,0.016064694106317973,True
temporal,zip_code,968xx,249,395,0.0018471261980356666,0.0013478606550944015,0.17670682730923695,0.22531645569620254,0.15595976380522833,0.23281818895300233,0.020747063504008623,-0.007501733256799786,0.02824879676080841,False
temporal,zip_code,907xx,411,748,0.003048870953384173,0.002552404481039525,0.15328467153284672,0.2339572192513369,0.15595976380522833,0.23281818895300233,-0.0026750922723816073,0.0011390302983345646,0.003814122570716172,False
temporal,zip_code,667xx,67,78,0.0004970178926441351,0.00026615982556294507,0.08955223880597014,0.1794871794871795,0.15595976380522833,0.23281818895300233,-0.06640752499925819,-0.05333100946582284,0.013076515533435348,True
temporal,zip_code,591xx,59,147,0.000437672472626925,0.0005016089020224735,0.15254237288135594,0.22448979591836735,0.15595976380522833,0.23281818895300233,-0.0034173909238723876,-0.008328393034634979,0.004911002110762591,True
temporal,zip_code,916xx,170,301,0.0012610901753657162,0.0010271039422364932,0.21764705882352942,0.2823920265780731,0.15595976380522833,0.23281818895300233,0.061687295018301086,0.04957383762507078,0.012113457393230304,False
temporal,zip_code,431xx,215,475,0.0015949081629625234,0.001620845091569217,0.14418604651162792,0.2505263157894737,0.15595976380522833,0.23281818895300233,-0.01177371729360041,0.017708126836471383,0.029481844130071794,False
temporal,zip_code,290xx,165,354,0.0012239992878549598,0.0012079561314010585,0.08484848484848485,0.211864406779661,0.15595976380522833,0.23281818895300233,-0.07111127895674348,-0.020953782173341318,0.05015749678340216,False
temporal,zip_code,925xx,774,1792,0.005741669386665084,0.006114851377035867,0.13695090439276486,0.23604910714285715,0.15595976380522833,0.23281818895300233,-0.01900885941246347,0.0032309181898548256,0.022239777602318295,False
temporal,zip_code,793xx,53,100,0.0003931634076140174,0.00034123054559351935,0.09433962264150944,0.26,0.15595976380522833,0.23281818895300233,-0.06162014116371889,0.027181811046997684,0.08880195221071657,True
temporal,zip_code,352xx,190,390,0.0014094537254087415,0.0013307991278147255,0.14210526315789473,0.2743589743589744,0.15595976380522833,0.23281818895300233,-0.013854500647333595,0.04154078540597206,0.055395286053305653,False
temporal,zip_code,960xx,113,260,0.0008382540577430937,0.0008871994185431503,0.20353982300884957,0.25384615384615383,0.15595976380522833,0.23281818895300233,0.04758005920362124,0.021027964893151507,0.02655209431046973,False
temporal,zip_code,600xx,624,1335,0.004628942761342393,0.004555427783673484,0.15384615384615385,0.2157303370786517,0.15595976380522833,0.23281818895300233,-0.002113609959074475,-0.017087851874350635,0.01497424191527616,False
temporal,zip_code,765xx,223,511,0.0016542535829797336,0.001743688087982884,0.20179372197309417,0.2876712328767123,0.15595976380522833,0.23281818895300233,0.04583395816786584,0.05485304392370999,0.009019085755844147,False
temporal,zip_code,754xx,141,298,0.0010459630278033293,0.0010168670258686877,0.1702127659574468,0.24496644295302014,0.15595976380522833,0.23281818895300233,0.014253002152218475,0.012148254000017816,0.0021047481522006584,False
temporal,zip_code,449xx,41,89,0.0003041452775882021,0.00030369518557823224,0.12195121951219512,0.24719101123595505,0.15595976380522833,0.23281818895300233,-0.03400854429303321,0.014372822282952724,0.048381366575985935,True
temporal,zip_code,463xx,313,696,0.002321889558173348,0.0023749645973308946,0.16613418530351437,0.2413793103448276,0.15595976380522833,0.23281818895300233,0.01017442149828604,0.008561121391825272,0.0016133001064607688,False
temporal,zip_code,308xx,103,191,0.0007640722827215809,0.0006517503420836219,0.1553398058252427,0.24607329842931938,0.15595976380522833,0.23281818895300233,-0.0006199579799856247,0.013255109476317056,0.013875067456302681,False
temporal,zip_code,940xx,579,987,0.004295124773745586,0.003367945485008036,0.12953367875647667,0.20972644376899696,0.15595976380522833,0.23281818895300233,-0.026426085048751657,-0.023091745184005363,0.003334339864746294,False
temporal,zip_code,983xx,345,721,0.0025592712382421887,0.0024602722337292745,0.13333333333333333,0.17753120665742025,0.15595976380522833,0.23281818895300233,-0.022626430471894998,-0.05528698229558207,0.03266055182368707,False
temporal,zip_code,015xx,208,451,0.0015429809204474646,0.0015389497606267722,0.16346153846153846,0.23725055432372505,0.15595976380522833,0.23281818895300233,0.007501774656310134,0.004432365370722724,0.00306940928558741,False
temporal,zip_code,617xx,86,173,0.0006379632651850093,0.0005903288438767884,0.09302325581395349,0.15606936416184972,0.15595976380522833,0.23281818895300233,-0.06293650799127484,-0.07674882479115261,0.013812316799877766,True
temporal,zip_code,453xx,154,367,0.0011423993353312958,0.001252316102328216,0.15584415584415584,0.28610354223433243,0.15595976380522833,0.23281818895300233,-0.00011560796107248916,0.053285353281330106,0.053400961242402595,False
temporal,zip_code,796xx,36,98,0.0002670543900774458,0.00033440593468164894,0.1111111111111111,0.25510204081632654,0.15595976380522833,0.23281818895300233,-0.044848652694117225,0.02228385186332421,0.06713250455744144,True
temporal,zip_code,844xx,71,134,0.0005266906026527402,0.0004572489310953159,0.09859154929577464,0.21641791044776118,0.15595976380522833,0.23281818895300233,-0.05736821450945369,-0.016400278505241145,0.04096793600421254,True
temporal,zip_code,305xx,250,631,0.001854544375537818,0.002153164742695107,0.128,0.21711568938193343,0.15595976380522833,0.23281818895300233,-0.027959763805228327,-0.015702499571068895,0.012257264234159432,False
temporal,zip_code,238xx,169,293,0.0012536719978635648,0.0009998054985890118,0.1893491124260355,0.2832764505119454,0.15595976380522833,0.23281818895300233,0.03338934862080717,0.05045826155894306,0.017068912938135894,False
temporal,zip_code,447xx,74,147,0.0005489451351591941,0.0005016089020224735,0.21621621621621623,0.30612244897959184,0.15595976380522833,0.23281818895300233,0.0602564524109879,0.07330426002658952,0.01304780761560162,True
temporal,zip_code,660xx,255,496,0.0018916352630485743,0.001692503506143856,0.12549019607843137,0.17338709677419356,0.15595976380522833,0.23281818895300233,-0.03046956772679696,-0.059431092178808764,0.028961524452011805,False
temporal,zip_code,018xx,339,782,0.002514762173229281,0.0026684228665413215,0.17404129793510326,0.22634271099744246,0.15595976380522833,0.23281818895300233,0.018081534129874927,-0.006475477955559861,0.024557012085434787,False
temporal,zip_code,571xx,75,172,0.0005563633126613453,0.0005869165384208533,0.2,0.21511627906976744,0.15595976380522833,0.23281818895300233,0.04404023619477168,-0.01770190988323489,0.06174214607800657,True
temporal,zip_code,646xx,16,38,0.00011869084003442034,0.00012966760732553736,0.1875,0.21052631578947367,0.15595976380522833,0.23281818895300233,0.03154023619477167,-0.022291873163528653,0.05383210935830032,True
temporal,zip_code,535xx,182,372,0.0013501083053915313,0.001269377629607892,0.10989010989010989,0.1532258064516129,0.15595976380522833,0.23281818895300233,-0.04606965391511844,-0.07959238250138942,0.03352272858627098,False
temporal,zip_code,478xx,47,114,0.00034865434260110975,0.00038900282197661205,0.1276595744680851,0.18421052631578946,0.15595976380522833,0.23281818895300233,-0.028300189337143233,-0.04860766263721286,0.02030747330006963,True
temporal,zip_code,138xx,40,92,0.0002967271000860509,0.0003139321019460378,0.15,0.2717391304347826,0.15595976380522833,0.23281818895300233,-0.005959763805228335,0.03892094148178027,0.044880705287008604,True
temporal,zip_code,087xx,204,477,0.0015133082104388594,0.0016276697024810874,0.20588235294117646,0.24528301886792453,0.15595976380522833,0.23281818895300233,0.04992258913594813,0.012464829914922204,0.03745775922102593,False
temporal,zip_code,024xx,150,232,0.0011127266253226906,0.0007916548657769649,0.11333333333333333,0.15517241379310345,0.15595976380522833,0.23281818895300233,-0.042626430471895,-0.07764577515989887,0.03501934468800387,False
temporal,zip_code,398xx,24,50,0.00017803626005163053,0.00017061527279675967,0.125,0.22,0.15595976380522833,0.23281818895300233,-0.03095976380522833,-0.012818188953002324,0.018141574852226006,True
temporal,zip_code,995xx,199,315,0.001476217322928103,0.001074876218619586,0.12060301507537688,0.2253968253968254,0.15595976380522833,0.23281818895300233,-0.03535674872985145,-0.007421363556176924,0.027935385173674526,False
temporal,zip_code,234xx,259,549,0.0019213079730571792,0.0018733556953084212,0.21621621621621623,0.2641165755919854,0.15595976380522833,0.23281818895300233,0.0602564524109879,0.0312983866389831,0.0289580657720048,False
temporal,zip_code,458xx,91,260,0.0006750541526957657,0.0008871994185431503,0.15384615384615385,0.23076923076923078,0.15595976380522833,0.23281818895300233,-0.002113609959074475,-0.002048958183771543,6.465177530293187e-05,True
temporal,zip_code,452xx,351,632,0.0026037803032550964,0.0021565770481510424,0.1794871794871795,0.23575949367088608,0.15595976380522833,0.23281818895300233,0.023527415681951158,0.002941304717883758,0.0205861109640674,False
temporal,zip_code,162xx,46,55,0.0003412361650989585,0.00018767680007643564,0.08695652173913043,0.2727272727272727,0.15595976380522833,0.23281818895300233,-0.0690032420660979,0.03990908377427038,0.10891232584036828,True
temporal,zip_code,435xx,108,275,0.0008011631702323374,0.0009383840003821782,0.16666666666666666,0.18545454545454546,0.15595976380522833,0.23281818895300233,0.010706902861438328,-0.04736364349845687,0.0580705463598952,False
temporal,zip_code,450xx,242,556,0.0017951989555206078,0.0018972418334999676,0.1487603305785124,0.21942446043165467,0.15595976380522833,0.23281818895300233,-0.007199433226715929,-0.013393728521347653,0.006194295294631724,False
temporal,zip_code,466xx,43,117,0.00031898163259250467,0.00039923973834441763,0.06976744186046512,0.28205128205128205,0.15595976380522833,0.23281818895300233,-0.08619232194476321,0.04923309309827972,0.13542541504304295,True
temporal,zip_code,860xx,83,129,0.0006157087326785555,0.00044018740381564,0.21686746987951808,0.24806201550387597,0.15595976380522833,0.23281818895300233,0.06090770607428975,0.01524382655087364,0.04566387952341611,True
temporal,zip_code,338xx,249,681,0.0018471261980356666,0.0023237800154918666,0.20883534136546184,0.23348017621145375,0.15595976380522833,0.23281818895300233,0.052875577560233505,0.0006619872584514297,0.052213590301782076,False
temporal,zip_code,977xx,104,190,0.0007714904602237323,0.0006483380366276868,0.16346153846153846,0.15789473684210525,0.15595976380522833,0.23281818895300233,0.007501774656310134,-0.07492345211089707,0.0824252267672072,False
temporal,zip_code,471xx,95,233,0.0007047268627043708,0.0007950671712329,0.1368421052631579,0.1888412017167382,0.15595976380522833,0.23281818895300233,-0.019117658542070426,-0.043976987236264115,0.02485932869419369,True
temporal,zip_code,376xx,104,256,0.0007714904602237323,0.0008735501967194095,0.21153846153846154,0.28515625,0.15595976380522833,0.23281818895300233,0.05557869773323321,0.052338061046997675,0.003240636686235532,False
temporal,zip_code,616xx,60,110,0.0004450906501290763,0.0003753536001528713,0.15,0.2727272727272727,0.15595976380522833,0.23281818895300233,-0.005959763805228335,0.03990908377427038,0.04586884757949872,True
temporal,zip_code,378xx,131,373,0.0009717812527818165,0.0012727899350638272,0.20610687022900764,0.30294906166219837,0.15595976380522833,0.23281818895300233,0.050147106423779314,0.07013087270919605,0.019983766285416732,False
temporal,zip_code,114xx,527,1208,0.00390937954363372,0.004122064990769714,0.17647058823529413,0.277317880794702,0.15595976380522833,0.23281818895300233,0.0205108244300658,0.04449969184169966,0.023988867411633863,False
temporal,zip_code,287xx,167,377,0.0012388356428592623,0.001286439156887568,0.1497005988023952,0.259946949602122,0.15595976380522833,0.23281818895300233,-0.006259165002833134,0.027128760649119676,0.03338792565195281,False
temporal,zip_code,032xx,79,179,0.0005860360226699504,0.0006108026766123996,0.10126582278481013,0.15083798882681565,0.15595976380522833,0.23281818895300233,-0.054693941020418205,-0.08198020012618668,0.02728625910576847,True
temporal,zip_code,289xx,5,21,3.709088751075636e-05,7.165841457463906e-05,0.2,0.47619047619047616,0.15595976380522833,0.23281818895300233,0.04404023619477168,0.24337228723747384,0.19933205104270216,True
temporal,zip_code,930xx,407,712,0.0030191982433755674,0.002429561484625858,0.14004914004914004,0.24859550561797752,0.15595976380522833,0.23281818895300233,-0.015910623756088288,0.0157773166649752,0.03168794042106349,False
temporal,zip_code,147xx,61,123,0.00045250882763122756,0.0004197135710800288,0.2786885245901639,0.21951219512195122,0.15595976380522833,0.23281818895300233,0.12272876078493558,-0.013305993831051105,0.13603475461598669,True
temporal,zip_code,019xx,207,482,0.0015355627429453132,0.0016447312297607633,0.13526570048309178,0.2033195020746888,0.15595976380522833,0.23281818895300233,-0.020694063322136552,-0.02949868687831353,0.008804623556176977,False
temporal,zip_code,207xx,562,1328,0.0041690157562090146,0.004531541645481937,0.18327402135231316,0.2703313253012048,0.15595976380522833,0.23281818895300233,0.02731425754708483,0.03751313634820247,0.010198878801117639,False
temporal,zip_code,769xx,43,91,0.00031898163259250467,0.0003105197964901026,0.09302325581395349,0.27472527472527475,0.15595976380522833,0.23281818895300233,-0.06293650799127484,0.04190708577227242,0.10484359376354727,True
temporal,zip_code,551xx,344,753,0.0025518530607400373,0.0025694660083192006,0.14244186046511628,0.23904382470119523,0.15595976380522833,0.23281818895300233,-0.013517903340112047,0.006225635748192904,0.01974353908830495,False
temporal,zip_code,948xx,86,198,0.0006379632651850093,0.0006756364802751683,0.18604651162790697,0.26262626262626265,0.15595976380522833,0.23281818895300233,0.030086747822678644,0.029808073673260327,0.0002786741494183176,True
temporal,zip_code,131xx,98,164,0.0007269813952108246,0.0005596180947733718,0.1326530612244898,0.22560975609756098,0.15595976380522833,0.23281818895300233,-0.023306702580738525,-0.0072084328554413435,0.016098269725297182,True
temporal,zip_code,184xx,76,181,0.0005637814901634967,0.0006176272875242701,0.17105263157894737,0.23204419889502761,0.15595976380522833,0.23281818895300233,0.015092867773719043,-0.0007739900579747105,0.015866857831693754,True
temporal,zip_code,067xx,189,389,0.0014020355479065904,0.0013273868223587903,0.14814814814814814,0.20051413881748073,0.15595976380522833,0.23281818895300233,-0.00781161565708019,-0.032304050135521595,0.024492434478441405,False
temporal,zip_code,726xx,38,75,0.00028189074508174833,0.00025592290919513954,0.18421052631578946,0.26666666666666666,0.15595976380522833,0.23281818895300233,0.028250762510561134,0.03384847771366434,0.005597715203103204,True
temporal,zip_code,120xx,205,390,0.0015207263879410107,0.0013307991278147255,0.16097560975609757,0.26153846153846155,0.15595976380522833,0.23281818895300233,0.0050158459508692355,0.028720272585459228,0.023704426634589992,False
temporal,zip_code,148xx,97,206,0.0007195632177086733,0.0007029349239226499,0.14432989690721648,0.22815533980582525,0.15595976380522833,0.23281818895300233,-0.011629866898011848,-0.004662849147177073,0.006967017750834775,True
temporal,zip_code,485xx,39,85,0.0002893089225838996,0.0002900459637544915,0.23076923076923078,0.3058823529411765,0.15595976380522833,0.23281818895300233,0.07480946696400245,0.07306416398817417,0.0017453029758282834,True
temporal,zip_code,071xx,156,395,0.0011572356903355983,0.0013478606550944015,0.21794871794871795,0.2582278481012658,0.15595976380522833,0.23281818895300233,0.06198895414348962,0.025409659148263486,0.036579294995226136,False
temporal,zip_code,105xx,362,695,0.0026853802557787604,0.0023715522918749594,0.20441988950276244,0.24316546762589927,0.15595976380522833,0.23281818895300233,0.04846012569753411,0.010347278672896948,0.03811284702463716,False
temporal,zip_code,442xx,258,560,0.001913889795555028,0.0019108910553237084,0.20155038759689922,0.20892857142857144,0.15595976380522833,0.23281818895300233,0.04559062379167089,-0.02388961752443089,0.06948024131610178,False
temporal,zip_code,943xx,41,59,0.0003041452775882021,0.0002013260219001764,0.0975609756097561,0.13559322033898305,0.15595976380522833,0.23281818895300233,-0.05839878819547223,-0.09722496861401927,0.038826180418547046,True
temporal,zip_code,970xx,452,742,0.003353016230972375,0.0025319306483039135,0.13716814159292035,0.1725067385444744,0.15595976380522833,0.23281818895300233,-0.018791622212307985,-0.06031145040852792,0.04151982819621994,False
temporal,zip_code,941xx,685,999,0.005081451588973621,0.0034088931504792585,0.10510948905109489,0.16116116116116116,0.15595976380522833,0.23281818895300233,-0.05085027475413344,-0.07165702779184116,0.020806753037707723,False
temporal,zip_code,271xx,95,184,0.0007047268627043708,0.0006278642038920756,0.12631578947368421,0.2391304347826087,0.15595976380522833,0.23281818895300233,-0.029643974331544115,0.006312245829606378,0.03595622016115049,True
temporal,zip_code,189xx,146,249,0.0010830539153140856,0.0008496640585278632,0.1232876712328767,0.22088353413654618,0.15595976380522833,0.23281818895300233,-0.032672092572351624,-0.011934654816456142,0.020737437755895483,False
temporal,zip_code,371xx,226,630,0.0016765081154861874,0.002149752437239172,0.16371681415929204,0.2,0.15595976380522833,0.23281818895300233,0.00775705035406371,-0.032818188953002314,0.040575239307066024,False
temporal,zip_code,648xx,72,138,0.0005341087801548916,0.0004708981529190567,0.1388888888888889,0.2028985507246377,0.15595976380522833,0.23281818895300233,-0.017070874916339435,-0.02991963822836463,0.012848763312025197,True
temporal,zip_code,254xx,137,112,0.0010162903177947241,0.0003821782110647417,0.12408759124087591,0.16964285714285715,0.15595976380522833,0.23281818895300233,-0.031872172564352416,-0.06317533181014517,0.03130315924579276,False
temporal,zip_code,457xx,41,78,0.0003041452775882021,0.00026615982556294507,0.14634146341463414,0.19230769230769232,0.15595976380522833,0.23281818895300233,-0.009618300390594192,-0.04051049664531001,0.030892196254715815,True
temporal,zip_code,033xx,31,61,0.0002299635025666894,0.00020815063281204681,0.16129032258064516,0.19672131147540983,0.15595976380522833,0.23281818895300233,0.005330558775416827,-0.03609687747759249,0.04142743625300932,True
temporal,zip_code,904xx,62,97,0.0004599270051333788,0.00033099362922571376,0.12903225806451613,0.17525773195876287,0.15595976380522833,0.23281818895300233,-0.026927505740712204,-0.05756045699423945,0.030632951253527246,True
temporal,zip_code,473xx,80,195,0.0005934542001721018,0.0006653995639073628,0.1875,0.2923076923076923,0.15595976380522833,0.23281818895300233,0.03154023619477167,0.05948950335469,0.02794926715991833,True
temporal,zip_code,110xx,120,269,0.0008901813002581526,0.0009179101676465671,0.14166666666666666,0.2342007434944238,0.15595976380522833,0.23281818895300233,-0.014293097138561667,0.0013825545414214713,0.015675651679983138,False
temporal,zip_code,302xx,407,1081,0.0030191982433755674,0.003688702197865944,0.16216216216216217,0.24699352451433856,0.15595976380522833,0.23281818895300233,0.0062023983569338415,0.014175335561336239,0.007972937204402397,False
temporal,zip_code,239xx,27,58,0.00020029079255808434,0.00019791371644424123,0.2222222222222222,0.3103448275862069,0.15595976380522833,0.23281818895300233,0.06626245841699388,0.07752663863320458,0.0112641802162107,True
temporal,zip_code,011xx,57,152,0.00042283611762262247,0.0005186704293021494,0.24561403508771928,0.24342105263157895,0.15595976380522833,0.23281818895300233,0.08965427128249095,0.01060286367857663,0.07905140760391433,True
temporal,zip_code,214xx,52,90,0.00038574523011186614,0.0003071074910341674,0.21153846153846154,0.15555555555555556,0.15595976380522833,0.23281818895300233,0.05557869773323321,-0.07726263339744677,0.13284133113067997,True
temporal,zip_code,895xx,175,389,0.0012981810628764725,0.0013273868223587903,0.13142857142857142,0.1953727506426735,0.15595976380522833,0.23281818895300233,-0.024531192376656907,-0.037445438310328816,0.012914245933671908,False
temporal,zip_code,144xx,148,301,0.0010978902703183881,0.0010271039422364932,0.18243243243243243,0.2292358803986711,0.15595976380522833,0.23281818895300233,0.0264726686272041,-0.003582308554331226,0.030054977181535325,False
temporal,zip_code,972xx,466,738,0.0034568707160024924,0.0025182814264801726,0.148068669527897,0.13008130081300814,0.15595976380522833,0.23281818895300233,-0.00789109427733134,-0.10273688813999418,0.09484579386266284,False
temporal,zip_code,665xx,47,86,0.00034865434260110975,0.00029345826921042665,0.1276595744680851,0.13953488372093023,0.15595976380522833,0.23281818895300233,-0.028300189337143233,-0.0932833052320721,0.06498311589492886,True
temporal,zip_code,805xx,278,627,0.0020622533455980536,0.0021395155208713663,0.08273381294964029,0.17384370015948963,0.15595976380522833,0.23281818895300233,-0.07322595085558804,-0.05897448879351269,0.014251462062075351,False
temporal,zip_code,054xx,69,242,0.0005118542476484377,0.0008257779203363168,0.14492753623188406,0.1115702479338843,0.15595976380522833,0.23281818895300233,-0.011032227573344267,-0.12124794101911802,0.11021571344577376,True
temporal,zip_code,791xx,107,217,0.000793744992730186,0.000740470283937937,0.1588785046728972,0.2857142857142857,0.15595976380522833,0.23281818895300233,0.0029187408676688564,0.05289609676128337,0.04997735589361452,False
temporal,zip_code,971xx,172,301,0.0012759265303700187,0.0010271039422364932,0.09883720930232558,0.15614617940199335,0.15595976380522833,0.23281818895300233,-0.05712255450290275,-0.07667200955100897,0.01954945504810622,False
temporal,zip_code,628xx,53,118,0.0003931634076140174,0.0004026520438003528,0.16981132075471697,0.2966101694915254,0.15595976380522833,0.23281818895300233,0.013851556949488641,0.06379198053852309,0.049940423589034444,True
temporal,zip_code,804xx,102,233,0.0007566541052194297,0.0007950671712329,0.17647058823529413,0.11158798283261803,0.15595976380522833,0.23281818895300233,0.0205108244300658,-0.12123020612038429,0.1417410305504501,False
temporal,zip_code,534xx,38,83,0.00028189074508174833,0.00028322135284262106,0.3684210526315789,0.1927710843373494,0.15595976380522833,0.23281818895300233,0.2124612888263506,-0.04004710461565292,0.2525083934420035,True
temporal,zip_code,630xx,254,620,0.001884217085546423,0.00211562938267982,0.14960629921259844,0.26129032258064516,0.15595976380522833,0.23281818895300233,-0.006353464592629893,0.028472133627642837,0.03482559822027273,False
temporal,zip_code,220xx,258,451,0.001913889795555028,0.0015389497606267722,0.15503875968992248,0.21507760532150777,0.15595976380522833,0.23281818895300233,-0.0009210041153058512,-0.017740583631494555,0.016819579516188704,False
temporal,zip_code,225xx,128,261,0.0009495267202753627,0.0008906117239990855,0.140625,0.21455938697318008,0.15595976380522833,0.23281818895300233,-0.01533476380522833,-0.018258801979822242,0.0029240381745939126,False
temporal,zip_code,272xx,204,459,0.0015133082104388594,0.0015662482042742539,0.15196078431372548,0.24183006535947713,0.15595976380522833,0.23281818895300233,-0.003998979491502852,0.0090118764064748,0.013010855897977652,False
temporal,zip_code,143xx,32,67,0.00023738168006884067,0.00022862446554765796,0.25,0.2537313432835821,0.15595976380522833,0.23281818895300233,0.09404023619477167,0.020913154330579775,0.0731270818641919,True
temporal,zip_code,321xx,182,465,0.0013501083053915313,0.001586722037009865,0.16483516483516483,0.23655913978494625,0.15595976380522833,0.23281818895300233,0.008875401029936503,0.0037409508319439233,0.005134450197992579,False
temporal,zip_code,996xx,80,163,0.0005934542001721018,0.0005562057893174365,0.1875,0.24539877300613497,0.15595976380522833,0.23281818895300233,0.03154023619477167,0.012580584053132643,0.018959652141639027,True
temporal,zip_code,198xx,79,186,0.0005860360226699504,0.000634688814803946,0.13924050632911392,0.20430107526881722,0.15595976380522833,0.23281818895300233,-0.016719257476114413,-0.028517113684185108,0.011797856208070695,True
temporal,zip_code,074xx,270,526,0.0020029079255808433,0.0017948726698219118,0.14444444444444443,0.2300380228136882,0.15595976380522833,0.23281818895300233,-0.011515319360783899,-0.0027801661393141164,0.008735153221469782,False
temporal,zip_code,443xx,93,212,0.0006898905077000683,0.000723408756658261,0.21505376344086022,0.2028301886792453,0.15595976380522833,0.23281818895300233,0.05909399963563189,-0.02998800027375703,0.08908199990938892,True
temporal,zip_code,132xx,97,207,0.0007195632177086733,0.0007063472293785851,0.24742268041237114,0.2753623188405797,0.15595976380522833,0.23281818895300233,0.09146291660714281,0.04254412988757739,0.04891878671956543,True
temporal,zip_code,265xx,70,60,0.000519272425150589,0.0002047383273561116,0.1,0.11666666666666667,0.15595976380522833,0.23281818895300233,-0.055959763805228324,-0.11615152228633566,0.06019175848110733,True
temporal,zip_code,670xx,69,128,0.0005118542476484377,0.00043677509835970474,0.043478260869565216,0.1328125,0.15595976380522833,0.23281818895300233,-0.11248150293566311,-0.10000568895300233,0.012475813982660788,True
temporal,zip_code,156xx,116,241,0.0008605085902495475,0.0008223656148803817,0.21551724137931033,0.26556016597510373,0.15595976380522833,0.23281818895300233,0.059557477574082,0.03274197702210141,0.026815500551980592,False
temporal,zip_code,954xx,247,436,0.001832289843031364,0.0014877651787877444,0.12955465587044535,0.22018348623853212,0.15595976380522833,0.23281818895300233,-0.026405107934782984,-0.012634702714470203,0.013770405220312781,False
temporal,zip_code,967xx,545,982,0.004042906738672443,0.00335088395772836,0.1669724770642202,0.23727087576374745,0.15595976380522833,0.23281818895300233,0.011012713258991863,0.004452686810745121,0.006560026448246742,False
temporal,zip_code,952xx,197,489,0.0014613809679238005,0.0016686173679523095,0.19796954314720813,0.26993865030674846,0.15595976380522833,0.23281818895300233,0.0420097793419798,0.03712046135374614,0.004889317988233666,False
temporal,zip_code,594xx,57,81,0.00042283611762262247,0.00027639674193075066,0.14035087719298245,0.1111111111111111,0.15595976380522833,0.23281818895300233,-0.015608886612245881,-0.12170707784189122,0.10609819122964534,True
temporal,zip_code,661xx,56,120,0.00041541794012047123,0.0004094766547122232,0.125,0.23333333333333334,0.15595976380522833,0.23281818895300233,-0.03095976380522833,0.0005151443803310118,0.03147490818555934,True
temporal,zip_code,400xx,73,211,0.0005415269576570428,0.0007199964512023258,0.1780821917808219,0.26540284360189575,0.15595976380522833,0.23281818895300233,0.022122427975593578,0.03258465464889343,0.010462226673299851,True
temporal,zip_code,741xx,141,306,0.0010459630278033293,0.0010441654695161691,0.18439716312056736,0.2777777777777778,0.15595976380522833,0.23281818895300233,0.028437399315339035,0.044959588824775465,0.01652218950943643,False
temporal,zip_code,894xx,190,423,0.0014094537254087415,0.0014434052078605869,0.1631578947368421,0.22458628841607564,0.15595976380522833,0.23281818895300233,0.007198130931613783,-0.008231900536926684,0.015430031468540467,False
temporal,zip_code,566xx,33,58,0.00024479985757099195,0.00019791371644424123,0.030303030303030304,0.3103448275862069,0.15595976380522833,0.23281818895300233,-0.12565673350219803,0.07752663863320458,0.2031833721354026,True
temporal,zip_code,498xx,38,91,0.00028189074508174833,0.0003105197964901026,0.15789473684210525,0.2967032967032967,0.15595976380522833,0.23281818895300233,0.0019349730368769247,0.06388510775029438,0.061950134713417454,True
temporal,zip_code,424xx,25,75,0.0001854544375537818,0.00025592290919513954,0.04,0.37333333333333335,0.15595976380522833,0.23281818895300233,-0.11595976380522832,0.14051514438033103,0.25647490818555935,True
temporal,zip_code,451xx,135,287,0.0010014539627904216,0.0009793316658534006,0.13333333333333333,0.22996515679442509,0.15595976380522833,0.23281818895300233,-0.022626430471894998,-0.00285303215857724,0.019773398313317758,False
temporal,zip_code,035xx,15,48,0.00011127266253226908,0.0001637906618848893,0.3333333333333333,0.14583333333333334,0.15595976380522833,0.23281818895300233,0.17737356952810499,-0.08698485561966898,0.26435842514777397,True
temporal,zip_code,134xx,98,206,0.0007269813952108246,0.0007029349239226499,0.1326530612244898,0.22815533980582525,0.15595976380522833,0.23281818895300233,-0.023306702580738525,-0.004662849147177073,0.018643853433561453,True
temporal,zip_code,252xx,16,16,0.00011869084003442034,5.459688729496309e-05,0.1875,0.25,0.15595976380522833,0.23281818895300233,0.03154023619477167,0.017181811046997675,0.014358425147773995,True
temporal,zip_code,383xx,63,149,0.0004673451826355301,0.0005084335129343438,0.2857142857142857,0.2483221476510067,0.15595976380522833,0.23281818895300233,0.12975452190905737,0.015503958698004389,0.11425056321105298,True
temporal,zip_code,307xx,133,275,0.0009866176077861191,0.0009383840003821782,0.12030075187969924,0.2,0.15595976380522833,0.23281818895300233,-0.03565901192552909,-0.032818188953002314,0.002840822972526774,False
temporal,zip_code,108xx,59,105,0.000437672472626925,0.00035829207287319534,0.1016949152542373,0.2761904761904762,0.15595976380522833,0.23281818895300233,-0.054264848550991035,0.04337228723747388,0.09763713578846492,True
temporal,zip_code,267xx,22,18,0.00016319990504732798,6.142149820683349e-05,0.22727272727272727,0.1111111111111111,0.15595976380522833,0.23281818895300233,0.07131296346749894,-0.12170707784189122,0.19302004130939016,True
temporal,zip_code,445xx,52,151,0.00038574523011186614,0.0005152581238462142,0.21153846153846154,0.2781456953642384,0.15595976380522833,0.23281818895300233,0.05557869773323321,0.04532750641123606,0.010251191321997144,True
temporal,zip_code,194xx,245,468,0.0018174534880270616,0.0015969589533776705,0.13877551020408163,0.2564102564102564,0.15595976380522833,0.23281818895300233,-0.0171842536011467,0.023592067457254062,0.04077632105840076,False
temporal,zip_code,385xx,63,120,0.0004673451826355301,0.0004094766547122232,0.23809523809523808,0.275,0.15595976380522833,0.23281818895300233,0.08213547429000975,0.0421818110469977,0.039953663243012055,True
temporal,zip_code,448xx,106,270,0.0007863268152280348,0.0009213224731025023,0.18867924528301888,0.2962962962962963,0.15595976380522833,0.23281818895300233,0.03271948147779055,0.06347810734329395,0.030758625865503403,False
temporal,zip_code,537xx,86,188,0.0006379632651850093,0.0006415134257158164,0.12790697674418605,0.17553191489361702,0.15595976380522833,0.23281818895300233,-0.028052787061042278,-0.0572862740593853,0.029233486998343022,True
temporal,zip_code,360xx,119,218,0.0008827631227560013,0.0007438825893938722,0.23529411764705882,0.24311926605504589,0.15595976380522833,0.23281818895300233,0.07933435384183049,0.01030107710204356,0.06903327673978693,False
temporal,zip_code,421xx,67,144,0.0004970178926441351,0.0004913719856546679,0.13432835820895522,0.20833333333333334,0.15595976380522833,0.23281818895300233,-0.021631405596273107,-0.024484855619668983,0.002853450023395876,True
temporal,zip_code,998xx,35,47,0.0002596362125752945,0.0001603783564289541,0.08571428571428572,0.23404255319148937,0.15595976380522833,0.23281818895300233,-0.07024547809094261,0.0012243642384870412,0.07146984232942966,True
temporal,zip_code,221xx,287,521,0.002129016943117415,0.0017778111425422358,0.11846689895470383,0.2072936660268714,0.15595976380522833,0.23281818895300233,-0.0374928648505245,-0.025524522926130916,0.011968341924393583,False
temporal,zip_code,469xx,84,212,0.0006231269101807068,0.000723408756658261,0.23809523809523808,0.28773584905660377,0.15595976380522833,0.23281818895300233,0.08213547429000975,0.05491766010360144,0.027217814186408312,True
temporal,zip_code,598xx,63,109,0.0004673451826355301,0.0003719412946969361,0.07936507936507936,0.1834862385321101,0.15595976380522833,0.23281818895300233,-0.07659468444014897,-0.04933195042089222,0.027262734019256746,True
temporal,zip_code,985xx,229,377,0.0016987626479926412,0.001286439156887568,0.1572052401746725,0.1856763925729443,0.15595976380522833,0.23281818895300233,0.001245476369444165,-0.047141796380058026,0.04838727274950219,False
temporal,zip_code,275xx,564,1139,0.004183852111213317,0.0038866159143101852,0.15070921985815602,0.22300263388937663,0.15595976380522833,0.23281818895300233,-0.005250543947072306,-0.009815555063625692,0.004565011116553386,False
temporal,zip_code,788xx,51,91,0.00037832705260971484,0.0003105197964901026,0.13725490196078433,0.21978021978021978,0.15595976380522833,0.23281818895300233,-0.018704861844444004,-0.013037969172782549,0.005666892671661455,True
temporal,zip_code,719xx,48,112,0.00035607252010326105,0.0003821782110647417,0.22916666666666666,0.24107142857142858,0.15595976380522833,0.23281818895300233,0.07320690286143833,0.00825323961842625,0.06495366324301208,True
temporal,zip_code,657xx,96,233,0.0007121450402065221,0.0007950671712329,0.15625,0.2875536480686695,0.15595976380522833,0.23281818895300233,0.0002902361947716703,0.054735459115667184,0.054445222920895514,True
temporal,zip_code,559xx,106,251,0.0007863268152280348,0.0008564886694397335,0.16037735849056603,0.18725099601593626,0.15595976380522833,0.23281818895300233,0.0044175946853377,-0.04556719293706607,0.04998478762240377,False
temporal,zip_code,379xx,155,324,0.0011498175128334472,0.0011055869677230026,0.2,0.19753086419753085,0.15595976380522833,0.23281818895300233,0.04404023619477168,-0.03528732475547147,0.07932756095024315,False
temporal,zip_code,806xx,124,360,0.0009198540102667576,0.0012284299641366697,0.10483870967741936,0.17222222222222222,0.15595976380522833,0.23281818895300233,-0.05112105412780897,-0.060595966730780104,0.009474912602971133,False
temporal,zip_code,810xx,101,168,0.0007492359277172784,0.0005732673165971125,0.16831683168316833,0.24404761904761904,0.15595976380522833,0.23281818895300233,0.012357067877939998,0.011229430094616716,0.001127637783323282,False
temporal,zip_code,974xx,207,411,0.0015355627429453132,0.0014024575423893645,0.15458937198067632,0.18248175182481752,0.15595976380522833,0.23281818895300233,-0.0013703918245520086,-0.05033643712818481,0.0489660453036328,False
temporal,zip_code,405xx,130,272,0.0009643630752796653,0.0009281470840143727,0.06923076923076923,0.20588235294117646,0.15595976380522833,0.23281818895300233,-0.0867289945744591,-0.026935836011825864,0.05979315856263323,False
temporal,zip_code,368xx,108,208,0.0008011631702323374,0.0007097595348345202,0.19444444444444445,0.2548076923076923,0.15595976380522833,0.23281818895300233,0.03848468063921612,0.021989503354689965,0.016495177284526152,False
temporal,zip_code,735xx,87,145,0.0006453814426871606,0.000494784291110603,0.19540229885057472,0.2482758620689655,0.15595976380522833,0.23281818895300233,0.039442535045346394,0.015457673115963189,0.023984861929383205,True
temporal,zip_code,038xx,146,337,0.0010830539153140856,0.0011499469386501602,0.0958904109589041,0.1661721068249258,0.15595976380522833,0.23281818895300233,-0.060069352846324225,-0.06664608212807652,0.0065767292817522915,False
temporal,zip_code,797xx,114,387,0.0008456722352452449,0.0013205622114469198,0.12280701754385964,0.22739018087855298,0.15595976380522833,0.23281818895300233,-0.03315274626136869,-0.0054280080744493475,0.02772473818691934,False
temporal,zip_code,910xx,168,295,0.0012462538203614137,0.001006630109500882,0.11904761904761904,0.2,0.15595976380522833,0.23281818895300233,-0.03691214475760929,-0.032818188953002314,0.004093955804606975,False
temporal,zip_code,488xx,210,446,0.001557817275451767,0.0015218882333470963,0.1619047619047619,0.23542600896860988,0.15595976380522833,0.23281818895300233,0.005944998099533583,0.0026078200156075537,0.003337178083926029,False
temporal,zip_code,843xx,56,112,0.00041541794012047123,0.0003821782110647417,0.16071428571428573,0.11607142857142858,0.15595976380522833,0.23281818895300233,0.0047545219090573965,-0.11674676038157375,0.12150128229063115,True
temporal,zip_code,320xx,228,600,0.0016913444704904899,0.0020473832735611163,0.17543859649122806,0.205,0.15595976380522833,0.23281818895300233,0.01947883268599973,-0.027818188953002337,0.04729702163900207,False
temporal,zip_code,618xx,98,169,0.0007269813952108246,0.0005766796220530477,0.19387755102040816,0.15976331360946747,0.15595976380522833,0.23281818895300233,0.03791778721517983,-0.07305487534353486,0.11097266255871469,True
temporal,zip_code,847xx,67,135,0.0004970178926441351,0.00046066123655125115,0.208955223880597,0.2518518518518518,0.15595976380522833,0.23281818895300233,0.05299546007536868,0.0190336628988495,0.033961797176519176,True
temporal,zip_code,976xx,38,59,0.00028189074508174833,0.0002013260219001764,0.15789473684210525,0.1694915254237288,0.15595976380522833,0.23281818895300233,0.0019349730368769247,-0.06332666352927352,0.06526163656615044,True
temporal,zip_code,351xx,126,307,0.0009346903652710602,0.0010475777749721043,0.16666666666666666,0.26058631921824105,0.15595976380522833,0.23281818895300233,0.010706902861438328,0.027768130265238722,0.017061227403800394,False
temporal,zip_code,531xx,246,578,0.0018248716655292127,0.0019723125535305417,0.15040650406504066,0.20588235294117646,0.15595976380522833,0.23281818895300233,-0.005553259740187666,-0.026935836011825864,0.0213825762716382,False
temporal,zip_code,012xx,49,109,0.0003634906976054123,0.0003719412946969361,0.20408163265306123,0.27522935779816515,0.15595976380522833,0.23281818895300233,0.0481218688478329,0.04241116884516283,0.005710700002670072,True
temporal,zip_code,935xx,327,560,0.0024257440432034656,0.0019108910553237084,0.1437308868501529,0.24642857142857144,0.15595976380522833,0.23281818895300233,-0.012228876955075435,0.013610382475569116,0.02583925943064455,False
temporal,zip_code,154xx,52,112,0.00038574523011186614,0.0003821782110647417,0.1346153846153846,0.2767857142857143,0.15595976380522833,0.23281818895300233,-0.02134437918984372,0.043967525332711976,0.0653119045225557,True
temporal,zip_code,366xx,81,182,0.000600872377674253,0.0006210395929802052,0.16049382716049382,0.25274725274725274,0.15595976380522833,0.23281818895300233,0.0045340633552654885,0.019929063794250412,0.015395000438984924,True
temporal,zip_code,704xx,166,337,0.001231417465357111,0.0011499469386501602,0.18072289156626506,0.26706231454005935,0.15595976380522833,0.23281818895300233,0.02476312776103673,0.03424412558705703,0.009480997826020299,False
temporal,zip_code,373xx,172,390,0.0012759265303700187,0.0013307991278147255,0.18023255813953487,0.2512820512820513,0.15595976380522833,0.23281818895300233,0.02427279433430654,0.018463862329048952,0.005808932005257589,False
temporal,zip_code,708xx,132,257,0.0009791994302839678,0.0008769625021753447,0.14393939393939395,0.17509727626459143,0.15595976380522833,0.23281818895300233,-0.01202036986583438,-0.0577209126884109,0.04570054282257652,False
temporal,zip_code,010xx,211,464,0.0015652354529539182,0.0015833097315539298,0.17535545023696683,0.2823275862068966,0.15595976380522833,0.23281818895300233,0.0193956864317385,0.04950939725389425,0.030113710822155748,False
temporal,zip_code,656xx,60,131,0.0004450906501290763,0.00044701201472751033,0.13333333333333333,0.2824427480916031,0.15595976380522833,0.23281818895300233,-0.022626430471894998,0.049624559138600755,0.07225098961049575,True
temporal,zip_code,174xx,62,141,0.0004599270051333788,0.00048113506928686227,0.16129032258064516,0.18439716312056736,0.15595976380522833,0.23281818895300233,0.005330558775416827,-0.04842102583243496,0.05375158460785179,True
temporal,zip_code,257xx,27,21,0.00020029079255808434,7.165841457463906e-05,0.2222222222222222,0.19047619047619047,0.15595976380522833,0.23281818895300233,0.06626245841699388,-0.04234199847681186,0.10860445689380574,True
temporal,zip_code,129xx,78,155,0.0005786178451677992,0.000528907345669955,0.15384615384615385,0.23870967741935484,0.15595976380522833,0.23281818895300233,-0.002113609959074475,0.0058914884663525124,0.008005098425426987,True
temporal,zip_code,564xx,43,90,0.00031898163259250467,0.0003071074910341674,0.16279069767441862,0.34444444444444444,0.15595976380522833,0.23281818895300233,0.0068309338691902866,0.11162625549144212,0.10479532162225183,True
temporal,zip_code,543xx,55,124,0.00040799976261831993,0.000423125876535964,0.09090909090909091,0.14516129032258066,0.15595976380522833,0.23281818895300233,-0.06505067289613742,-0.08765689863042167,0.022606225734284252,True
temporal,zip_code,058xx,16,32,0.00011869084003442034,0.00010919377458992619,0.125,0.1875,0.15595976380522833,0.23281818895300233,-0.03095976380522833,-0.045318188953002325,0.014358425147773995,True
temporal,zip_code,988xx,101,153,0.0007492359277172784,0.0005220827347580846,0.13861386138613863,0.1830065359477124,0.15595976380522833,0.23281818895300233,-0.017345902419089704,-0.04981165300528992,0.032465750586200215,False
temporal,zip_code,116xx,65,143,0.00048218153763983265,0.0004879596801987327,0.2153846153846154,0.3006993006993007,0.15595976380522833,0.23281818895300233,0.05942485157938707,0.06788111174629835,0.008456260166911284,True
temporal,zip_code,487xx,53,92,0.0003931634076140174,0.0003139321019460378,0.18867924528301888,0.2717391304347826,0.15595976380522833,0.23281818895300233,0.03271948147779055,0.03892094148178027,0.006201460003989717,True
temporal,zip_code,718xx,40,54,0.0002967271000860509,0.00018426449462050044,0.15,0.37037037037037035,0.15595976380522833,0.23281818895300233,-0.005959763805228335,0.13755218141736802,0.14351194522259636,True
temporal,zip_code,722xx,86,178,0.0006379632651850093,0.0006073903711564645,0.16279069767441862,0.2808988764044944,0.15595976380522833,0.23281818895300233,0.0068309338691902866,0.04808068745149208,0.04124975358230179,True
temporal,zip_code,315xx,92,208,0.000682472330197917,0.0007097595348345202,0.16304347826086957,0.23076923076923078,0.15595976380522833,0.23281818895300233,0.007083714455641238,-0.002048958183771543,0.009132672639412781,True
temporal,zip_code,150xx,182,418,0.0013501083053915313,0.001426343680580911,0.1813186813186813,0.2535885167464115,0.15595976380522833,0.23281818895300233,0.025358917513452983,0.02077032779340915,0.004588589720043834,False
temporal,zip_code,236xx,145,288,0.0010756357378119343,0.0009827439713093358,0.22758620689655173,0.2569444444444444,0.15595976380522833,0.23281818895300233,0.0716264430913234,0.024126255491442095,0.04750018759988131,False
temporal,zip_code,122xx,70,130,0.000519272425150589,0.00044359970927157515,0.2,0.3076923076923077,0.15595976380522833,0.23281818895300233,0.04404023619477168,0.07487411873930538,0.030833882544533703,True
temporal,zip_code,712xx,91,188,0.0006750541526957657,0.0006415134257158164,0.14285714285714285,0.30319148936170215,0.15595976380522833,0.23281818895300233,-0.01310262094808548,0.07037330040869982,0.0834759213567853,True
temporal,zip_code,200xx,397,683,0.0029450164683540547,0.002330604626403737,0.11083123425692695,0.14641288433382138,0.15595976380522833,0.23281818895300233,-0.04512852954830138,-0.08640530461918094,0.04127677507087957,False
temporal,zip_code,017xx,171,316,0.0012685083528678675,0.0010782885240755212,0.14035087719298245,0.20569620253164558,0.15595976380522833,0.23281818895300233,-0.015608886612245881,-0.027121986421356742,0.01151309980911086,False
temporal,zip_code,763xx,61,146,0.00045250882763122756,0.0004981965965665383,0.22950819672131148,0.273972602739726,0.15595976380522833,0.23281818895300233,0.07354843291608315,0.04115441378672369,0.032394019129359464,True
temporal,zip_code,674xx,62,77,0.0004599270051333788,0.0002627475201070099,0.14516129032258066,0.12987012987012986,0.15595976380522833,0.23281818895300233,-0.010798473482647675,-0.10294805908287247,0.09214958560022479,True
temporal,zip_code,111xx,217,380,0.0016097445179668259,0.0012966760732553736,0.1336405529953917,0.2,0.15595976380522833,0.23281818895300233,-0.02231921080983662,-0.032818188953002314,0.010498978143165694,False
temporal,zip_code,179xx,42,81,0.0003115634550903534,0.00027639674193075066,0.19047619047619047,0.25925925925925924,0.15595976380522833,0.23281818895300233,0.034516426670962136,0.02644107030625692,0.008075356364705216,True
temporal,zip_code,237xx,41,66,0.0003041452775882021,0.00022521216009172278,0.2682926829268293,0.2727272727272727,0.15595976380522833,0.23281818895300233,0.11233291912160095,0.03990908377427038,0.07242383534733057,True
temporal,zip_code,319xx,76,169,0.0005637814901634967,0.0005766796220530477,0.15789473684210525,0.26627218934911245,0.15595976380522833,0.23281818895300233,0.0019349730368769247,0.03345400039611013,0.031519027359233204,True
temporal,zip_code,216xx,76,175,0.0005637814901634967,0.0005971534547886589,0.18421052631578946,0.18857142857142858,0.15595976380522833,0.23281818895300233,0.028250762510561134,-0.04424676038157374,0.07249752289213487,True
temporal,zip_code,381xx,207,531,0.0015355627429453132,0.0018119341971015877,0.1642512077294686,0.2674199623352166,0.15595976380522833,0.23281818895300233,0.008291443924240277,0.03460177338221426,0.026310329457973985,False
temporal,zip_code,577xx,64,161,0.00047476336013768135,0.0005493811784055662,0.109375,0.2236024844720497,0.15595976380522833,0.23281818895300233,-0.04658476380522833,-0.00921570448095263,0.0373690593242757,True
temporal,zip_code,026xx,68,174,0.0005044360701462865,0.0005937411493327237,0.23529411764705882,0.1781609195402299,0.15595976380522833,0.23281818895300233,0.07933435384183049,-0.054657269412772436,0.13399162325460293,True
temporal,zip_code,057xx,19,71,0.00014094537254087417,0.00024227368737139875,0.15789473684210525,0.14084507042253522,0.15595976380522833,0.23281818895300233,0.0019349730368769247,-0.09197311853046711,0.09390809156734403,True
temporal,zip_code,808xx,71,120,0.0005266906026527402,0.0004094766547122232,0.14084507042253522,0.15833333333333333,0.15595976380522833,0.23281818895300233,-0.015114693382693112,-0.074484855619669,0.05937016223697589,True
temporal,zip_code,973xx,271,521,0.0020103261030829946,0.0017778111425422358,0.0959409594095941,0.15355086372360843,0.15595976380522833,0.23281818895300233,-0.06001880439563423,-0.07926732522939389,0.019248520833759664,False
temporal,zip_code,541xx,60,166,0.0004450906501290763,0.0005664427056852421,0.2,0.26506024096385544,0.15595976380522833,0.23281818895300233,0.04404023619477168,0.03224205201085312,0.011798184183918564,True
temporal,zip_code,023xx,221,553,0.001639417227975431,0.001887004917132162,0.14027149321266968,0.20433996383363473,0.15595976380522833,0.23281818895300233,-0.015688270592558645,-0.028478225119367595,0.01278995452680895,False
temporal,zip_code,912xx,128,227,0.0009495267202753627,0.000774593338497289,0.15625,0.2511013215859031,0.15595976380522833,0.23281818895300233,0.0002902361947716703,0.018283132632900767,0.017992896438129097,False
temporal,zip_code,299xx,61,146,0.00045250882763122756,0.0004981965965665383,0.18032786885245902,0.1506849315068493,0.15595976380522833,0.23281818895300233,0.024368105047230693,-0.08213325744615302,0.10650136249338371,True
temporal,zip_code,990xx,51,108,0.00037832705260971484,0.0003685289892410009,0.17647058823529413,0.2222222222222222,0.15595976380522833,0.23281818895300233,0.0205108244300658,-0.010595966730780115,0.031106791160845915,True
temporal,zip_code,123xx,92,194,0.000682472330197917,0.0006619872584514275,0.14130434782608695,0.25257731958762886,0.15595976380522833,0.23281818895300233,-0.014655415979141384,0.01975913063462653,0.034414546613767916,True
temporal,zip_code,815xx,72,152,0.0005341087801548916,0.0005186704293021494,0.2361111111111111,0.24342105263157895,0.15595976380522833,0.23281818895300233,0.08015134730588278,0.01060286367857663,0.06954848362730615,True
temporal,zip_code,740xx,269,613,0.001995489748078692,0.0020917432444882735,0.17100371747211895,0.2642740619902121,0.15595976380522833,0.23281818895300233,0.015043953666890625,0.03145587303720976,0.016411919370319134,False
temporal,zip_code,028xx,378,779,0.0028040710958131807,0.002658185950173516,0.1111111111111111,0.18998716302952504,0.15595976380522833,0.23281818895300233,-0.044848652694117225,-0.04283102592347729,0.0020176267706399353,False
temporal,zip_code,829xx,50,87,0.0003709088751075636,0.00029687057466636183,0.12,0.21839080459770116,0.15595976380522833,0.23281818895300233,-0.035959763805228334,-0.014427384355301165,0.02153237944992717,True
temporal,zip_code,490xx,193,464,0.0014317082579151953,0.0015833097315539298,0.18652849740932642,0.18318965517241378,0.15595976380522833,0.23281818895300233,0.03056873360409809,-0.04962853378058854,0.08019726738468663,False
temporal,zip_code,309xx,63,133,0.0004673451826355301,0.00045383662563938074,0.20634920634920634,0.21804511278195488,0.15595976380522833,0.23281818895300233,0.05038944254397801,-0.01477307617104745,0.06516251871502546,True
temporal,zip_code,356xx,101,210,0.0007492359277172784,0.0007165841457463907,0.26732673267326734,0.26666666666666666,0.15595976380522833,0.23281818895300233,0.11136696886803901,0.03384847771366434,0.07751849115437467,False
temporal,zip_code,223xx,216,438,0.0016023263404646747,0.0014945897896996147,0.17592592592592593,0.2009132420091324,0.15595976380522833,0.23281818895300233,0.0199661621206976,-0.031904946943869916,0.05187110906456752,False
temporal,zip_code,242xx,65,89,0.00048218153763983265,0.00030369518557823224,0.26153846153846155,0.30337078651685395,0.15595976380522833,0.23281818895300233,0.10557869773323322,0.07055259756385163,0.0350261001693816,True
temporal,zip_code,851xx,191,555,0.0014168719029108929,0.0018938295280440324,0.16230366492146597,0.24504504504504504,0.15595976380522833,0.23281818895300233,0.0063439011162376435,0.012226856092042715,0.005882954975805071,False
temporal,zip_code,783xx,52,133,0.00038574523011186614,0.00045383662563938074,0.15384615384615385,0.2781954887218045,0.15595976380522833,0.23281818895300233,-0.002113609959074475,0.04537729976880217,0.047490909727876646,True
temporal,zip_code,905xx,109,204,0.0008085813477344886,0.0006961103130107795,0.11009174311926606,0.25,0.15595976380522833,0.23281818895300233,-0.04586802068596227,0.017181811046997675,0.06304983173295994,False
temporal,zip_code,215xx,37,60,0.00027447256757959703,0.0002047383273561116,0.21621621621621623,0.3,0.15595976380522833,0.23281818895300233,0.0602564524109879,0.06718181104699766,0.006925358636009765,True
temporal,zip_code,939xx,188,333,0.001394617370404439,0.0011362977168264195,0.14361702127659576,0.24624624624624625,0.15595976380522833,0.23281818895300233,-0.012342742528632572,0.013428057293243922,0.025770799821876494,False
temporal,zip_code,961xx,66,92,0.0004895997151419839,0.0003139321019460378,0.13636363636363635,0.18478260869565216,0.15595976380522833,0.23281818895300233,-0.019596127441591976,-0.04803558025735016,0.028439452815758187,True
temporal,zip_code,020xx,182,392,0.0013501083053915313,0.0013376237387265958,0.16483516483516483,0.1989795918367347,0.15595976380522833,0.23281818895300233,0.008875401029936503,-0.03383859711626763,0.042713998146204135,False
temporal,zip_code,728xx,34,86,0.00025221803507314325,0.00029345826921042665,0.17647058823529413,0.23255813953488372,0.15595976380522833,0.23281818895300233,0.0205108244300658,-0.0002600494181186075,0.020770873848184407,True
temporal,zip_code,193xx,177,303,0.001313017417880775,0.0010339285531483636,0.14124293785310735,0.1848184818481848,0.15595976380522833,0.23281818895300233,-0.014716825952120982,-0.04799970710481752,0.033282881152696536,False
temporal,zip_code,540xx,49,147,0.0003634906976054123,0.0005016089020224735,0.14285714285714285,0.16326530612244897,0.15595976380522833,0.23281818895300233,-0.01310262094808548,-0.06955288283055336,0.05645026188246788,True
temporal,zip_code,121xx,142,333,0.0010533812053054805,0.0011362977168264195,0.176056338028169,0.2672672672672673,0.15595976380522833,0.23281818895300233,0.020096574222940672,0.03444907831426497,0.014352504091324297,False
temporal,zip_code,706xx,100,168,0.0007418177502151272,0.0005732673165971125,0.26,0.27976190476190477,0.15595976380522833,0.23281818895300233,0.10404023619477168,0.04694371580890244,0.05709652038586924,False
temporal,zip_code,119xx,131,306,0.0009717812527818165,0.0010441654695161691,0.12213740458015267,0.2581699346405229,0.15595976380522833,0.23281818895300233,-0.03382235922507566,0.025351745687520577,0.05917410491259624,False
temporal,zip_code,169xx,15,28,0.00011127266253226908,9.554455276618542e-05,0.13333333333333333,0.25,0.15595976380522833,0.23281818895300233,-0.022626430471894998,0.017181811046997675,0.03980824151889267,True
temporal,zip_code,056xx,26,80,0.00019287261505593307,0.0002729844364748155,0.11538461538461539,0.125,0.15595976380522833,0.23281818895300233,-0.04057514842061294,-0.10781818895300233,0.06724304053238939,True
temporal,zip_code,403xx,82,216,0.0006082905551764042,0.0007370579784820018,0.15853658536585366,0.23148148148148148,0.15595976380522833,0.23281818895300233,0.002576821560625331,-0.0013367074715208427,0.0039135290321461735,True
temporal,zip_code,807xx,29,63,0.00021512714756238689,0.0002149752437239172,0.20689655172413793,0.1746031746031746,0.15595976380522833,0.23281818895300233,0.0509367879189096,-0.05821501434982773,0.10915180226873733,True
temporal,zip_code,232xx,260,474,0.0019287261505593306,0.0016174327861132817,0.13846153846153847,0.26371308016877637,0.15595976380522833,0.23281818895300233,-0.01749822534368986,0.030894891215774045,0.048393116559463906,False
temporal,zip_code,359xx,59,162,0.000437672472626925,0.0005527934838615013,0.15254237288135594,0.2839506172839506,0.15595976380522833,0.23281818895300233,-0.0034173909238723876,0.051132428330948276,0.054549819254820664,True
temporal,zip_code,841xx,246,495,0.0018248716655292127,0.0016890912006879207,0.10569105691056911,0.19595959595959597,0.15595976380522833,0.23281818895300233,-0.05026870689465922,-0.03685859299340635,0.013410113901252865,False
temporal,zip_code,622xx,159,342,0.0011794902228420522,0.0011670084659298361,0.1949685534591195,0.18421052631578946,0.15595976380522833,0.23281818895300233,0.03900878965389118,-0.04860766263721286,0.08761645229110404,False
temporal,zip_code,826xx,65,108,0.00048218153763983265,0.0003685289892410009,0.07692307692307693,0.2037037037037037,0.15595976380522833,0.23281818895300233,-0.0790366868821514,-0.029114485249298633,0.04992220163285277,True
temporal,zip_code,739xx,7,20,5.1927242515058903e-05,6.824610911870387e-05,0.2857142857142857,0.2,0.15595976380522833,0.23281818895300233,0.12975452190905737,-0.032818188953002314,0.16257271086205968,True
temporal,zip_code,037xx,32,63,0.00023738168006884067,0.0002149752437239172,0.0625,0.15873015873015872,0.15595976380522833,0.23281818895300233,-0.09345976380522833,-0.0740880302228436,0.019371733582384726,True
temporal,zip_code,989xx,124,196,0.0009198540102667576,0.0006688118693632979,0.13709677419354838,0.21428571428571427,0.15595976380522833,0.23281818895300233,-0.018862989611679953,-0.01853247466728805,0.000330514944391902,False
temporal,zip_code,570xx,66,135,0.0004895997151419839,0.00046066123655125115,0.16666666666666666,0.2518518518518518,0.15595976380522833,0.23281818895300233,0.010706902861438328,0.0190336628988495,0.008326760037411174,True
temporal,zip_code,557xx,70,131,0.000519272425150589,0.00044701201472751033,0.15714285714285714,0.22900763358778625,0.15595976380522833,0.23281818895300233,0.00118309333762881,-0.003810555365216073,0.004993648702844883,True
temporal,zip_code,377xx,91,236,0.0006750541526957657,0.0008053040876007056,0.2087912087912088,0.2923728813559322,0.15595976380522833,0.23281818895300233,0.05283144498598047,0.059554692402929876,0.006723247416949407,True
temporal,zip_code,197xx,144,317,0.0010682175603097832,0.0010817008295314564,0.16666666666666666,0.1829652996845426,0.15595976380522833,0.23281818895300233,0.010706902861438328,-0.04985288926845974,0.060559792129898066,False
temporal,zip_code,756xx,75,204,0.0005563633126613453,0.0006961103130107795,0.13333333333333333,0.2647058823529412,0.15595976380522833,0.23281818895300233,-0.022626430471894998,0.031887693399938855,0.05451412387183385,True
temporal,zip_code,748xx,48,108,0.00035607252010326105,0.0003685289892410009,0.20833333333333334,0.25,0.15595976380522833,0.23281818895300233,0.05237356952810501,0.017181811046997675,0.03519175848110734,True
temporal,zip_code,495xx,128,287,0.0009495267202753627,0.0009793316658534006,0.1328125,0.20905923344947736,0.15595976380522833,0.23281818895300233,-0.02314726380522833,-0.02375895550352497,0.0006116916982966403,False
temporal,zip_code,475xx,35,77,0.0002596362125752945,0.0002627475201070099,0.11428571428571428,0.22077922077922077,0.15595976380522833,0.23281818895300233,-0.04167404951951405,-0.012038968173781556,0.029635081345732492,True
temporal,zip_code,603xx,31,74,0.0002299635025666894,0.0002525106037392043,0.12903225806451613,0.21621621621621623,0.15595976380522833,0.23281818895300233,-0.026927505740712204,-0.016601972736786097,0.010325533003926107,True
temporal,zip_code,620xx,91,190,0.0006750541526957657,0.0006483380366276868,0.13186813186813187,0.19473684210526315,0.15595976380522833,0.23281818895300233,-0.024091631937096458,-0.03808134684773917,0.013989714910642714,True
temporal,zip_code,477xx,47,103,0.00034865434260110975,0.00035146746196132493,0.14893617021276595,0.2524271844660194,0.15595976380522833,0.23281818895300233,-0.007023593592462379,0.01960899551301709,0.02663258910547947,True
temporal,zip_code,737xx,22,78,0.00016319990504732798,0.00026615982556294507,0.22727272727272727,0.3333333333333333,0.15595976380522833,0.23281818895300233,0.07131296346749894,0.10051514438033099,0.029202180912832054,True
temporal,zip_code,163xx,47,74,0.00034865434260110975,0.0002525106037392043,0.23404255319148937,0.1891891891891892,0.15595976380522833,0.23281818895300233,0.07808278938626104,-0.043628999763813126,0.12171178915007416,True
temporal,zip_code,081xx,54,136,0.0004005815851161687,0.0004640735420071863,0.18518518518518517,0.22058823529411764,0.15595976380522833,0.23281818895300233,0.029225421379956845,-0.012229953658884685,0.04145537503884153,True
temporal,zip_code,563xx,95,227,0.0007047268627043708,0.000774593338497289,0.16842105263157894,0.24669603524229075,0.15595976380522833,0.23281818895300233,0.012461288826350614,0.013877846289288426,0.001416557462937812,True
temporal,zip_code,332xx,9,13,6.676359751936145e-05,4.4359970927157514e-05,0.2222222222222222,0.23076923076923078,0.15595976380522833,0.23281818895300233,0.06626245841699388,-0.002048958183771543,0.06831141660076542,True
temporal,zip_code,468xx,106,244,0.0007863268152280348,0.0008326025312481873,0.19811320754716982,0.3155737704918033,0.15595976380522833,0.23281818895300233,0.04215344374194149,0.08275558153880097,0.04060213779685948,False
temporal,zip_code,701xx,173,320,0.00128334470787217,0.001091937745899262,0.16184971098265896,0.25,0.15595976380522833,0.23281818895300233,0.005889947177430632,0.017181811046997675,0.011291863869567043,False
temporal,zip_code,312xx,44,93,0.00032639981009465596,0.000317344407401973,0.18181818181818182,0.1827956989247312,0.15595976380522833,0.23281818895300233,0.025858418012953494,-0.05002249002827114,0.07588090804122463,True
temporal,zip_code,497xx,59,110,0.000437672472626925,0.0003753536001528713,0.1864406779661017,0.23636363636363636,0.15595976380522833,0.23281818895300233,0.030480914160873368,0.003545447410634034,0.026935466750239334,True
temporal,zip_code,898xx,62,90,0.0004599270051333788,0.0003071074910341674,0.12903225806451613,0.17777777777777778,0.15595976380522833,0.23281818895300233,-0.026927505740712204,-0.05504041117522454,0.028112905434512336,True
temporal,zip_code,142xx,284,596,0.002106762410610961,0.0020337340517373754,0.1795774647887324,0.25,0.15595976380522833,0.23281818895300233,0.023617700983504075,0.017181811046997675,0.0064358899365064,False
temporal,zip_code,066xx,126,279,0.0009346903652710602,0.0009520332222059189,0.18253968253968253,0.17921146953405018,0.15595976380522833,0.23281818895300233,0.0265799187344542,-0.05360671941895215,0.08018663815340635,False
temporal,zip_code,671xx,40,102,0.0002967271000860509,0.00034805515650538976,0.05,0.24509803921568626,0.15595976380522833,0.23281818895300233,-0.10595976380522833,0.012279850262683939,0.11823961406791227,True
temporal,zip_code,703xx,116,202,0.0008605085902495475,0.000689285702098909,0.20689655172413793,0.32673267326732675,0.15595976380522833,0.23281818895300233,0.0509367879189096,0.09391448431432442,0.04297769639541482,False
temporal,zip_code,361xx,74,163,0.0005489451351591941,0.0005562057893174365,0.20270270270270271,0.2883435582822086,0.15595976380522833,0.23281818895300233,0.046742938897474384,0.055525369329206264,0.00878243043173188,True
temporal,zip_code,655xx,43,90,0.00031898163259250467,0.0003071074910341674,0.13953488372093023,0.2777777777777778,0.15595976380522833,0.23281818895300233,-0.0164248800842981,0.044959588824775465,0.061384468909073564,True
temporal,zip_code,266xx,12,3,8.901813002581526e-05,1.023691636780558e-05,0.0,0.0,0.15595976380522833,0.23281818895300233,-0.15595976380522833,-0.23281818895300233,0.076858425147774,True
temporal,zip_code,357xx,120,218,0.0008901813002581526,0.0007438825893938722,0.23333333333333334,0.28440366972477066,0.15595976380522833,0.23281818895300233,0.07737356952810501,0.05158548077176833,0.025788088756336675,False
temporal,zip_code,422xx,18,67,0.0001335271950387229,0.00022862446554765796,0.2777777777777778,0.31343283582089554,0.15595976380522833,0.23281818895300233,0.12181801397254946,0.08061464686789321,0.04120336710465625,True
temporal,zip_code,180xx,264,530,0.0019583988605679356,0.0018085218916456525,0.14772727272727273,0.2358490566037736,0.15595976380522833,0.23281818895300233,-0.008232491077955595,0.003030867650771263,0.011263358728726858,False
temporal,zip_code,627xx,52,120,0.00038574523011186614,0.0004094766547122232,0.1346153846153846,0.2,0.15595976380522833,0.23281818895300233,-0.02134437918984372,-0.032818188953002314,0.011473809763158593,True
temporal,zip_code,230xx,118,196,0.00087534494525385,0.0006688118693632979,0.19491525423728814,0.27040816326530615,0.15595976380522833,0.23281818895300233,0.038955490432059814,0.03758997431230382,0.001365516119755994,False
temporal,zip_code,933xx,248,551,0.0018397080205335152,0.0018801803062202917,0.1814516129032258,0.308529945553539,0.15595976380522833,0.23281818895300233,0.025491849097997482,0.0757117566005367,0.05021990750253921,False
temporal,zip_code,546xx,71,152,0.0005266906026527402,0.0005186704293021494,0.08450704225352113,0.23684210526315788,0.15595976380522833,0.23281818895300233,-0.0714527215517072,0.004023916310155556,0.07547663786186276,True
temporal,zip_code,874xx,55,105,0.00040799976261831993,0.00035829207287319534,0.18181818181818182,0.23809523809523808,0.15595976380522833,0.23281818895300233,0.025858418012953494,0.005277049142235757,0.020581368870717737,True
temporal,zip_code,673xx,20,34,0.00014836355004302544,0.00011601838550179658,0.3,0.20588235294117646,0.15595976380522833,0.23281818895300233,0.14404023619477166,-0.026935836011825864,0.17097607220659752,True
temporal,zip_code,955xx,49,117,0.0003634906976054123,0.00039923973834441763,0.16326530612244897,0.29914529914529914,0.15595976380522833,0.23281818895300233,0.007305542317220637,0.06632711019229681,0.059021567875076175,True
temporal,zip_code,492xx,117,264,0.0008679267677516988,0.0009008486403668911,0.23076923076923078,0.20075757575757575,0.15595976380522833,0.23281818895300233,0.07480946696400245,-0.03206061319542658,0.10687008015942903,False
temporal,zip_code,247xx,11,27,8.159995252366399e-05,9.213224731025022e-05,0.09090909090909091,0.3333333333333333,0.15595976380522833,0.23281818895300233,-0.06505067289613742,0.10051514438033099,0.1655658172764684,True
temporal,zip_code,813xx,40,66,0.0002967271000860509,0.00022521216009172278,0.125,0.13636363636363635,0.15595976380522833,0.23281818895300233,-0.03095976380522833,-0.09645455258936597,0.06549478878413764,True
temporal,zip_code,219xx,55,121,0.00040799976261831993,0.0004128889601681584,0.21818181818181817,0.2644628099173554,0.15595976380522833,0.23281818895300233,0.06222205437658984,0.031644620964353054,0.030577433412236787,True
temporal,zip_code,474xx,66,150,0.0004895997151419839,0.0005118458183902791,0.18181818181818182,0.19333333333333333,0.15595976380522833,0.23281818895300233,0.025858418012953494,-0.039484855619668996,0.06534327363262249,True
temporal,zip_code,949xx,212,420,0.0015726536304560695,0.0014331682914927814,0.09905660377358491,0.21428571428571427,0.15595976380522833,0.23281818895300233,-0.05690316003164342,-0.01853247466728805,0.03837068536435537,False
temporal,zip_code,083xx,122,251,0.0009050176552624551,0.0008564886694397335,0.2459016393442623,0.2868525896414343,0.15595976380522833,0.23281818895300233,0.08994187553903396,0.05403440068843196,0.035907474850602,False
temporal,zip_code,102xx,14,27,0.00010385448503011781,9.213224731025022e-05,0.07142857142857142,0.2222222222222222,0.15595976380522833,0.23281818895300233,-0.0845311923766569,-0.010595966730780115,0.07393522564587679,True
temporal,zip_code,870xx,54,116,0.0004005815851161687,0.00039582743288848246,0.2037037037037037,0.27586206896551724,0.15595976380522833,0.23281818895300233,0.04774393989847536,0.04304388001251491,0.00470005988596045,True
temporal,zip_code,777xx,24,86,0.00017803626005163053,0.00029345826921042665,0.20833333333333334,0.3023255813953488,0.15595976380522833,0.23281818895300233,0.05237356952810501,0.0695073924423465,0.01713382291424148,True
temporal,zip_code,164xx,33,70,0.00024479985757099195,0.00023886138191546354,0.09090909090909091,0.2714285714285714,0.15595976380522833,0.23281818895300233,-0.06505067289613742,0.03861038247556908,0.1036610553717065,True
temporal,zip_code,456xx,99,216,0.0007343995727129758,0.0007370579784820018,0.23232323232323232,0.2916666666666667,0.15595976380522833,0.23281818895300233,0.07636346851800399,0.05884847771366436,0.01751499080433963,True
temporal,zip_code,936xx,196,446,0.0014539627904216492,0.0015218882333470963,0.09183673469387756,0.23542600896860988,0.15595976380522833,0.23281818895300233,-0.06412302911135077,0.0026078200156075537,0.06673084912695833,False
temporal,zip_code,789xx,28,39,0.00020770897006023561,0.00013307991278147254,0.14285714285714285,0.2564102564102564,0.15595976380522833,0.23281818895300233,-0.01310262094808548,0.023592067457254062,0.03669468840533954,True
temporal,zip_code,539xx,49,125,0.0003634906976054123,0.0004265381819918992,0.10204081632653061,0.208,0.15595976380522833,0.23281818895300233,-0.053918947478697715,-0.024818188953002335,0.02910075852569538,True
temporal,zip_code,991xx,58,58,0.00043025429512477377,0.00019791371644424123,0.1724137931034483,0.2413793103448276,0.15595976380522833,0.23281818895300233,0.016454029298219958,0.008561121391825272,0.007892907906394686,True
temporal,zip_code,562xx,55,97,0.00040799976261831993,0.00033099362922571376,0.21818181818181817,0.20618556701030927,0.15595976380522833,0.23281818895300233,0.06222205437658984,-0.026632621942693058,0.0888546763192829,True
temporal,zip_code,313xx,91,223,0.0006750541526957657,0.0007609441166735482,0.14285714285714285,0.2556053811659193,0.15595976380522833,0.23281818895300233,-0.01310262094808548,0.022787192212916973,0.035889813161002454,True
temporal,zip_code,997xx,62,138,0.0004599270051333788,0.0004708981529190567,0.1935483870967742,0.2318840579710145,0.15595976380522833,0.23281818895300233,0.03758862329154586,-0.0009341309819878296,0.03852275427353369,True
temporal,zip_code,713xx,45,96,0.0003338179875968072,0.0003275813237697786,0.1111111111111111,0.2604166666666667,0.15595976380522833,0.23281818895300233,-0.044848652694117225,0.02759847771366436,0.07244713040778158,True
temporal,zip_code,358xx,79,153,0.0005860360226699504,0.0005220827347580846,0.16455696202531644,0.23529411764705882,0.15595976380522833,0.23281818895300233,0.008597198220088115,0.002475928694056495,0.00612126952603162,True
temporal,zip_code,188xx,20,51,0.00014836355004302544,0.00017402757825269488,0.15,0.3333333333333333,0.15595976380522833,0.23281818895300233,-0.005959763805228335,0.10051514438033099,0.10647490818555932,True
temporal,zip_code,222xx,153,237,0.0011349811578291445,0.0008087163930566409,0.11764705882352941,0.18143459915611815,0.15595976380522833,0.23281818895300233,-0.03831270498169892,-0.05138358979688418,0.013070884815185257,False
temporal,zip_code,593xx,17,33,0.00012610901753657162,0.00011260608004586139,0.058823529411764705,0.15151515151515152,0.15595976380522833,0.23281818895300233,-0.09713623439346362,-0.0813030374378508,0.01583319695561282,True
temporal,zip_code,416xx,9,10,6.676359751936145e-05,3.4123054559351935e-05,0.2222222222222222,0.1,0.15595976380522833,0.23281818895300233,0.06626245841699388,-0.13281818895300232,0.1990806473699962,True
temporal,zip_code,101xx,49,101,0.0003634906976054123,0.0003446428510494545,0.08163265306122448,0.24752475247524752,0.15595976380522833,0.23281818895300233,-0.07432711074400385,0.014706563522245197,0.08903367426624904,True
temporal,zip_code,454xx,137,351,0.0010162903177947241,0.001197719215033253,0.1386861313868613,0.19943019943019943,0.15595976380522833,0.23281818895300233,-0.01727363241836702,-0.03338798952280289,0.016114357104435872,False
temporal,zip_code,776xx,61,167,0.00045250882763122756,0.0005698550111411774,0.19672131147540983,0.20958083832335328,0.15595976380522833,0.23281818895300233,0.0407615476701815,-0.023237350629649045,0.06399889829983055,True
temporal,zip_code,227xx,44,71,0.00032639981009465596,0.00024227368737139875,0.18181818181818182,0.28169014084507044,0.15595976380522833,0.23281818895300233,0.025858418012953494,0.04887195189206811,0.023013533879114617,True
temporal,zip_code,292xx,119,256,0.0008827631227560013,0.0008735501967194095,0.11764705882352941,0.15234375,0.15595976380522833,0.23281818895300233,-0.03831270498169892,-0.08047443895300233,0.042161733971303406,False
temporal,zip_code,486xx,105,215,0.0007789086377258835,0.0007336456730260666,0.19047619047619047,0.2651162790697674,0.15595976380522833,0.23281818895300233,0.034516426670962136,0.0322980901167651,0.002218336554197037,False
temporal,zip_code,472xx,67,121,0.0004970178926441351,0.0004128889601681584,0.14925373134328357,0.30578512396694213,0.15595976380522833,0.23281818895300233,-0.006706032461944761,0.0729669350139398,0.07967296747588457,True
temporal,zip_code,350xx,159,393,0.0011794902228420522,0.001341036044182531,0.1320754716981132,0.2951653944020356,0.15595976380522833,0.23281818895300233,-0.023884292107115124,0.06234720544903327,0.0862314975561484,False
temporal,zip_code,423xx,41,105,0.0003041452775882021,0.00035829207287319534,0.17073170731707318,0.3238095238095238,0.15595976380522833,0.23281818895300233,0.014771943511844854,0.0909913348565215,0.07621939134467665,True
temporal,zip_code,595xx,18,19,0.0001335271950387229,6.483380366276868e-05,0.05555555555555555,0.3157894736842105,0.15595976380522833,0.23281818895300233,-0.10040420824967278,0.08297128473120818,0.18337549298088096,True
temporal,zip_code,610xx,92,216,0.000682472330197917,0.0007370579784820018,0.15217391304347827,0.21296296296296297,0.15595976380522833,0.23281818895300233,-0.003785850761750059,-0.01985522599003936,0.0160693752282893,True
temporal,zip_code,235xx,68,139,0.0005044360701462865,0.0004743104583749919,0.17647058823529413,0.28776978417266186,0.15595976380522833,0.23281818895300233,0.0205108244300658,0.05495159521965953,0.03444077078959373,True
temporal,zip_code,814xx,49,82,0.0003634906976054123,0.0002798090473866859,0.10204081632653061,0.17073170731707318,0.15595976380522833,0.23281818895300233,-0.053918947478697715,-0.06208648163592914,0.008167534157231426,True
temporal,zip_code,779xx,40,113,0.0002967271000860509,0.00038559051652067687,0.1,0.23893805309734514,0.15595976380522833,0.23281818895300233,-0.055959763805228324,0.006119864144342818,0.06207962794957114,True
temporal,zip_code,757xx,90,264,0.0006676359751936144,0.0009008486403668911,0.1111111111111111,0.2689393939393939,0.15595976380522833,0.23281818895300233,-0.044848652694117225,0.0361212049863916,0.08096985768050882,True
temporal,zip_code,624xx,29,84,0.00021512714756238689,0.00028663365829855624,0.06896551724137931,0.20238095238095238,0.15595976380522833,0.23281818895300233,-0.08699424656384902,-0.03043723657204994,0.05655700999179908,True
temporal,zip_code,444xx,94,269,0.0006973086852022195,0.0009179101676465671,0.09574468085106383,0.29739776951672864,0.15595976380522833,0.23281818895300233,-0.0602150829541645,0.06457958056372631,0.12479466351789081,True
temporal,zip_code,278xx,143,347,0.0010607993828076318,0.001184069993209512,0.16083916083916083,0.2968299711815562,0.15595976380522833,0.23281818895300233,0.004879397033932503,0.06401178222855386,0.059132385194621356,False
temporal,zip_code,052xx,9,34,6.676359751936145e-05,0.00011601838550179658,0.0,0.20588235294117646,0.15595976380522833,0.23281818895300233,-0.15595976380522833,-0.026935836011825864,0.12902392779340247,True
temporal,zip_code,084xx,20,29,0.00014836355004302544,9.895685822212061e-05,0.05,0.3448275862068966,0.15595976380522833,0.23281818895300233,-0.10595976380522833,0.11200939725389425,0.21796916105912256,True
temporal,zip_code,721xx,134,273,0.0009940357852882703,0.0009315593894703078,0.17164179104477612,0.315018315018315,0.15595976380522833,0.23281818895300233,0.015682027239547786,0.08220012606531268,0.0665180988257649,False
temporal,zip_code,341xx,104,312,0.0007714904602237323,0.0010646393022517803,0.17307692307692307,0.25,0.15595976380522833,0.23281818895300233,0.017117159271694743,0.017181811046997675,6.465177530293187e-05,False
temporal,zip_code,753xx,6,7,4.450906501290763e-05,2.3886138191546356e-05,0.16666666666666666,0.0,0.15595976380522833,0.23281818895300233,0.010706902861438328,-0.23281818895300233,0.24352509181444065,True
temporal,zip_code,720xx,151,367,0.001120144802824842,0.001252316102328216,0.19205298013245034,0.3079019073569482,0.15595976380522833,0.23281818895300233,0.03609321632722201,0.0750837184039459,0.03899050207672389,False
temporal,zip_code,731xx,220,464,0.0016319990504732797,0.0015833097315539298,0.16363636363636364,0.2543103448275862,0.15595976380522833,0.23281818895300233,0.007676599831135306,0.021492155874583863,0.013815556043448557,False
temporal,zip_code,195xx,95,147,0.0007047268627043708,0.0005016089020224735,0.16842105263157894,0.272108843537415,0.15595976380522833,0.23281818895300233,0.012461288826350614,0.039290654584412665,0.02682936575806205,True
temporal,zip_code,608xx,52,125,0.00038574523011186614,0.0004265381819918992,0.15384615384615385,0.176,0.15595976380522833,0.23281818895300233,-0.002113609959074475,-0.056818188953002335,0.05470457899392786,True
temporal,zip_code,069xx,87,152,0.0006453814426871606,0.0005186704293021494,0.12643678160919541,0.18421052631578946,0.15595976380522833,0.23281818895300233,-0.029522982196032915,-0.04860766263721286,0.019084680441179946,True
temporal,zip_code,629xx,59,114,0.000437672472626925,0.00038900282197661205,0.11864406779661017,0.21052631578947367,0.15595976380522833,0.23281818895300233,-0.03731569600861816,-0.022291873163528653,0.015023822845089504,True
temporal,zip_code,244xx,51,105,0.00037832705260971484,0.00035829207287319534,0.23529411764705882,0.2761904761904762,0.15595976380522833,0.23281818895300233,0.07933435384183049,0.04337228723747388,0.03596206660435661,True
temporal,zip_code,653xx,38,57,0.00028189074508174833,0.00019450141098830602,0.23684210526315788,0.22807017543859648,0.15595976380522833,0.23281818895300233,0.08088234145792955,-0.004748013514405847,0.0856303549723354,True
temporal,zip_code,881xx,28,57,0.00020770897006023561,0.00019450141098830602,0.25,0.2982456140350877,0.15595976380522833,0.23281818895300233,0.09404023619477167,0.06542742508208538,0.028612811112686293,True
temporal,zip_code,978xx,71,95,0.0005266906026527402,0.0003241690183138434,0.11267605633802817,0.18947368421052632,0.15595976380522833,0.23281818895300233,-0.04328370746720016,-0.043344504742476,6.079727527584511e-05,True
temporal,zip_code,183xx,72,251,0.0005341087801548916,0.0008564886694397335,0.1527777777777778,0.2788844621513944,0.15595976380522833,0.23281818895300233,-0.0031819860274505396,0.04606627319839207,0.04924825922584261,True
temporal,zip_code,548xx,56,138,0.00041541794012047123,0.0004708981529190567,0.17857142857142858,0.2318840579710145,0.15595976380522833,0.23281818895300233,0.022611664766200246,-0.0009341309819878296,0.023545795748188075,True
temporal,zip_code,711xx,102,208,0.0007566541052194297,0.0007097595348345202,0.13725490196078433,0.28365384615384615,0.15595976380522833,0.23281818895300233,-0.018704861844444004,0.05083565720084382,0.06954051904528782,False
temporal,zip_code,651xx,25,49,0.0001854544375537818,0.00016720296734082447,0.16,0.20408163265306123,0.15595976380522833,0.23281818895300233,0.004040236194771674,-0.028736556299941096,0.03277679249471277,True
temporal,zip_code,561xx,26,52,0.00019287261505593307,0.00017743988370863006,0.15384615384615385,0.17307692307692307,0.15595976380522833,0.23281818895300233,-0.002113609959074475,-0.05974126587607925,0.05762765591700478,True
temporal,zip_code,355xx,44,85,0.00032639981009465596,0.0002900459637544915,0.20454545454545456,0.3411764705882353,0.15595976380522833,0.23281818895300233,0.04858569074022623,0.10835828163523298,0.05977259089500675,True
temporal,zip_code,613xx,42,114,0.0003115634550903534,0.00038900282197661205,0.14285714285714285,0.19298245614035087,0.15595976380522833,0.23281818895300233,-0.01310262094808548,-0.03983573281265146,0.026733111864565978,True
temporal,zip_code,491xx,38,70,0.00028189074508174833,0.00023886138191546354,0.13157894736842105,0.2,0.15595976380522833,0.23281818895300233,-0.024380816436807284,-0.032818188953002314,0.00843737251619503,True
temporal,zip_code,650xx,46,89,0.0003412361650989585,0.00030369518557823224,0.17391304347826086,0.20224719101123595,0.15595976380522833,0.23281818895300233,0.017953279673032535,-0.030570997941766376,0.04852427761479891,True
temporal,zip_code,384xx,40,91,0.0002967271000860509,0.0003105197964901026,0.125,0.18681318681318682,0.15595976380522833,0.23281818895300233,-0.03095976380522833,-0.04600500213981551,0.01504523833458718,True
temporal,zip_code,224xx,136,273,0.001008872140292573,0.0009315593894703078,0.15441176470588236,0.23809523809523808,0.15595976380522833,0.23281818895300233,-0.0015479990993459702,0.005277049142235757,0.006825048241581727,False
temporal,zip_code,401xx,50,120,0.0003709088751075636,0.0004094766547122232,0.18,0.24166666666666667,0.15595976380522833,0.23281818895300233,0.024040236194771664,0.008848477713664343,0.01519175848110732,True
temporal,zip_code,159xx,46,89,0.0003412361650989585,0.00030369518557823224,0.17391304347826086,0.3258426966292135,0.15595976380522833,0.23281818895300233,0.017953279673032535,0.09302450767621118,0.07507122800317864,True
temporal,zip_code,758xx,27,54,0.00020029079255808434,0.00018426449462050044,0.037037037037037035,0.2037037037037037,0.15595976380522833,0.23281818895300233,-0.1189227267681913,-0.029114485249298633,0.08980824151889266,True
temporal,zip_code,749xx,26,63,0.00019287261505593307,0.0002149752437239172,0.19230769230769232,0.3333333333333333,0.15595976380522833,0.23281818895300233,0.03634792850246399,0.10051514438033099,0.064167215877867,True
temporal,zip_code,094xx,4,3,2.9672710008605084e-05,1.023691636780558e-05,0.25,0.3333333333333333,0.15595976380522833,0.23281818895300233,0.09404023619477167,0.10051514438033099,0.006474908185559319,True
temporal,zip_code,846xx,69,115,0.0005118542476484377,0.0003924151274325473,0.13043478260869565,0.1826086956521739,0.15595976380522833,0.23281818895300233,-0.02552498119653268,-0.05020949330082841,0.02468451210429573,True
temporal,zip_code,816xx,104,160,0.0007714904602237323,0.000545968872949631,0.14423076923076922,0.19375,0.15595976380522833,0.23281818895300233,-0.011728994574459112,-0.03906818895300232,0.027339194378543208,False
temporal,zip_code,567xx,36,68,0.0002670543900774458,0.00023203677100359316,0.16666666666666666,0.20588235294117646,0.15595976380522833,0.23281818895300233,0.010706902861438328,-0.026935836011825864,0.03764273887326419,True
temporal,zip_code,106xx,65,128,0.00048218153763983265,0.00043677509835970474,0.09230769230769231,0.21875,0.15595976380522833,0.23281818895300233,-0.06365207149753602,-0.014068188953002325,0.04958388254453369,True
temporal,zip_code,795xx,30,78,0.00022254532506453816,0.00026615982556294507,0.13333333333333333,0.3076923076923077,0.15595976380522833,0.23281818895300233,-0.022626430471894998,0.07487411873930538,0.09750054921120038,True
temporal,zip_code,903xx,68,125,0.0005044360701462865,0.0004265381819918992,0.1323529411764706,0.216,0.15595976380522833,0.23281818895300233,-0.02360682262875774,-0.016818188953002328,0.006788633675755412,True
temporal,zip_code,717xx,28,78,0.00020770897006023561,0.00026615982556294507,0.21428571428571427,0.3076923076923077,0.15595976380522833,0.23281818895300233,0.058325950480485944,0.07487411873930538,0.01654816825881944,True
temporal,zip_code,304xx,50,117,0.0003709088751075636,0.00039923973834441763,0.16,0.19658119658119658,0.15595976380522833,0.23281818895300233,0.004040236194771674,-0.03623699237180575,0.04027722856657742,True
temporal,zip_code,634xx,20,43,0.00014836355004302544,0.00014672913460521333,0.2,0.3023255813953488,0.15595976380522833,0.23281818895300233,0.04404023619477168,0.0695073924423465,0.025467156247574813,True
temporal,zip_code,427xx,42,86,0.0003115634550903534,0.00029345826921042665,0.16666666666666666,0.23255813953488372,0.15595976380522833,0.23281818895300233,0.010706902861438328,-0.0002600494181186075,0.010966952279556935,True
temporal,zip_code,406xx,18,34,0.0001335271950387229,0.00011601838550179658,0.16666666666666666,0.14705882352941177,0.15595976380522833,0.23281818895300233,0.010706902861438328,-0.08575936542359056,0.09646626828502888,True
temporal,zip_code,724xx,59,164,0.000437672472626925,0.0005596180947733718,0.1694915254237288,0.27439024390243905,0.15595976380522833,0.23281818895300233,0.013531761618500476,0.04157205494943672,0.028040293330936245,True
temporal,zip_code,893xx,11,10,8.159995252366399e-05,3.4123054559351935e-05,0.18181818181818182,0.1,0.15595976380522833,0.23281818895300233,0.025858418012953494,-0.13281818895300232,0.1586766069659558,True
temporal,zip_code,612xx,84,137,0.0006231269101807068,0.0004674858474631215,0.08333333333333333,0.21897810218978103,0.15595976380522833,0.23281818895300233,-0.072626430471895,-0.013840086763221293,0.05878634370867371,True
temporal,zip_code,710xx,38,101,0.00028189074508174833,0.0003446428510494545,0.2631578947368421,0.36633663366336633,0.15595976380522833,0.23281818895300233,0.10719813093161376,0.133518444710364,0.026320313778750243,True
temporal,zip_code,597xx,69,154,0.0005118542476484377,0.0005254950402140198,0.13043478260869565,0.11688311688311688,0.15595976380522833,0.23281818895300233,-0.02552498119653268,-0.11593507206988544,0.09041009087335276,True
temporal,zip_code,241xx,78,146,0.0005786178451677992,0.0004981965965665383,0.11538461538461539,0.2328767123287671,0.15595976380522833,0.23281818895300233,-0.04057514842061294,5.852337576478517e-05,0.040633671796377724,True
temporal,zip_code,173xx,131,267,0.0009717812527818165,0.0009110855567346967,0.12213740458015267,0.29213483146067415,0.15595976380522833,0.23281818895300233,-0.03382235922507566,0.059316642507671824,0.09313900173274749,False
temporal,zip_code,994xx,4,12,2.9672710008605084e-05,4.094766547122232e-05,0.25,0.25,0.15595976380522833,0.23281818895300233,0.09404023619477167,0.017181811046997675,0.076858425147774,True
temporal,zip_code,470xx,41,84,0.0003041452775882021,0.00028663365829855624,0.07317073170731707,0.20238095238095238,0.15595976380522833,0.23281818895300233,-0.08278903209791126,-0.03043723657204994,0.05235179552586132,True
temporal,zip_code,258xx,26,27,0.00019287261505593307,9.213224731025022e-05,0.11538461538461539,0.3333333333333333,0.15595976380522833,0.23281818895300233,-0.04057514842061294,0.10051514438033099,0.14109029280094393,True
temporal,zip_code,611xx,75,181,0.0005563633126613453,0.0006176272875242701,0.2,0.2154696132596685,0.15595976380522833,0.23281818895300233,0.04404023619477168,-0.017348575693333812,0.06138881188810549,True
temporal,zip_code,897xx,36,97,0.0002670543900774458,0.00033099362922571376,0.25,0.2268041237113402,0.15595976380522833,0.23281818895300233,0.09404023619477167,-0.00601406524166212,0.10005430143643379,True
temporal,zip_code,544xx,97,204,0.0007195632177086733,0.0006961103130107795,0.15463917525773196,0.20098039215686275,0.15595976380522833,0.23281818895300233,-0.0013205885474963652,-0.03183779679613957,0.030517208248643207,True
temporal,zip_code,127xx,44,105,0.00032639981009465596,0.00035829207287319534,0.11363636363636363,0.2857142857142857,0.15595976380522833,0.23281818895300233,-0.0423234001688647,0.05289609676128337,0.09521949693014807,True
temporal,zip_code,262xx,27,18,0.00020029079255808434,6.142149820683349e-05,0.0,0.05555555555555555,0.15595976380522833,0.23281818895300233,-0.15595976380522833,-0.17726263339744677,0.021302869592218443,True
temporal,zip_code,034xx,36,80,0.0002670543900774458,0.0002729844364748155,0.19444444444444445,0.175,0.15595976380522833,0.23281818895300233,0.03848468063921612,-0.057818188953002336,0.09630286959221845,True
temporal,zip_code,168xx,54,84,0.0004005815851161687,0.00028663365829855624,0.14814814814814814,0.2976190476190476,0.15595976380522833,0.23281818895300233,-0.00781161565708019,0.06480085866604529,0.07261247432312548,True
temporal,zip_code,263xx,36,31,0.0002670543900774458,0.000105781469133991,0.16666666666666666,0.25806451612903225,0.15595976380522833,0.23281818895300233,0.010706902861438328,0.025246327176029926,0.014539424314591598,True
temporal,zip_code,246xx,20,31,0.00014836355004302544,0.000105781469133991,0.4,0.3548387096774194,0.15595976380522833,0.23281818895300233,0.2440402361947717,0.12202052072441705,0.12201971547035464,True
temporal,zip_code,318xx,35,88,0.0002596362125752945,0.000300282880122297,0.14285714285714285,0.25,0.15595976380522833,0.23281818895300233,-0.01310262094808548,0.017181811046997675,0.030284431995083155,True
temporal,zip_code,602xx,38,59,0.00028189074508174833,0.0002013260219001764,0.15789473684210525,0.1864406779661017,0.15595976380522833,0.23281818895300233,0.0019349730368769247,-0.04637751098690063,0.04831248402377755,True
temporal,zip_code,645xx,36,58,0.0002670543900774458,0.00019791371644424123,0.19444444444444445,0.13793103448275862,0.15595976380522833,0.23281818895300233,0.03848468063921612,-0.0948871544702437,0.13337183510945982,True
temporal,zip_code,915xx,79,126,0.0005860360226699504,0.0004299504874478344,0.1518987341772152,0.23809523809523808,0.15595976380522833,0.23281818895300233,-0.004061029628013135,0.005277049142235757,0.009338078770248892,True
temporal,zip_code,153xx,72,144,0.0005341087801548916,0.0004913719856546679,0.2638888888888889,0.2777777777777778,0.15595976380522833,0.23281818895300233,0.10792912508366057,0.044959588824775465,0.0629695362588851,True
temporal,zip_code,855xx,50,94,0.0003709088751075636,0.0003207567128579082,0.14,0.2872340425531915,0.15595976380522833,0.23281818895300233,-0.015959763805228316,0.05441585360018919,0.0703756174054175,True
temporal,zip_code,409xx,7,21,5.1927242515058903e-05,7.165841457463906e-05,0.42857142857142855,0.3333333333333333,0.15595976380522833,0.23281818895300233,0.27261166476620025,0.10051514438033099,0.17209652038586926,True
temporal,zip_code,947xx,70,91,0.000519272425150589,0.0003105197964901026,0.1,0.13186813186813187,0.15595976380522833,0.23281818895300233,-0.055959763805228324,-0.10095005708487045,0.04499029327964213,True
temporal,zip_code,767xx,40,132,0.0002967271000860509,0.00045042432018344556,0.15,0.2803030303030303,0.15595976380522833,0.23281818895300233,-0.005959763805228335,0.04748484135002795,0.053444605155256286,True
temporal,zip_code,542xx,24,65,0.00017803626005163053,0.00022179985463578758,0.16666666666666666,0.15384615384615385,0.15595976380522833,0.23281818895300233,0.010706902861438328,-0.07897203510684847,0.0896789379682868,True
temporal,zip_code,316xx,58,98,0.00043025429512477377,0.00033440593468164894,0.1206896551724138,0.17346938775510204,0.15595976380522833,0.23281818895300233,-0.03527010863281453,-0.059348801197900286,0.024078692565085755,True
temporal,zip_code,625xx,54,104,0.0004005815851161687,0.0003548797674172601,0.16666666666666666,0.27884615384615385,0.15595976380522833,0.23281818895300233,0.010706902861438328,0.04602796489315153,0.0353210620317132,True
temporal,zip_code,425xx,15,40,0.00011127266253226908,0.00013649221823740774,0.26666666666666666,0.3,0.15595976380522833,0.23281818895300233,0.11070690286143833,0.06718181104699766,0.04352509181444067,True
temporal,zip_code,374xx,67,151,0.0004970178926441351,0.0005152581238462142,0.208955223880597,0.23178807947019867,0.15595976380522833,0.23281818895300233,0.05299546007536868,-0.0010301094828036594,0.05402556955817234,True
temporal,zip_code,158xx,32,65,0.00023738168006884067,0.00022179985463578758,0.15625,0.27692307692307694,0.15595976380522833,0.23281818895300233,0.0002902361947716703,0.04410488797007461,0.04381465177530294,True
temporal,zip_code,279xx,66,132,0.0004895997151419839,0.00045042432018344556,0.18181818181818182,0.21212121212121213,0.15595976380522833,0.23281818895300233,0.025858418012953494,-0.020696976831790198,0.04655539484474369,True
temporal,zip_code,324xx,107,318,0.000793744992730186,0.0010851131349873915,0.18691588785046728,0.2578616352201258,0.15595976380522833,0.23281818895300233,0.030956124045238953,0.02504344626712346,0.005912677778115494,False
temporal,zip_code,714xx,51,102,0.00037832705260971484,0.00034805515650538976,0.13725490196078433,0.2549019607843137,0.15595976380522833,0.23281818895300233,-0.018704861844444004,0.022083771831311383,0.04078863367575539,True
temporal,zip_code,638xx,31,53,0.0002299635025666894,0.00018085218916456526,0.3548387096774194,0.37735849056603776,0.15595976380522833,0.23281818895300233,0.19887894587219104,0.14454030161303544,0.054338644259155605,True
temporal,zip_code,404xx,41,108,0.0003041452775882021,0.0003685289892410009,0.14634146341463414,0.16666666666666666,0.15595976380522833,0.23281818895300233,-0.009618300390594192,-0.06615152228633567,0.056533221895741476,True
temporal,zip_code,614xx,40,74,0.0002967271000860509,0.0002525106037392043,0.1,0.28378378378378377,0.15595976380522833,0.23281818895300233,-0.055959763805228324,0.05096559483078145,0.10692535863600977,True
temporal,zip_code,565xx,60,139,0.0004450906501290763,0.0004743104583749919,0.13333333333333333,0.2446043165467626,0.15595976380522833,0.23281818895300233,-0.022626430471894998,0.01178612759376027,0.03441255806565527,True
temporal,zip_code,778xx,89,196,0.0006602177976914632,0.0006688118693632979,0.12359550561797752,0.25510204081632654,0.15595976380522833,0.23281818895300233,-0.032364258187250805,0.02228385186332421,0.054648110050575016,True
temporal,zip_code,873xx,15,26,0.00011127266253226908,8.871994185431503e-05,0.13333333333333333,0.23076923076923078,0.15595976380522833,0.23281818895300233,-0.022626430471894998,-0.002048958183771543,0.020577472288123455,True
temporal,zip_code,176xx,57,110,0.00042283611762262247,0.0003753536001528713,0.10526315789473684,0.20909090909090908,0.15595976380522833,0.23281818895300233,-0.05069660591049149,-0.023727279862093248,0.026969326048398246,True
temporal,zip_code,676xx,19,35,0.00014094537254087417,0.00011943069095773177,0.0,0.2571428571428571,0.15595976380522833,0.23281818895300233,-0.15595976380522833,0.024324668189854792,0.18028443199508312,True
temporal,zip_code,538xx,10,28,7.418177502151272e-05,9.554455276618542e-05,0.1,0.32142857142857145,0.15595976380522833,0.23281818895300233,-0.055959763805228324,0.08861038247556913,0.14457014628079745,True
temporal,zip_code,626xx,61,119,0.00045250882763122756,0.00040606434925628804,0.06557377049180328,0.25210084033613445,0.15595976380522833,0.23281818895300233,-0.09038599331342505,0.01928265138313212,0.10966864469655717,True
temporal,zip_code,877xx,14,25,0.00010385448503011781,8.530763639837984e-05,0.21428571428571427,0.28,0.15595976380522833,0.23281818895300233,0.058325950480485944,0.0471818110469977,0.011144139433488243,True
temporal,zip_code,609xx,65,115,0.00048218153763983265,0.0003924151274325473,0.12307692307692308,0.2608695652173913,0.15595976380522833,0.23281818895300233,-0.032882840728305246,0.028051376264388972,0.06093421699269422,True
temporal,zip_code,747xx,14,51,0.00010385448503011781,0.00017402757825269488,0.14285714285714285,0.23529411764705882,0.15595976380522833,0.23281818895300233,-0.01310262094808548,0.002475928694056495,0.015578549642141976,True
temporal,zip_code,172xx,55,168,0.00040799976261831993,0.0005732673165971125,0.21818181818181817,0.23214285714285715,0.15595976380522833,0.23281818895300233,0.06222205437658984,-0.0006753318101451744,0.06289738618673502,True
temporal,zip_code,784xx,83,235,0.0006157087326785555,0.0008018917821447705,0.10843373493975904,0.2680851063829787,0.15595976380522833,0.23281818895300233,-0.04752602886546929,0.0352669174299764,0.08279294629544569,True
temporal,zip_code,434xx,62,123,0.0004599270051333788,0.0004197135710800288,0.20967741935483872,0.2032520325203252,0.15595976380522833,0.23281818895300233,0.05371765554961039,-0.029566156432677126,0.08328381198228751,True
temporal,zip_code,260xx,57,50,0.00042283611762262247,0.00017061527279675967,0.05263157894736842,0.14,0.15595976380522833,0.23281818895300233,-0.10332818485785991,-0.09281818895300231,0.0105099959048576,True
temporal,zip_code,924xx,82,171,0.0006082905551764042,0.0005835042329649181,0.1951219512195122,0.2046783625730994,0.15595976380522833,0.23281818895300233,0.03916218741428387,-0.02813982637990292,0.0673020137941868,True
temporal,zip_code,362xx,66,130,0.0004895997151419839,0.00044359970927157515,0.24242424242424243,0.24615384615384617,0.15595976380522833,0.23281818895300233,0.0864644786190141,0.013335657200843842,0.07312882141817026,True
temporal,zip_code,764xx,39,83,0.0002893089225838996,0.00028322135284262106,0.05128205128205128,0.30120481927710846,0.15595976380522833,0.23281818895300233,-0.10467771252317705,0.06838663032410613,0.17306434284728317,True
temporal,zip_code,615xx,69,146,0.0005118542476484377,0.0004981965965665383,0.10144927536231885,0.23972602739726026,0.15595976380522833,0.23281818895300233,-0.05451048844290948,0.0069078384442579355,0.06141832688716742,True
temporal,zip_code,133xx,50,114,0.0003709088751075636,0.00038900282197661205,0.16,0.22807017543859648,0.15595976380522833,0.23281818895300233,0.004040236194771674,-0.004748013514405847,0.00878824970917752,True
temporal,zip_code,647xx,40,87,0.0002967271000860509,0.00029687057466636183,0.225,0.20689655172413793,0.15595976380522833,0.23281818895300233,0.06904023619477168,-0.025921637228864397,0.09496187342363607,True
temporal,zip_code,250xx,19,15,0.00014094537254087417,5.11845818390279e-05,0.21052631578947367,0.3333333333333333,0.15595976380522833,0.23281818895300233,0.05456655198424534,0.10051514438033099,0.04594859239608565,True
temporal,zip_code,979xx,10,12,7.418177502151272e-05,4.094766547122232e-05,0.3,0.16666666666666666,0.15595976380522833,0.23281818895300233,0.14404023619477166,-0.06615152228633567,0.21019175848110733,True
temporal,zip_code,464xx,41,101,0.0003041452775882021,0.0003446428510494545,0.3170731707317073,0.3069306930693069,0.15595976380522833,0.23281818895300233,0.161113406926479,0.0741125041163046,0.08700090281017439,True
temporal,zip_code,744xx,54,129,0.0004005815851161687,0.00044018740381564,0.14814814814814814,0.24031007751937986,0.15595976380522833,0.23281818895300233,-0.00781161565708019,0.00749188856637753,0.01530350422345772,True
temporal,zip_code,218xx,65,173,0.00048218153763983265,0.0005903288438767884,0.15384615384615385,0.2774566473988439,0.15595976380522833,0.23281818895300233,-0.002113609959074475,0.04463845844584158,0.04675206840491605,True
temporal,zip_code,678xx,44,69,0.00032639981009465596,0.00023544907645952834,0.18181818181818182,0.14492753623188406,0.15595976380522833,0.23281818895300233,0.025858418012953494,-0.08789065272111826,0.11374907073407176,True
temporal,zip_code,149xx,14,40,0.00010385448503011781,0.00013649221823740774,0.07142857142857142,0.275,0.15595976380522833,0.23281818895300233,-0.0845311923766569,0.0421818110469977,0.1267130034236546,True
temporal,zip_code,415xx,9,24,6.676359751936145e-05,8.189533094244465e-05,0.4444444444444444,0.25,0.15595976380522833,0.23281818895300233,0.28848468063921606,0.017181811046997675,0.2713028695922184,True
temporal,zip_code,075xx,89,175,0.0006602177976914632,0.0005971534547886589,0.19101123595505617,0.32,0.15595976380522833,0.23281818895300233,0.035051472149827845,0.08718181104699768,0.05213033889716984,True
temporal,zip_code,596xx,35,57,0.0002596362125752945,0.00019450141098830602,0.2,0.21052631578947367,0.15595976380522833,0.23281818895300233,0.04404023619477168,-0.022291873163528653,0.06633210935830033,True
temporal,zip_code,644xx,35,60,0.0002596362125752945,0.0002047383273561116,0.14285714285714285,0.35,0.15595976380522833,0.23281818895300233,-0.01310262094808548,0.11718181104699765,0.13028443199508313,True
temporal,zip_code,918xx,48,80,0.00035607252010326105,0.0002729844364748155,0.14583333333333334,0.2125,0.15595976380522833,0.23281818895300233,-0.010126430471894987,-0.02031818895300233,0.010191758481107344,True
temporal,zip_code,135xx,25,55,0.0001854544375537818,0.00018767680007643564,0.16,0.32727272727272727,0.15595976380522833,0.23281818895300233,0.004040236194771674,0.09445453831972495,0.09041430212495327,True
temporal,zip_code,438xx,25,36,0.0001854544375537818,0.00012284299641366698,0.32,0.3333333333333333,0.15595976380522833,0.23281818895300233,0.16404023619477168,0.10051514438033099,0.06352509181444069,True
temporal,zip_code,599xx,47,105,0.00034865434260110975,0.00035829207287319534,0.06382978723404255,0.20952380952380953,0.15595976380522833,0.23281818895300233,-0.09212997657118578,-0.023294379429192796,0.06883559714199299,True
temporal,zip_code,545xx,31,59,0.0002299635025666894,0.0002013260219001764,0.22580645161290322,0.22033898305084745,0.15595976380522833,0.23281818895300233,0.06984668780767489,-0.012479205902154872,0.08232589370982976,True
temporal,zip_code,178xx,56,133,0.00041541794012047123,0.00045383662563938074,0.17857142857142858,0.2857142857142857,0.15595976380522833,0.23281818895300233,0.022611664766200246,0.05289609676128337,0.030284431995083128,True
temporal,zip_code,664xx,27,74,0.00020029079255808434,0.0002525106037392043,0.14814814814814814,0.21621621621621623,0.15595976380522833,0.23281818895300233,-0.00781161565708019,-0.016601972736786097,0.008790357079705907,True
temporal,zip_code,738xx,15,16,0.00011127266253226908,5.459688729496309e-05,0.2,0.5625,0.15595976380522833,0.23281818895300233,0.04404023619477168,0.3296818110469977,0.28564157485222597,True
temporal,zip_code,811xx,29,63,0.00021512714756238689,0.0002149752437239172,0.13793103448275862,0.20634920634920634,0.15595976380522833,0.23281818895300233,-0.01802872932246971,-0.026468982603795987,0.008440253281326277,True
temporal,zip_code,619xx,30,74,0.00022254532506453816,0.0002525106037392043,0.23333333333333334,0.2702702702702703,0.15595976380522833,0.23281818895300233,0.07737356952810501,0.03745208131726796,0.03992148821083705,True
temporal,zip_code,792xx,13,12,9.643630752796654e-05,4.094766547122232e-05,0.3076923076923077,0.3333333333333333,0.15595976380522833,0.23281818895300233,0.15173254388707938,0.10051514438033099,0.05121739950674839,True
temporal,zip_code,182xx,53,122,0.0003931634076140174,0.00041630126562409363,0.3018867924528302,0.3442622950819672,0.15595976380522833,0.23281818895300233,0.14592702864760185,0.11144410612896488,0.034482922518636966,True
temporal,zip_code,573xx,26,33,0.00019287261505593307,0.00011260608004586139,0.2692307692307692,0.15151515151515152,0.15595976380522833,0.23281818895300233,0.11327100542554089,-0.0813030374378508,0.1945740428633917,True
temporal,zip_code,675xx,34,48,0.00025221803507314325,0.0001637906618848893,0.058823529411764705,0.22916666666666666,0.15595976380522833,0.23281818895300233,-0.09713623439346362,-0.0036515222863356678,0.09348471210712796,True
temporal,zip_code,734xx,23,49,0.00017061808254947925,0.00016720296734082447,0.2608695652173913,0.32653061224489793,0.15595976380522833,0.23281818895300233,0.10490980141216297,0.09371242329189561,0.01119737812026736,True
temporal,zip_code,118xx,34,84,0.00025221803507314325,0.00028663365829855624,0.17647058823529413,0.34523809523809523,0.15595976380522833,0.23281818895300233,0.0205108244300658,0.11241990628509291,0.09190908185502711,True
temporal,zip_code,654xx,24,59,0.00017803626005163053,0.0002013260219001764,0.125,0.1864406779661017,0.15595976380522833,0.23281818895300233,-0.03095976380522833,-0.04637751098690063,0.015417747181672298,True
temporal,zip_code,736xx,12,28,8.901813002581526e-05,9.554455276618542e-05,0.25,0.5357142857142857,0.15595976380522833,0.23281818895300233,0.09404023619477167,0.3028960967612834,0.2088558605665117,True
temporal,zip_code,812xx,30,55,0.00022254532506453816,0.00018767680007643564,0.13333333333333333,0.2,0.15595976380522833,0.23281818895300233,-0.022626430471894998,-0.032818188953002314,0.010191758481107316,True
temporal,zip_code,723xx,62,109,0.0004599270051333788,0.0003719412946969361,0.16129032258064516,0.3119266055045872,0.15595976380522833,0.23281818895300233,0.005330558775416827,0.07910841655158485,0.07377785777616802,True
temporal,zip_code,407xx,20,46,0.00014836355004302544,0.0001569660509730189,0.3,0.17391304347826086,0.15595976380522833,0.23281818895300233,0.14404023619477166,-0.05890514547474146,0.20294538166951312,True
temporal,zip_code,155xx,28,41,0.00020770897006023561,0.00013990452369334294,0.17857142857142858,0.34146341463414637,0.15595976380522833,0.23281818895300233,0.022611664766200246,0.10864522568114404,0.0860335609149438,True
temporal,zip_code,411xx,20,67,0.00014836355004302544,0.00022862446554765796,0.05,0.3283582089552239,0.15595976380522833,0.23281818895300233,-0.10595976380522833,0.09554002000222156,0.20149978380744987,True
temporal,zip_code,825xx,20,27,0.00014836355004302544,9.213224731025022e-05,0.15,0.14814814814814814,0.15595976380522833,0.23281818895300233,-0.005959763805228335,-0.08467004080485419,0.07871027699962585,True
temporal,zip_code,569xx,1,2,7.418177502151271e-06,6.824610911870387e-06,0.0,0.5,0.15595976380522833,0.23281818895300233,-0.15595976380522833,0.2671818110469977,0.42314157485222603,True
temporal,zip_code,243xx,35,70,0.0002596362125752945,0.00023886138191546354,0.11428571428571428,0.2714285714285714,0.15595976380522833,0.23281818895300233,-0.04167404951951405,0.03861038247556908,0.08028443199508313,True
temporal,zip_code,636xx,22,71,0.00016319990504732798,0.00024227368737139875,0.18181818181818182,0.28169014084507044,0.15595976380522833,0.23281818895300233,0.025858418012953494,0.04887195189206811,0.023013533879114617,True
temporal,zip_code,725xx,17,63,0.00012610901753657162,0.0002149752437239172,0.058823529411764705,0.1746031746031746,0.15595976380522833,0.23281818895300233,-0.09713623439346362,-0.05821501434982773,0.03892122004363589,True
temporal,zip_code,574xx,20,37,0.00014836355004302544,0.00012625530186960215,0.25,0.16216216216216217,0.15595976380522833,0.23281818895300233,0.09404023619477167,-0.07065602679084015,0.16469626298561182,True
temporal,zip_code,556xx,6,13,4.450906501290763e-05,4.4359970927157514e-05,0.0,0.38461538461538464,0.15595976380522833,0.23281818895300233,-0.15595976380522833,0.1517971956623823,0.3077569594676106,True
temporal,zip_code,790xx,68,141,0.0005044360701462865,0.00048113506928686227,0.1323529411764706,0.28368794326241137,0.15595976380522833,0.23281818895300233,-0.02360682262875774,0.05086975430940904,0.07447657693816678,True
temporal,zip_code,969xx,1,3,7.418177502151271e-06,1.023691636780558e-05,1.0,0.3333333333333333,0.15595976380522833,0.23281818895300233,0.8440402361947716,0.10051514438033099,0.7435250918144407,True
temporal,zip_code,803xx,50,90,0.0003709088751075636,0.0003071074910341674,0.1,0.17777777777777778,0.15595976380522833,0.23281818895300233,-0.055959763805228324,-0.05504041117522454,0.0009193526300037835,True
temporal,zip_code,255xx,48,40,0.00035607252010326105,0.00013649221823740774,0.16666666666666666,0.125,0.15595976380522833,0.23281818895300233,0.010706902861438328,-0.10781818895300233,0.11852509181444065,True
temporal,zip_code,053xx,5,43,3.709088751075636e-05,0.00014672913460521333,0.0,0.20930232558139536,0.15595976380522833,0.23281818895300233,-0.15595976380522833,-0.023515863371606965,0.13244390043362136,True
temporal,zip_code,635xx,14,26,0.00010385448503011781,8.871994185431503e-05,0.07142857142857142,0.2692307692307692,0.15595976380522833,0.23281818895300233,-0.0845311923766569,0.03641258027776689,0.1209437726544238,True
temporal,zip_code,772xx,14,16,0.00010385448503011781,5.459688729496309e-05,0.14285714285714285,0.5,0.15595976380522833,0.23281818895300233,-0.01310262094808548,0.2671818110469977,0.2802844319950831,True
temporal,zip_code,364xx,20,54,0.00014836355004302544,0.00018426449462050044,0.15,0.25925925925925924,0.15595976380522833,0.23281818895300233,-0.005959763805228335,0.02644107030625692,0.032400834111485255,True
temporal,zip_code,798xx,20,46,0.00014836355004302544,0.0001569660509730189,0.1,0.2391304347826087,0.15595976380522833,0.23281818895300233,-0.055959763805228324,0.006312245829606378,0.0622720096348347,True
temporal,zip_code,367xx,23,46,0.00017061808254947925,0.0001569660509730189,0.21739130434782608,0.45652173913043476,0.15595976380522833,0.23281818895300233,0.06143154054259775,0.22370355017743243,0.16227200963483468,True
temporal,zip_code,264xx,8,16,5.934542001721017e-05,5.459688729496309e-05,0.375,0.0,0.15595976380522833,0.23281818895300233,0.21904023619477167,-0.23281818895300233,0.45185842514777397,True
temporal,zip_code,418xx,10,10,7.418177502151272e-05,3.4123054559351935e-05,0.3,0.4,0.15595976380522833,0.23281818895300233,0.14404023619477166,0.1671818110469977,0.023141574852226038,True
temporal,zip_code,822xx,7,20,5.1927242515058903e-05,6.824610911870387e-05,0.0,0.25,0.15595976380522833,0.23281818895300233,-0.15595976380522833,0.017181811046997675,0.173141574852226,True
temporal,zip_code,382xx,30,53,0.00022254532506453816,0.00018085218916456526,0.16666666666666666,0.24528301886792453,0.15595976380522833,0.23281818895300233,0.010706902861438328,0.012464829914922204,0.0017579270534838765,True
temporal,zip_code,036xx,9,5,6.676359751936145e-05,1.7061527279675967e-05,0.2222222222222222,0.2,0.15595976380522833,0.23281818895300233,0.06626245841699388,-0.032818188953002314,0.0990806473699962,True
temporal,zip_code,639xx,13,39,9.643630752796654e-05,0.00013307991278147254,0.15384615384615385,0.41025641025641024,0.15595976380522833,0.23281818895300233,-0.002113609959074475,0.17743822130340792,0.1795518312624824,True
temporal,zip_code,680xx,1,186,7.418177502151271e-06,0.000634688814803946,1.0,0.25268817204301075,0.15595976380522833,0.23281818895300233,0.8440402361947716,0.019869983090008425,0.8241702531047632,True
temporal,zip_code,824xx,17,40,0.00012610901753657162,0.00013649221823740774,0.29411764705882354,0.225,0.15595976380522833,0.23281818895300233,0.1381578832535952,-0.00781818895300232,0.14597607220659753,True
temporal,zip_code,177xx,39,103,0.0002893089225838996,0.00035146746196132493,0.20512820512820512,0.22330097087378642,0.15595976380522833,0.23281818895300233,0.04916844132297679,-0.009517218079215906,0.0586856594021927,True
temporal,zip_code,677xx,11,20,8.159995252366399e-05,6.824610911870387e-05,0.09090909090909091,0.05,0.15595976380522833,0.23281818895300233,-0.06505067289613742,-0.18281818895300234,0.11776751605686492,True
temporal,zip_code,768xx,20,54,0.00014836355004302544,0.00018426449462050044,0.1,0.2222222222222222,0.15595976380522833,0.23281818895300233,-0.055959763805228324,-0.010595966730780115,0.04536379707444821,True
temporal,zip_code,248xx,9,5,6.676359751936145e-05,1.7061527279675967e-05,0.1111111111111111,0.4,0.15595976380522833,0.23281818895300233,-0.044848652694117225,0.1671818110469977,0.21203046374111492,True
temporal,zip_code,669xx,11,5,8.159995252366399e-05,1.7061527279675967e-05,0.18181818181818182,0.4,0.15595976380522833,0.23281818895300233,0.025858418012953494,0.1671818110469977,0.1413233930340442,True
temporal,zip_code,679xx,11,21,8.159995252366399e-05,7.165841457463906e-05,0.0,0.3333333333333333,0.15595976380522833,0.23281818895300233,-0.15595976380522833,0.10051514438033099,0.2564749081855593,True
temporal,zip_code,668xx,26,39,0.00019287261505593307,0.00013307991278147254,0.34615384615384615,0.23076923076923078,0.15595976380522833,0.23281818895300233,0.19019408234861782,-0.002048958183771543,0.19224304053238936,True
temporal,zip_code,592xx,16,37,0.00011869084003442034,0.00012625530186960215,0.0625,0.1891891891891892,0.15595976380522833,0.23281818895300233,-0.09345976380522833,-0.043628999763813126,0.049830764041415204,True
temporal,zip_code,746xx,11,38,8.159995252366399e-05,0.00012966760732553736,0.2727272727272727,0.34210526315789475,0.15595976380522833,0.23281818895300233,0.11676750892204438,0.10928707420489242,0.007480434717151957,True
temporal,zip_code,251xx,20,16,0.00014836355004302544,5.459688729496309e-05,0.1,0.25,0.15595976380522833,0.23281818895300233,-0.055959763805228324,0.017181811046997675,0.073141574852226,True
temporal,zip_code,167xx,14,30,0.00010385448503011781,0.0001023691636780558,0.21428571428571427,0.23333333333333334,0.15595976380522833,0.23281818895300233,0.058325950480485944,0.0005151443803310118,0.05781080610015493,True
temporal,zip_code,572xx,25,37,0.0001854544375537818,0.00012625530186960215,0.2,0.3783783783783784,0.15595976380522833,0.23281818895300233,0.04404023619477168,0.14556018942537607,0.10151995323060439,True
temporal,zip_code,590xx,26,57,0.00019287261505593307,0.00019450141098830602,0.038461538461538464,0.2982456140350877,0.15595976380522833,0.23281818895300233,-0.11749822534368987,0.06542742508208538,0.18292565042577524,True
temporal,zip_code,999xx,9,16,6.676359751936145e-05,5.459688729496309e-05,0.0,0.1875,0.15595976380522833,0.23281818895300233,-0.15595976380522833,-0.045318188953002325,0.110641574852226,True
temporal,zip_code,412xx,10,25,7.418177502151272e-05,8.530763639837984e-05,0.3,0.2,0.15595976380522833,0.23281818895300233,0.14404023619477166,-0.032818188953002314,0.17685842514777397,True
temporal,zip_code,623xx,20,57,0.00014836355004302544,0.00019450141098830602,0.15,0.22807017543859648,0.15595976380522833,0.23281818895300233,-0.005959763805228335,-0.004748013514405847,0.0012117502908224886,True
temporal,zip_code,743xx,27,80,0.00020029079255808434,0.0002729844364748155,0.14814814814814814,0.3375,0.15595976380522833,0.23281818895300233,-0.00781161565708019,0.1046818110469977,0.11249342670407789,True
temporal,zip_code,879xx,4,5,2.9672710008605084e-05,1.7061527279675967e-05,0.0,0.4,0.15595976380522833,0.23281818895300233,-0.15595976380522833,0.1671818110469977,0.32314157485222605,True
temporal,zip_code,408xx,3,12,2.2254532506453816e-05,4.094766547122232e-05,0.3333333333333333,0.25,0.15595976380522833,0.23281818895300233,0.17737356952810499,0.017181811046997675,0.1601917584811073,True
temporal,zip_code,249xx,23,11,0.00017061808254947925,3.7535360015287126e-05,0.043478260869565216,0.36363636363636365,0.15595976380522833,0.23281818895300233,-0.11248150293566311,0.13081817468336132,0.24329967761902443,True
temporal,zip_code,831xx,13,15,9.643630752796654e-05,5.11845818390279e-05,0.23076923076923078,0.4666666666666667,0.15595976380522833,0.23281818895300233,0.07480946696400245,0.23384847771366435,0.1590390107496619,True
temporal,zip_code,256xx,11,8,8.159995252366399e-05,2.7298443647481547e-05,0.09090909090909091,0.125,0.15595976380522833,0.23281818895300233,-0.06505067289613742,-0.10781818895300233,0.04276751605686491,True
temporal,zip_code,681xx,1,539,7.418177502151271e-06,0.0018392326407490694,0.0,0.2541743970315399,0.15595976380522833,0.23281818895300233,-0.15595976380522833,0.021356208078537553,0.17731597188376588,True
temporal,zip_code,859xx,24,42,0.00017803626005163053,0.00014331682914927812,0.125,0.19047619047619047,0.15595976380522833,0.23281818895300233,-0.03095976380522833,-0.04234199847681186,0.01138223467158353,True
temporal,zip_code,426xx,10,24,7.418177502151272e-05,8.189533094244465e-05,0.3,0.20833333333333334,0.15595976380522833,0.23281818895300233,0.14404023619477166,-0.024484855619668983,0.16852509181444064,True
temporal,zip_code,049xx,1,104,7.418177502151271e-06,0.0003548797674172601,0.0,0.16346153846153846,0.15595976380522833,0.23281818895300233,-0.15595976380522833,-0.06935665049146386,0.08660311331376447,True
temporal,zip_code,883xx,23,72,0.00017061808254947925,0.00024568599282733395,0.21739130434782608,0.125,0.15595976380522833,0.23281818895300233,0.06143154054259775,-0.10781818895300233,0.16924972949560008,True
temporal,zip_code,830xx,16,17,0.00011869084003442034,5.800919275089829e-05,0.125,0.17647058823529413,0.15595976380522833,0.23281818895300233,-0.03095976380522833,-0.056347600717708196,0.025387836912479866,True
temporal,zip_code,268xx,10,7,7.418177502151272e-05,2.3886138191546356e-05,0.2,0.14285714285714285,0.15595976380522833,0.23281818895300233,0.04404023619477168,-0.08996104609585948,0.13400128229063116,True
temporal,zip_code,455xx,30,65,0.00022254532506453816,0.00022179985463578758,0.13333333333333333,0.24615384615384617,0.15595976380522833,0.23281818895300233,-0.022626430471894998,0.013335657200843842,0.03596208767273884,True
temporal,zip_code,575xx,10,24,7.418177502151272e-05,8.189533094244465e-05,0.2,0.2916666666666667,0.15595976380522833,0.23281818895300233,0.04404023619477168,0.05884847771366436,0.014808241518892679,True
temporal,zip_code,884xx,5,7,3.709088751075636e-05,2.3886138191546356e-05,0.0,0.2857142857142857,0.15595976380522833,0.23281818895300233,-0.15595976380522833,0.05289609676128337,0.2088558605665117,True
temporal,zip_code,878xx,5,18,3.709088751075636e-05,6.142149820683349e-05,0.2,0.16666666666666666,0.15595976380522833,0.23281818895300233,0.04404023619477168,-0.06615152228633567,0.11019175848110735,True
temporal,zip_code,096xx,2,6,1.4836355004302542e-05,2.047383273561116e-05,0.0,0.16666666666666666,0.15595976380522833,0.23281818895300233,-0.15595976380522833,-0.06615152228633567,0.08980824151889266,True
temporal,zip_code,022xx,9,29,6.676359751936145e-05,9.895685822212061e-05,0.2222222222222222,0.10344827586206896,0.15595976380522833,0.23281818895300233,0.06626245841699388,-0.12936991309093337,0.19563237150792726,True
temporal,zip_code,499xx,29,35,0.00021512714756238689,0.00011943069095773177,0.13793103448275862,0.2,0.15595976380522833,0.23281818895300233,-0.01802872932246971,-0.032818188953002314,0.014789459630532603,True
temporal,zip_code,414xx,2,7,1.4836355004302542e-05,2.3886138191546356e-05,0.0,0.2857142857142857,0.15595976380522833,0.23281818895300233,-0.15595976380522833,0.05289609676128337,0.2088558605665117,True
temporal,zip_code,865xx,13,14,9.643630752796654e-05,4.777227638309271e-05,0.07692307692307693,0.2857142857142857,0.15595976380522833,0.23281818895300233,-0.0790366868821514,0.05289609676128337,0.13193278364343478,True
temporal,zip_code,962xx,2,5,1.4836355004302542e-05,1.7061527279675967e-05,0.0,0.2,0.15595976380522833,0.23281818895300233,-0.15595976380522833,-0.032818188953002314,0.12314157485222602,True
temporal,zip_code,259xx,14,10,0.00010385448503011781,3.4123054559351935e-05,0.14285714285714285,0.2,0.15595976380522833,0.23281818895300233,-0.01310262094808548,-0.032818188953002314,0.019715568004916834,True
temporal,zip_code,745xx,19,45,0.00014094537254087417,0.0001535537455170837,0.21052631578947367,0.28888888888888886,0.15595976380522833,0.23281818895300233,0.05456655198424534,0.05607069993588654,0.0015041479516411937,True
temporal,zip_code,963xx,6,6,4.450906501290763e-05,2.047383273561116e-05,0.16666666666666666,0.5,0.15595976380522833,0.23281818895300233,0.010706902861438328,0.2671818110469977,0.25647490818555935,True
temporal,zip_code,059xx,2,2,1.4836355004302542e-05,6.824610911870387e-06,0.0,0.0,0.15595976380522833,0.23281818895300233,-0.15595976380522833,-0.23281818895300233,0.076858425147774,True
temporal,zip_code,090xx,4,6,2.9672710008605084e-05,2.047383273561116e-05,0.5,0.16666666666666666,0.15595976380522833,0.23281818895300233,0.34404023619477164,-0.06615152228633567,0.41019175848110734,True
temporal,zip_code,502xx,1,5,7.418177502151271e-06,1.7061527279675967e-05,1.0,0.8,0.15595976380522833,0.23281818895300233,0.8440402361947716,0.5671818110469977,0.2768584251477739,True
temporal,zip_code,823xx,11,19,8.159995252366399e-05,6.483380366276868e-05,0.09090909090909091,0.10526315789473684,0.15595976380522833,0.23281818895300233,-0.06505067289613742,-0.1275550310582655,0.06250435816212807,True
temporal,zip_code,369xx,3,13,2.2254532506453816e-05,4.4359970927157514e-05,0.0,0.46153846153846156,0.15595976380522833,0.23281818895300233,-0.15595976380522833,0.22872027258545924,0.3846800363906876,True
temporal,zip_code,942xx,1,1,7.418177502151271e-06,3.4123054559351933e-06,0.0,0.0,0.15595976380522833,0.23281818895300233,-0.15595976380522833,-0.23281818895300233,0.076858425147774,True
temporal,zip_code,845xx,16,27,0.00011869084003442034,9.213224731025022e-05,0.0625,0.18518518518518517,0.15595976380522833,0.23281818895300233,-0.09345976380522833,-0.04763300376781715,0.04582676003741118,True
temporal,zip_code,413xx,8,15,5.934542001721017e-05,5.11845818390279e-05,0.125,0.3333333333333333,0.15595976380522833,0.23281818895300233,-0.03095976380522833,0.10051514438033099,0.13147490818555932,True
temporal,zip_code,386xx,1,386,7.418177502151271e-06,0.0013171499059909846,0.0,0.2772020725388601,0.15595976380522833,0.23281818895300233,-0.15595976380522833,0.044383883585857764,0.2003436473910861,True
temporal,zip_code,391xx,1,184,7.418177502151271e-06,0.0006278642038920756,0.0,0.29891304347826086,0.15595976380522833,0.23281818895300233,-0.15595976380522833,0.06609485452525854,0.22205461833048687,True
temporal,zip_code,621xx,1,1,7.418177502151271e-06,3.4123054559351933e-06,0.0,1.0,0.15595976380522833,0.23281818895300233,-0.15595976380522833,0.7671818110469977,0.923141574852226,True
temporal,zip_code,527xx,1,0,7.418177502151271e-06,0.0,0.0,,0.15595976380522833,0.23281818895300233,-0.15595976380522833,,,True
temporal,zip_code,417xx,4,17,2.9672710008605084e-05,5.800919275089829e-05,0.25,0.058823529411764705,0.15595976380522833,0.23281818895300233,0.09404023619477167,-0.1739946595412376,0.26803489573600925,True
temporal,zip_code,390xx,1,181,7.418177502151271e-06,0.0006176272875242701,0.0,0.20994475138121546,0.15595976380522833,0.23281818895300233,-0.15595976380522833,-0.022873437571786864,0.13308632623344147,True
temporal,zip_code,836xx,1,290,7.418177502151271e-06,0.000989568582221206,0.0,0.18275862068965518,0.15595976380522833,0.23281818895300233,-0.15595976380522833,-0.05005956826334715,0.10590019554188118,True
temporal,zip_code,091xx,1,7,7.418177502151271e-06,2.3886138191546356e-05,0.0,0.2857142857142857,0.15595976380522833,0.23281818895300233,-0.15595976380522833,0.05289609676128337,0.2088558605665117,True
temporal,zip_code,838xx,1,119,7.418177502151271e-06,0.00040606434925628804,0.0,0.18487394957983194,0.15595976380522833,0.23281818895300233,-0.15595976380522833,-0.04794423937317038,0.10801552443205795,True
temporal,zip_code,834xx,1,99,7.418177502151271e-06,0.00033781824013758417,0.0,0.1717171717171717,0.15595976380522833,0.23281818895300233,-0.15595976380522833,-0.06110101723583061,0.09485874656939772,True
temporal,zip_code,394xx,1,203,7.418177502151271e-06,0.0006926980075548443,0.0,0.2857142857142857,0.15595976380522833,0.23281818895300233,-0.15595976380522833,0.05289609676128337,0.2088558605665117,True
temporal,zip_code,576xx,1,5,7.418177502151271e-06,1.7061527279675967e-05,0.0,0.2,0.15595976380522833,0.23281818895300233,-0.15595976380522833,-0.032818188953002314,0.12314157485222602,True
temporal,zip_code,643xx,1,0,7.418177502151271e-06,0.0,1.0,,0.15595976380522833,0.23281818895300233,0.8440402361947716,,,True
temporal,zip_code,395xx,1,283,7.418177502151271e-06,0.0009656824440296598,1.0,0.29328621908127206,0.15595976380522833,0.23281818895300233,0.8440402361947716,0.060468030128269734,0.7835722060665019,True
cross_segment,emp_length,3 years,5980,2456,0.07416226405734554,0.07486891842458236,0.15903010033444817,0.12133550488599348,0.1636406478656646,0.13196561394951836,-0.004610547531216425,-0.010630109063524878,0.006019561532308454,False
cross_segment,emp_length,10+ years,28183,10834,0.34951757323213534,0.33026460187781975,0.15917397012383352,0.1298689311426989,0.1636406478656646,0.13196561394951836,-0.004466677741831071,-0.002096682806819461,0.00236999493501161,False
cross_segment,emp_length,5 years,5660,2415,0.07019371481012972,0.0736190708450189,0.15671378091872792,0.13167701863354037,0.1636406478656646,0.13196561394951836,-0.006926866946936672,-0.00028859531597799637,0.006638271630958675,False
cross_segment,emp_length,4 years,4055,1641,0.0502889599920629,0.05002438726984514,0.15980271270036991,0.12736136502132847,0.1636406478656646,0.13196561394951836,-0.0038379351652946814,-0.004604248928189891,0.0007663137628952099,False
cross_segment,emp_length,6 years,4844,2037,0.060073914229729394,0.062096085843189854,0.1717588769611891,0.12862052037309768,0.1636406478656646,0.13196561394951836,0.00811822909552451,-0.0033450935764206824,0.011463322671945192,False
cross_segment,emp_length,1 year,4576,1920,0.05675025423518615,0.058529447628338005,0.1571241258741259,0.12395833333333334,0.1636406478656646,0.13196561394951836,-0.00651652199153871,-0.008007280616185025,0.0014907586246463156,False
cross_segment,emp_length,2 years,6590,2815,0.08172731105985068,0.08581270576758931,0.15872534142640365,0.13108348134991119,0.1636406478656646,0.13196561394951836,-0.004915306439260941,-0.0008821325996071772,0.004033173839653764,False
cross_segment,emp_length,7 years,4977,1941,0.06172334251060347,0.059169613461772956,0.16576250753465943,0.12570839773312725,0.1636406478656646,0.13196561394951836,0.0021218596689948355,-0.006257216216391109,0.008379075885385945,False
cross_segment,emp_length,9 years,3201,1269,0.039697894188555696,0.03868430679185465,0.17150890346766634,0.14420803782505912,0.1636406478656646,0.13196561394951836,0.007868255602001745,0.012242423875540753,0.004374168273539009,False
cross_segment,emp_length,8 years,4071,1593,0.050487387454423695,0.048561151079136694,0.17170228445099484,0.13684871311989957,0.1636406478656646,0.13196561394951836,0.00806163658533024,0.004883099170381211,0.0031785374149490286,False
cross_segment,emp_length,< 1 year,5327,2245,0.06606394324974577,0.06843677600292647,0.1713910268443777,0.12739420935412027,0.1636406478656646,0.13196561394951836,0.007750378978713113,-0.004571404595398093,0.012321783574111206,False
cross_segment,emp_length,NI,3170,1638,0.039313440980231665,0.049932935007925866,0.20189274447949526,0.1813186813186813,0.1636406478656646,0.13196561394951836,0.038252096613830666,0.04935306736916295,0.011100970755332285,False
cross_segment,home_ownership_n,MORTGAGE,43060,17225,0.534017908078478,0.5250884038531887,0.15,0.1167489114658926,0.1636406478656646,0.13196561394951836,-0.013640647865664601,-0.015216702483625763,0.0015760546179611618,False
cross_segment,home_ownership_n,OWN,6319,2600,0.07836644591611479,0.07925862699670772,0.16252571609431873,0.14307692307692307,0.1636406478656646,0.13196561394951836,-0.0011149317713458617,0.011111309127404712,0.012226240898750573,False
cross_segment,home_ownership_n,RENT,31255,12979,0.38761564600540716,0.3956529691501037,0.18265877459606464,0.14993450959241852,0.1636406478656646,0.13196561394951836,0.019018126730400042,0.017968895642900162,0.00104923108749988,False
cross_segment,addr_state,TX,6238,2333,0.07736190688791329,0.07111937568589197,0.147643475472908,0.12344620660094299,0.1636406478656646,0.13196561394951836,-0.01599717239275661,-0.00851940734857537,0.007477765044181239,False
cross_segment,addr_state,MI,1938,884,0.024034526378450778,0.026947933178880626,0.16769865841073273,0.15271493212669685,0.1636406478656646,0.13196561394951836,0.00405801054506813,0.020749318177178483,0.016691307632110353,False
cross_segment,addr_state,CO,1782,768,0.02209985862043307,0.023411779051335204,0.12906846240179573,0.09635416666666667,0.1636406478656646,0.13196561394951836,-0.034572185463868865,-0.03561144728285169,0.0010392618189828257,False
cross_segment,addr_state,CA,12866,5190,0.15956048317087085,0.15821241312035117,0.15350536297217474,0.11946050096339114,0.1636406478656646,0.13196561394951836,-0.01013528489348986,-0.01250511298612722,0.0023698280926373605,False
cross_segment,addr_state,NC,2363,825,0.02930525584740928,0.025149372027801487,0.1840880236986881,0.14303030303030304,0.1636406478656646,0.13196561394951836,0.0204473758330235,0.011064689080784673,0.009382686752238828,False
cross_segment,addr_state,NM,458,188,0.005679986110077635,0.005731008413608097,0.16593886462882096,0.11702127659574468,0.1636406478656646,0.13196561394951836,0.0022982167631563633,-0.014944337353773679,0.017242554116930042,False
cross_segment,addr_state,CT,1210,485,0.0150060768410348,0.014784782343616631,0.15123966942148762,0.12783505154639174,0.1636406478656646,0.13196561394951836,-0.01240097844417698,-0.00413056240312662,0.00827041604105036,False
cross_segment,addr_state,FL,5190,2018,0.06436490810328149,0.06151688818436776,0.1791907514450867,0.15163528245787908,0.1636406478656646,0.13196561394951836,0.015550103579422103,0.019669668508360716,0.004119564928938613,False
cross_segment,addr_state,NY,6413,2790,0.07953220725748443,0.08505060358492866,0.17526898487447373,0.15089605734767025,0.1636406478656646,0.13196561394951836,0.011628337008809136,0.01893044339815189,0.007302106389342755,False
cross_segment,addr_state,MA,1882,756,0.02334003026018801,0.02304597000365809,0.1594048884165781,0.12962962962962962,0.1636406478656646,0.13196561394951836,-0.004235759449086496,-0.0023359843198887398,0.001899775129197756,False
cross_segment,addr_state,OH,2552,1098,0.03164918024654612,0.033471527862455795,0.17045454545454544,0.1493624772313297,0.1636406478656646,0.13196561394951836,0.006813897588880846,0.017396863281811337,0.01058296569293049,False
cross_segment,addr_state,IN,1333,627,0.01653148795793338,0.01911352274112913,0.18529632408102026,0.15629984051036683,0.1636406478656646,0.13196561394951836,0.021655676215355663,0.024334226560848465,0.002678550345492803,False
cross_segment,addr_state,AZ,1897,700,0.02352605600615125,0.02133886111449823,0.17185028993147075,0.11285714285714285,0.1636406478656646,0.13196561394951836,0.008209642065806155,-0.019108471092375512,0.027318113158181667,False
cross_segment,addr_state,PA,2807,1036,0.03481161792792122,0.031581514449457386,0.16708229426433915,0.1554054054054054,0.1636406478656646,0.13196561394951836,0.0034416463986745582,0.023439791455887038,0.01999814505721248,False
cross_segment,addr_state,UT,692,292,0.008581987747104199,0.008901353493476405,0.13439306358381503,0.14383561643835616,0.1636406478656646,0.13196561394951836,-0.029247584281849565,0.011870002488837794,0.04111758677068736,False
cross_segment,addr_state,SC,957,307,0.011868442592454795,0.009358614803072795,0.13061650992685475,0.09446254071661238,0.1636406478656646,0.13196561394951836,-0.033024137938809844,-0.037503073232905984,0.00447893529409614,False
cross_segment,addr_state,IL,3006,1465,0.03727955949103356,0.044659187903914155,0.15036593479707253,0.12081911262798635,0.1636406478656646,0.13196561394951836,-0.01327471306859207,-0.011146501321532012,0.0021282117470600576,False
cross_segment,addr_state,MO,1269,568,0.015737778108490214,0.017314961590049995,0.17415287628053586,0.12147887323943662,0.1636406478656646,0.13196561394951836,0.01051222841487126,-0.010486740710081738,0.020998969124953,False
cross_segment,addr_state,TN,1268,493,0.015725376392092667,0.01502865504206804,0.20347003154574134,0.17849898580121704,0.1636406478656646,0.13196561394951836,0.03982938368007674,0.046533371851698674,0.006703988171621933,False
cross_segment,addr_state,WA,1994,800,0.024729022496713545,0.024387269845140835,0.14794383149448345,0.1075,0.1636406478656646,0.13196561394951836,-0.015696816371181144,-0.024465613949518364,0.00876879757833722,False
cross_segment,addr_state,KY,746,325,0.009251680432571867,0.009907328374588464,0.17962466487935658,0.13846153846153847,0.1636406478656646,0.13196561394951836,0.01598401701369198,0.006495924512020107,0.009488092501671874,False
cross_segment,addr_state,MD,1941,649,0.024071731527643424,0.019784172661870502,0.17413704276146316,0.13713405238828968,0.1636406478656646,0.13196561394951836,0.010496394895798566,0.005168438438771322,0.005327956457027244,False
cross_segment,addr_state,MN,1372,673,0.017015154897437806,0.02051579075722473,0.15451895043731778,0.12184249628528974,0.1636406478656646,0.13196561394951836,-0.009121697428346814,-0.010123117664228617,0.001001420235881803,False
cross_segment,addr_state,NJ,3007,1221,0.037291961207431105,0.037221070601146204,0.19321582973062854,0.13513513513513514,0.1636406478656646,0.13196561394951836,0.02957518186496394,0.0031695211856167804,0.02640566067934716,False
cross_segment,addr_state,NH,398,164,0.00493588312622467,0.004999390318253871,0.12060301507537688,0.054878048780487805,0.1636406478656646,0.13196561394951836,-0.043037632790287716,-0.07708756516903056,0.03404993237874285,False
cross_segment,addr_state,WY,213,90,0.0026415655926780267,0.002743567857578344,0.13145539906103287,0.12222222222222222,0.1636406478656646,0.13196561394951836,-0.03218524880463172,-0.009743391727296144,0.022441857077335578,True
cross_segment,addr_state,NV,1164,473,0.014435597886747526,0.01441897329593952,0.18298969072164947,0.160676532769556,0.1636406478656646,0.13196561394951836,0.019349042855984877,0.02871091882003765,0.009361875964052774,False
cross_segment,addr_state,KS,743,374,0.00921447528337922,0.011401048652603342,0.1426648721399731,0.12032085561497326,0.1636406478656646,0.13196561394951836,-0.02097577572569151,-0.011644758334545105,0.009331017391146404,False
cross_segment,addr_state,AL,999,366,0.012389314681151871,0.011157175954151933,0.2002002002002002,0.1448087431693989,0.1636406478656646,0.13196561394951836,0.03655955233453562,0.012843129219880539,0.023716423114655077,False
cross_segment,addr_state,RI,342,142,0.004241387007961902,0.004328740397512499,0.13450292397660818,0.1267605633802817,0.1636406478656646,0.13196561394951836,-0.029137723889056416,-0.005205050569236674,0.02393267331981974,False
cross_segment,addr_state,VA,2551,881,0.031636778530148575,0.026856480916961346,0.1760094080752646,0.13961407491486946,0.1636406478656646,0.13196561394951836,0.01236876020960001,0.0076484609653511,0.00472029924424891,False
cross_segment,addr_state,DE,207,91,0.00256715529429273,0.0027740519448847703,0.1497584541062802,0.16483516483516483,0.1636406478656646,0.13196561394951836,-0.013882193759384404,0.03286955088564647,0.046751744645030874,True
cross_segment,addr_state,GA,2502,1016,0.031029094426668652,0.03097183270332886,0.14548361310951238,0.11122047244094488,0.1636406478656646,0.13196561394951836,-0.018157034756152213,-0.020745141508573484,0.002588106752421271,False
cross_segment,addr_state,WV,432,151,0.0053575414837413494,0.0046030971832703325,0.12268518518518519,0.10596026490066225,0.1636406478656646,0.13196561394951836,-0.04095546268047941,-0.02600534904885611,0.014950113631623296,False
cross_segment,addr_state,LA,958,377,0.011880844308852345,0.011492500914522618,0.18789144050104384,0.14588859416445624,0.1636406478656646,0.13196561394951836,0.024250792635379242,0.013922980214937875,0.010327812420441368,False
cross_segment,addr_state,OR,1118,523,0.013865118932460252,0.015943177661260823,0.1475849731663685,0.09751434034416825,0.1636406478656646,0.13196561394951836,-0.016055674699296085,-0.03445127360535011,0.018395598906054023,False
cross_segment,addr_state,VT,109,43,0.001351787087332887,0.00131081575417632,0.11009174311926606,0.09302325581395349,0.1636406478656646,0.13196561394951836,-0.053548904746398535,-0.038942358135564875,0.01460654661083366,True
cross_segment,addr_state,AR,578,248,0.0071681920777835655,0.007560053651993659,0.17301038062283736,0.15725806451612903,0.1636406478656646,0.13196561394951836,0.00936973275717276,0.02529245056661067,0.01592271780943791,False
cross_segment,addr_state,WI,943,545,0.011694818562889104,0.016613827582002194,0.16224814422057265,0.13027522935779817,0.1636406478656646,0.13196561394951836,-0.0013925036450919415,-0.0016903845917201898,0.0002978809466282484,False
cross_segment,addr_state,HI,524,160,0.006498499392315896,0.004877453969028167,0.16793893129770993,0.125,0.1636406478656646,0.13196561394951836,0.00429828343204533,-0.006965613949518362,0.011263897381563692,False
cross_segment,addr_state,SD,179,73,0.0022199072351613463,0.002225338373369101,0.2011173184357542,0.1232876712328767,0.1636406478656646,0.13196561394951836,0.037476670570089604,-0.008677942716641657,0.04615461328673126,True
cross_segment,addr_state,AK,239,89,0.0029640102190143115,0.002713083770271918,0.1506276150627615,0.14606741573033707,0.1636406478656646,0.13196561394951836,-0.013013032802903085,0.014101801780818712,0.027114834583721797,True
cross_segment,addr_state,MT,247,98,0.003063223950194707,0.0029874405560297527,0.12550607287449392,0.10204081632653061,0.1636406478656646,0.13196561394951836,-0.03813457499117068,-0.029924797622987748,0.00820977736818293,True
cross_segment,addr_state,OK,762,321,0.009450107894932658,0.009785392025362761,0.19028871391076116,0.17133956386292834,0.1636406478656646,0.13196561394951836,0.026648066045096563,0.03937394991340998,0.012725883868313415,False
cross_segment,addr_state,DC,241,87,0.0029888136518094106,0.002652115595659066,0.0995850622406639,0.05747126436781609,0.1636406478656646,0.13196561394951836,-0.0640555856250007,-0.07449434958170227,0.010438763956701569,True
cross_segment,addr_state,IA,1,0,1.240171639754942e-05,0.0,1.0,,0.1636406478656646,0.13196561394951836,0.8363593521343354,,,True
cross_segment,addr_state,ID,2,0,2.480343279509884e-05,0.0,0.0,,0.1636406478656646,0.13196561394951836,-0.1636406478656646,,,True
cross_segment,addr_state,MS,1,0,1.240171639754942e-05,0.0,1.0,,0.1636406478656646,0.13196561394951836,0.8363593521343354,,,True
cross_segment,zip_code,782xx,273,99,0.003385668576530992,0.0030179246433361786,0.16483516483516483,0.0707070707070707,0.1636406478656646,0.13196561394951836,0.0011945169695002367,-0.06125854324244766,0.062453060211947894,True
cross_segment,zip_code,481xx,383,155,0.004749857380261428,0.004725033532496037,0.1514360313315927,0.1870967741935484,0.1636406478656646,0.13196561394951836,-0.0122046165340719,0.05513116024403003,0.06733577677810193,False
cross_segment,zip_code,809xx,174,63,0.002157898653173599,0.001920497500304841,0.15517241379310345,0.09523809523809523,0.1636406478656646,0.13196561394951836,-0.008468234072561143,-0.03672751871142313,0.028259284638861987,True
cross_segment,zip_code,945xx,1018,361,0.01262494729270531,0.011004755517619803,0.12671905697445973,0.10526315789473684,0.1636406478656646,0.13196561394951836,-0.036921590891204864,-0.026702456054781526,0.010219134836423338,False
cross_segment,zip_code,281xx,135,53,0.001674231713669172,0.0016156566272405805,0.1925925925925926,0.16981132075471697,0.1636406478656646,0.13196561394951836,0.028951944726927997,0.03784570680519861,0.008893762078270612,True
cross_segment,zip_code,802xx,384,163,0.004762259096658977,0.0049689062309474456,0.12760416666666666,0.09815950920245399,0.1636406478656646,0.13196561394951836,-0.03603648119899794,-0.03380610474706437,0.002230376451933566,False
cross_segment,zip_code,927xx,135,63,0.001674231713669172,0.001920497500304841,0.16296296296296298,0.15873015873015872,0.1636406478656646,0.13196561394951836,-0.0006776849027016196,0.02676454478064036,0.02744222968334198,True
cross_segment,zip_code,871xx,200,73,0.0024803432795098843,0.002225338373369101,0.16,0.1506849315068493,0.1636406478656646,0.13196561394951836,-0.0036406478656645924,0.018719317557330944,0.022359965422995537,True
cross_segment,zip_code,800xx,351,137,0.004353002455539847,0.004176319960980369,0.11965811965811966,0.10948905109489052,0.1636406478656646,0.13196561394951836,-0.04398252820754493,-0.022476562854627846,0.021505965352917086,False
cross_segment,zip_code,937xx,116,51,0.0014385991021157328,0.0015546884526277283,0.1896551724137931,0.1568627450980392,0.1636406478656646,0.13196561394951836,0.026014524548128498,0.02489713114852085,0.0011173933996076468,True
cross_segment,zip_code,060xx,248,107,0.0030756256665922565,0.003261797341787587,0.16129032258064516,0.14018691588785046,0.1636406478656646,0.13196561394951836,-0.002350325285019439,0.008221301938332093,0.010571627223351532,False
cross_segment,zip_code,282xx,256,78,0.0031748393977726517,0.0023777588099012314,0.1796875,0.15384615384615385,0.1636406478656646,0.13196561394951836,0.016046852134335404,0.021880539896635492,0.005833687762300088,True
cross_segment,zip_code,334xx,401,145,0.004973088275417318,0.004420192659431776,0.14713216957605985,0.1724137931034483,0.1636406478656646,0.13196561394951836,-0.01650847828960475,0.040448179153929925,0.056956657443534675,False
cross_segment,zip_code,117xx,526,175,0.006523302825110995,0.005334715278624558,0.18631178707224336,0.17142857142857143,0.1636406478656646,0.13196561394951836,0.02267113920657876,0.03946295747905307,0.016791818272474307,False
cross_segment,zip_code,027xx,160,49,0.0019842746236079073,0.0014937202780148763,0.10625,0.20408163265306123,0.1636406478656646,0.13196561394951836,-0.0573906478656646,0.07211601870354287,0.12950666656920745,True
cross_segment,zip_code,100xx,664,336,0.008234739687972815,0.010242653334959152,0.13253012048192772,0.10416666666666667,0.1636406478656646,0.13196561394951836,-0.031110527383736875,-0.02779894728285169,0.0033115801008851836,False
cross_segment,zip_code,951xx,413,154,0.005121908872187911,0.004694549445189611,0.14285714285714285,0.12337662337662338,0.1636406478656646,0.13196561394951836,-0.020783505008521747,-0.008588990572894986,0.01219451443562676,False
cross_segment,zip_code,322xx,237,76,0.0029392067862192128,0.0023167906352883796,0.20253164556962025,0.10526315789473684,0.1636406478656646,0.13196561394951836,0.038890997703955654,-0.026702456054781526,0.06559345375873718,True
cross_segment,zip_code,446xx,79,31,0.0009797355954064043,0.0009450067064992074,0.17721518987341772,0.22580645161290322,0.1636406478656646,0.13196561394951836,0.013574542007753126,0.09384083766338486,0.08026629565563173,True
cross_segment,zip_code,113xx,421,201,0.005221122603368306,0.006127301548591636,0.1543942992874109,0.15422885572139303,0.1636406478656646,0.13196561394951836,-0.009246348578253683,0.022263241771874664,0.03150959035012835,False
cross_segment,zip_code,461xx,133,67,0.001649428280874073,0.002042433849530545,0.22556390977443608,0.14925373134328357,0.1636406478656646,0.13196561394951836,0.06192326190877148,0.017288117393765207,0.044635144515006275,True
cross_segment,zip_code,759xx,47,12,0.0005828806706848228,0.00036580904767711256,0.1702127659574468,0.0,0.1636406478656646,0.13196561394951836,0.006572118091782209,-0.13196561394951836,0.13853773204130057,True
cross_segment,zip_code,917xx,627,256,0.007775876181263487,0.007803926350445068,0.17703349282296652,0.1015625,0.1636406478656646,0.13196561394951836,0.01339284495730192,-0.030403113949518362,0.04379595890682028,False
cross_segment,zip_code,852xx,467,184,0.005791601557655579,0.005609072064382392,0.16916488222698073,0.08152173913043478,0.1636406478656646,0.13196561394951836,0.005524234361316133,-0.05044387481908358,0.05596810918039971,False
cross_segment,zip_code,928xx,419,179,0.005196319170573207,0.005456651627850262,0.14797136038186157,0.12290502793296089,0.1636406478656646,0.13196561394951836,-0.01566928748380303,-0.009060586016557473,0.006608701467245556,False
cross_segment,zip_code,186xx,44,13,0.0005456755214921746,0.0003962931349835386,0.2727272727272727,0.23076923076923078,0.1636406478656646,0.13196561394951836,0.10908662486160811,0.09880361681971242,0.010283008041895692,True
cross_segment,zip_code,750xx,871,338,0.010801894982265546,0.010303621509572003,0.16073478760045926,0.1242603550295858,0.1636406478656646,0.13196561394951836,-0.00290586026520534,-0.007705258919932567,0.004799398654727227,False
cross_segment,zip_code,128xx,72,33,0.0008929235806235583,0.0010059748811120596,0.18055555555555555,0.2727272727272727,0.1636406478656646,0.13196561394951836,0.016914907689890957,0.14076165877775434,0.12384675108786339,True
cross_segment,zip_code,906xx,263,86,0.0032616514125554975,0.00262163150835264,0.1482889733840304,0.11627906976744186,0.1636406478656646,0.13196561394951836,-0.015351674481634187,-0.015686544182076503,0.0003348697004423168,True
cross_segment,zip_code,840xx,383,140,0.004749857380261428,0.004267772222899646,0.1566579634464752,0.15714285714285714,0.1636406478656646,0.13196561394951836,-0.006982684419189394,0.025177243193338777,0.03215992761252817,False
cross_segment,zip_code,021xx,421,175,0.005221122603368306,0.005334715278624558,0.1496437054631829,0.08,0.1636406478656646,0.13196561394951836,-0.013996942402481699,-0.05196561394951836,0.03796867154703666,False
cross_segment,zip_code,294xx,196,69,0.0024307364139196865,0.0021034020241433972,0.12755102040816327,0.08695652173913043,0.1636406478656646,0.13196561394951836,-0.03608962745750133,-0.04500909221038793,0.008919464752886602,True
cross_segment,zip_code,328xx,260,100,0.0032244462633628495,0.0030484087306426044,0.13846153846153847,0.12,0.1636406478656646,0.13196561394951836,-0.025179109404126127,-0.011965613949518367,0.01321349545460776,False
cross_segment,zip_code,605xx,296,128,0.0036709080536746286,0.003901963175222534,0.1554054054054054,0.09375,0.1636406478656646,0.13196561394951836,-0.008235242460259196,-0.03821561394951836,0.029980371489259167,False
cross_segment,zip_code,631xx,180,89,0.0022323089515588956,0.002713083770271918,0.19444444444444445,0.0898876404494382,0.1636406478656646,0.13196561394951836,0.030803796578779852,-0.04207797350008016,0.07288177007886001,True
cross_segment,zip_code,482xx,103,50,0.0012773767889475904,0.0015242043653213022,0.20388349514563106,0.18,0.1636406478656646,0.13196561394951836,0.040242847279966465,0.04803438605048163,0.007791538770515166,True
cross_segment,zip_code,160xx,43,17,0.0005332738050946251,0.0005182294842092427,0.13953488372093023,0.11764705882352941,0.1636406478656646,0.13196561394951836,-0.024105764144734365,-0.014318555125988952,0.009787209018745413,True
cross_segment,zip_code,370xx,207,74,0.00256715529429273,0.0022558224606755274,0.20772946859903382,0.16216216216216217,0.1636406478656646,0.13196561394951836,0.04408882073336923,0.03019654821264381,0.013892272520725418,True
cross_segment,zip_code,640xx,171,60,0.002120693503980951,0.0018290452383855627,0.13450292397660818,0.06666666666666667,0.1636406478656646,0.13196561394951836,-0.029137723889056416,-0.0652989472828517,0.03616122339379528,True
cross_segment,zip_code,751xx,247,73,0.003063223950194707,0.002225338373369101,0.08906882591093117,0.136986301369863,0.1636406478656646,0.13196561394951836,-0.07457182195473343,0.005020687420344644,0.07959250937507807,True
cross_segment,zip_code,980xx,461,187,0.005717191259270283,0.005700524326301671,0.13882863340563992,0.10160427807486631,0.1636406478656646,0.13196561394951836,-0.02481201446002468,-0.03036133587465205,0.00554932141462737,False
cross_segment,zip_code,755xx,25,5,0.00031004290993873554,0.00015242043653213022,0.08,0.2,0.1636406478656646,0.13196561394951836,-0.0836406478656646,0.06803438605048165,0.15167503391614623,True
cross_segment,zip_code,288xx,26,7,0.00032244462633628494,0.00021338861114498232,0.15384615384615385,0.14285714285714285,0.1636406478656646,0.13196561394951836,-0.009794494019510741,0.010891528907624487,0.020686022927135228,True
cross_segment,zip_code,112xx,749,396,0.009288885581764517,0.012071698573344714,0.17489986648865152,0.14646464646464646,0.1636406478656646,0.13196561394951836,0.011259218622986927,0.014499032515128102,0.0032398138921411745,False
cross_segment,zip_code,410xx,153,66,0.0018974626088250615,0.002011949762224119,0.16993464052287582,0.18181818181818182,0.1636406478656646,0.13196561394951836,0.006293992657211228,0.04985256786866346,0.04355857521145223,True
cross_segment,zip_code,016xx,40,18,0.0004960686559019768,0.0005487135715156688,0.2,0.1111111111111111,0.1636406478656646,0.13196561394951836,0.036359352134335415,-0.020854502838407257,0.05721385497274267,True
cross_segment,zip_code,061xx,71,29,0.0008805218642260089,0.0008840385318863553,0.2112676056338028,0.10344827586206896,0.1636406478656646,0.13196561394951836,0.04762695776813822,-0.028517338087449398,0.07614429585558762,True
cross_segment,zip_code,209xx,100,44,0.0012401716397549421,0.001341299841482746,0.2,0.11363636363636363,0.1636406478656646,0.13196561394951836,0.036359352134335415,-0.01832925031315473,0.054688602447490145,True
cross_segment,zip_code,553xx,308,167,0.0038197286504452217,0.00509084258017315,0.11363636363636363,0.10778443113772455,0.1636406478656646,0.13196561394951836,-0.05000428422930096,-0.024181182811793808,0.025823101417507155,False
cross_segment,zip_code,270xx,54,10,0.0006696926854676687,0.00030484087306426044,0.2222222222222222,0.2,0.1636406478656646,0.13196561394951836,0.058581574356557614,0.06803438605048165,0.009452811693924035,True
cross_segment,zip_code,212xx,307,122,0.0038073269340476723,0.0037190586513839775,0.20521172638436483,0.07377049180327869,0.1636406478656646,0.13196561394951836,0.04157107851870023,-0.058195122146239675,0.09976620066493991,False
cross_segment,zip_code,992xx,85,36,0.0010541458937917008,0.0010974271430313376,0.16470588235294117,0.1111111111111111,0.1636406478656646,0.13196561394951836,0.0010652344872765784,-0.020854502838407257,0.021919737325683836,True
cross_segment,zip_code,760xx,389,137,0.004824267678646725,0.004176319960980369,0.12339331619537275,0.1386861313868613,0.1636406478656646,0.13196561394951836,-0.04024733167029185,0.006720517437342949,0.046967849107634796,False
cross_segment,zip_code,140xx,146,49,0.0018106505940422154,0.0014937202780148763,0.18493150684931506,0.12244897959183673,0.1636406478656646,0.13196561394951836,0.021290858983650462,-0.00951663435768163,0.030807493341332093,True
cross_segment,zip_code,342xx,178,68,0.002207505518763797,0.002072917936836971,0.15730337078651685,0.14705882352941177,0.1636406478656646,0.13196561394951836,-0.006337277079147746,0.015093209579893407,0.021430486659041154,True
cross_segment,zip_code,070xx,657,282,0.00814792767318997,0.008596512620412144,0.1735159817351598,0.1595744680851064,0.1636406478656646,0.13196561394951836,0.009875333869495212,0.02760885413558803,0.017733520266092817,False
cross_segment,zip_code,161xx,18,15,0.0002232308951558896,0.00045726130959639066,0.05555555555555555,0.06666666666666667,0.1636406478656646,0.13196561394951836,-0.10808509231010904,-0.0652989472828517,0.04278614502725735,True
cross_segment,zip_code,031xx,49,16,0.0006076841034799216,0.00048774539690281675,0.10204081632653061,0.0,0.1636406478656646,0.13196561394951836,-0.06159983153913398,-0.13196561394951836,0.07036578241038438,True
cross_segment,zip_code,827xx,28,15,0.0003472480591313838,0.00045726130959639066,0.17857142857142858,0.13333333333333333,0.1636406478656646,0.13196561394951836,0.01493078070576398,0.0013677193838149693,0.01356306132194901,True
cross_segment,zip_code,890xx,302,104,0.003745318352059925,0.0031703450798683088,0.17880794701986755,0.18269230769230768,0.1636406478656646,0.13196561394951836,0.015167299154202951,0.05072669374278932,0.03555939458858637,False
cross_segment,zip_code,920xx,403,171,0.004997891708212417,0.005212778929398853,0.16129032258064516,0.12280701754385964,0.1636406478656646,0.13196561394951836,-0.002350325285019439,-0.00915859640565872,0.006808271120639281,False
cross_segment,zip_code,274xx,72,37,0.0008929235806235583,0.0011279112303377637,0.18055555555555555,0.13513513513513514,0.1636406478656646,0.13196561394951836,0.016914907689890957,0.0031695211856167804,0.013745386504274176,True
cross_segment,zip_code,185xx,27,12,0.00033484634273383434,0.00036580904767711256,0.2962962962962963,0.4166666666666667,0.1636406478656646,0.13196561394951836,0.13265564843063168,0.2847010527171483,0.1520454042865166,True
cross_segment,zip_code,125xx,130,43,0.0016122231316814247,0.00131081575417632,0.18461538461538463,0.13953488372093023,0.1636406478656646,0.13196561394951836,0.02097473674972003,0.007569269771411868,0.013405466978308161,True
cross_segment,zip_code,953xx,355,102,0.0044026093211300445,0.0031093769052554566,0.19718309859154928,0.09803921568627451,0.1636406478656646,0.13196561394951836,0.03354245072588469,-0.033926398263243854,0.06746884898912854,False
cross_segment,zip_code,439xx,32,12,0.00039685492472158146,0.00036580904767711256,0.1875,0.25,0.1636406478656646,0.13196561394951836,0.023859352134335404,0.11803438605048164,0.09417503391614623,True
cross_segment,zip_code,124xx,53,12,0.0006572909690701193,0.00036580904767711256,0.16981132075471697,0.3333333333333333,0.1636406478656646,0.13196561394951836,0.006170672889052375,0.20136771938381495,0.19519704649476258,True
cross_segment,zip_code,467xx,58,21,0.0007192995510578664,0.000640165833434947,0.20689655172413793,0.14285714285714285,0.1636406478656646,0.13196561394951836,0.04325590385847333,0.010891528907624487,0.032364374950848845,True
cross_segment,zip_code,662xx,146,61,0.0018106505940422154,0.0018595293256919887,0.10273972602739725,0.16393442622950818,0.1636406478656646,0.13196561394951836,-0.06090092183826734,0.03196881227998982,0.09286973411825716,True
cross_segment,zip_code,496xx,43,22,0.0005332738050946251,0.000670649920741373,0.023255813953488372,0.0,0.1636406478656646,0.13196561394951836,-0.1403848339121762,-0.13196561394951836,0.008419219962657848,True
cross_segment,zip_code,277xx,54,28,0.0006696926854676687,0.0008535544445799293,0.16666666666666666,0.14285714285714285,0.1636406478656646,0.13196561394951836,0.0030260188010020617,0.010891528907624487,0.007865510106622425,True
cross_segment,zip_code,476xx,20,14,0.0002480343279509884,0.00042677722228996463,0.05,0.07142857142857142,0.1636406478656646,0.13196561394951836,-0.11364064786566459,-0.06053704252094694,0.053103605344717655,True
cross_segment,zip_code,956xx,420,161,0.005208720886970756,0.004907938056334593,0.14761904761904762,0.08074534161490683,0.1636406478656646,0.13196561394951836,-0.016021600246616974,-0.05122027233461153,0.035198672087994556,False
cross_segment,zip_code,187xx,27,10,0.00033484634273383434,0.00030484087306426044,0.037037037037037035,0.1,0.1636406478656646,0.13196561394951836,-0.12660361082862756,-0.03196561394951836,0.0946379968791092,True
cross_segment,zip_code,607xx,37,17,0.0004588635067093286,0.0005182294842092427,0.1891891891891892,0.058823529411764705,0.1636406478656646,0.13196561394951836,0.025548541323524604,-0.07314208453775366,0.09869062586127826,True
cross_segment,zip_code,365xx,69,19,0.0008557184314309101,0.0005791976588220949,0.17391304347826086,0.15789473684210525,0.1636406478656646,0.13196561394951836,0.010272395612596269,0.025929122892586892,0.015656727279990623,True
cross_segment,zip_code,433xx,41,15,0.0005084703722995263,0.00045726130959639066,0.17073170731707318,0.06666666666666667,0.1636406478656646,0.13196561394951836,0.007091059451408588,-0.0652989472828517,0.07239000673426028,True
cross_segment,zip_code,296xx,196,47,0.0024307364139196865,0.0014327521034020242,0.11224489795918367,0.19148936170212766,0.1636406478656646,0.13196561394951836,-0.05139574990648092,0.059523747752609296,0.11091949765909022,True
cross_segment,zip_code,029xx,104,49,0.0012897785053451398,0.0014937202780148763,0.23076923076923078,0.10204081632653061,0.1636406478656646,0.13196561394951836,0.06712858290356619,-0.029924797622987748,0.09705338052655393,True
cross_segment,zip_code,911xx,61,22,0.0007565047002505147,0.000670649920741373,0.16393442622950818,0.09090909090909091,0.1636406478656646,0.13196561394951836,0.0002937783638435887,-0.04105652304042745,0.04135030140427104,True
cross_segment,zip_code,820xx,43,20,0.0005332738050946251,0.0006096817461285209,0.06976744186046512,0.1,0.1636406478656646,0.13196561394951836,-0.09387320600519948,-0.03196561394951836,0.061907592055681124,True
cross_segment,zip_code,900xx,721,290,0.008941637522633132,0.008840385318863553,0.17753120665742025,0.10344827586206896,0.1636406478656646,0.13196561394951836,0.013890558791755658,-0.028517338087449398,0.042407896879205056,False
cross_segment,zip_code,030xx,136,54,0.0016866334300667213,0.0016461407145470066,0.09558823529411764,0.05555555555555555,0.1636406478656646,0.13196561394951836,-0.06805241257154696,-0.07641005839396281,0.008357645822415855,True
cross_segment,zip_code,770xx,576,228,0.007143388644988467,0.0069503719058651384,0.1440972222222222,0.10087719298245613,0.1636406478656646,0.13196561394951836,-0.019543425643442386,-0.031088420967062227,0.011544995323619842,False
cross_segment,zip_code,190xx,269,103,0.003336061710940794,0.003139860992561883,0.16728624535315986,0.13592233009708737,0.1636406478656646,0.13196561394951836,0.003645597487495267,0.003956716147569012,0.0003111186600737448,False
cross_segment,zip_code,240xx,109,27,0.001351787087332887,0.0008230703572735033,0.2018348623853211,0.18518518518518517,0.1636406478656646,0.13196561394951836,0.038194214519656516,0.05321957123566681,0.015025356716010296,True
cross_segment,zip_code,199xx,78,36,0.0009673338790088549,0.0010974271430313376,0.14102564102564102,0.16666666666666666,0.1636406478656646,0.13196561394951836,-0.02261500684002357,0.034701052717148295,0.05731605955717187,True
cross_segment,zip_code,780xx,87,25,0.0010789493265867995,0.0007621021826606511,0.12643678160919541,0.2,0.1636406478656646,0.13196561394951836,-0.03720386625646918,0.06803438605048165,0.10523825230695083,True
cross_segment,zip_code,828xx,14,3,0.0001736240295656919,9.145226191927814e-05,0.2857142857142857,0.0,0.1636406478656646,0.13196561394951836,0.1220736378486211,-0.13196561394951836,0.25403925179813946,True
cross_segment,zip_code,354xx,50,16,0.0006200858198774711,0.00048774539690281675,0.1,0.0625,0.1636406478656646,0.13196561394951836,-0.06364064786566459,-0.06946561394951836,0.005824966083853772,True
cross_segment,zip_code,913xx,454,207,0.005630379244487437,0.006310206072430192,0.15198237885462554,0.12560386473429952,0.1636406478656646,0.13196561394951836,-0.011658269011039057,-0.006361749215218843,0.005296519795820215,False
cross_segment,zip_code,086xx,80,35,0.0009921373118039537,0.0010669430557249115,0.2,0.2,0.1636406478656646,0.13196561394951836,0.036359352134335415,0.06803438605048165,0.031675033916146234,True
cross_segment,zip_code,914xx,100,35,0.0012401716397549421,0.0010669430557249115,0.24,0.22857142857142856,0.1636406478656646,0.13196561394951836,0.0763593521343354,0.0966058146219102,0.020246462487574807,True
cross_segment,zip_code,323xx,94,36,0.0011657613413696456,0.0010974271430313376,0.18085106382978725,0.25,0.1636406478656646,0.13196561394951836,0.01721041596412265,0.11803438605048164,0.10082397008635899,True
cross_segment,zip_code,923xx,362,139,0.004489421335912891,0.00423728813559322,0.1464088397790055,0.10071942446043165,0.1636406478656646,0.13196561394951836,-0.017231808086659084,-0.03124618948908671,0.014014381402427625,False
cross_segment,zip_code,430xx,253,97,0.0031376342485800036,0.0029569564687233264,0.13438735177865613,0.12371134020618557,0.1636406478656646,0.13196561394951836,-0.029253296087008468,-0.00825427374333279,0.020999022343675677,True
cross_segment,zip_code,932xx,147,66,0.001823052310439765,0.002011949762224119,0.14965986394557823,0.12121212121212122,0.1636406478656646,0.13196561394951836,-0.013980783920086365,-0.010753492737397147,0.003227291182689218,True
cross_segment,zip_code,774xx,319,122,0.003956147530818265,0.0037190586513839775,0.15673981191222572,0.09836065573770492,0.1636406478656646,0.13196561394951836,-0.0069008359534388775,-0.033604958211813446,0.02670412225837457,False
cross_segment,zip_code,432xx,196,99,0.0024307364139196865,0.0030179246433361786,0.15306122448979592,0.12121212121212122,0.1636406478656646,0.13196561394951836,-0.010579423375868674,-0.010753492737397147,0.00017406936152847274,True
cross_segment,zip_code,063xx,84,35,0.0010417441773941513,0.0010669430557249115,0.20238095238095238,0.2,0.1636406478656646,0.13196561394951836,0.03874030451528779,0.06803438605048165,0.02929408153519386,True
cross_segment,zip_code,380xx,125,39,0.0015502145496936776,0.0011888794049506157,0.232,0.23076923076923078,0.1636406478656646,0.13196561394951836,0.06835935213433542,0.09880361681971242,0.030444264685377004,True
cross_segment,zip_code,314xx,53,21,0.0006572909690701193,0.000640165833434947,0.1509433962264151,0.09523809523809523,0.1636406478656646,0.13196561394951836,-0.012697251639249507,-0.03672751871142313,0.024030267072173622,True
cross_segment,zip_code,441xx,253,92,0.0031376342485800036,0.002804536032191196,0.16600790513833993,0.16304347826086957,0.1636406478656646,0.13196561394951836,0.0023672572726753383,0.031077864311351205,0.028710607038675867,True
cross_segment,zip_code,065xx,117,38,0.0014510008185132821,0.0011583953176441898,0.11965811965811966,0.10526315789473684,0.1636406478656646,0.13196561394951836,-0.04398252820754493,-0.026702456054781526,0.017280072152763407,True
cross_segment,zip_code,331xx,649,253,0.008048713942009574,0.0077124740885257895,0.17565485362095531,0.16996047430830039,0.1636406478656646,0.13196561394951836,0.012014205755290719,0.03799486035878202,0.025980654603491304,False
cross_segment,zip_code,062xx,54,24,0.0006696926854676687,0.0007316180953542251,0.14814814814814814,0.0,0.1636406478656646,0.13196561394951836,-0.015492499717516456,-0.13196561394951836,0.1164731142320019,True
cross_segment,zip_code,794xx,67,33,0.0008309149986358112,0.0010059748811120596,0.11940298507462686,0.21212121212121213,0.1636406478656646,0.13196561394951836,-0.04423766279103773,0.08015559817169376,0.1243932609627315,True
cross_segment,zip_code,926xx,492,224,0.006101644467594315,0.006828435556639434,0.1565040650406504,0.11607142857142858,0.1636406478656646,0.13196561394951836,-0.007136582825014198,-0.015894185378089787,0.008757602553075589,False
cross_segment,zip_code,261xx,25,10,0.00031004290993873554,0.00030484087306426044,0.08,0.0,0.1636406478656646,0.13196561394951836,-0.0836406478656646,-0.13196561394951836,0.04832496608385377,True
cross_segment,zip_code,705xx,125,48,0.0015502145496936776,0.0014632361907084503,0.208,0.08333333333333333,0.1636406478656646,0.13196561394951836,0.044359352134335395,-0.048632280616185034,0.09299163275052043,True
cross_segment,zip_code,773xx,358,129,0.0044398144703226925,0.00393244726252896,0.12290502793296089,0.10852713178294573,0.1636406478656646,0.13196561394951836,-0.04073561993270371,-0.023438482166572627,0.01729713776613108,False
cross_segment,zip_code,700xx,157,43,0.001947069474415259,0.00131081575417632,0.17834394904458598,0.09302325581395349,0.1636406478656646,0.13196561394951836,0.01470330117892138,-0.038942358135564875,0.053645659314486255,True
cross_segment,zip_code,975xx,61,29,0.0007565047002505147,0.0008840385318863553,0.11475409836065574,0.034482758620689655,0.1636406478656646,0.13196561394951836,-0.048886549505008856,-0.09748285532882871,0.04859630582381985,True
cross_segment,zip_code,080xx,445,160,0.005518763796909493,0.004877453969028167,0.2157303370786517,0.11875,0.1636406478656646,0.13196561394951836,0.052089689212987095,-0.013215613949518368,0.06530530316250546,False
cross_segment,zip_code,297xx,77,30,0.0009549321626113054,0.0009145226191927813,0.15584415584415584,0.03333333333333333,0.1636406478656646,0.13196561394951836,-0.007796492021508755,-0.09863228061618504,0.09083578859467628,True
cross_segment,zip_code,136xx,71,24,0.0008805218642260089,0.0007316180953542251,0.22535211267605634,0.25,0.1636406478656646,0.13196561394951836,0.06171146481039175,0.11803438605048164,0.05632292124008989,True
cross_segment,zip_code,346xx,164,60,0.002033881489198105,0.0018290452383855627,0.17073170731707318,0.18333333333333332,0.1636406478656646,0.13196561394951836,0.007091059451408588,0.05136771938381496,0.04427665993240637,True
cross_segment,zip_code,152xx,193,73,0.0023935312647270384,0.002225338373369101,0.11917098445595854,0.0958904109589041,0.1636406478656646,0.13196561394951836,-0.04446966340970605,-0.03607520299061426,0.008394460419091795,True
cross_segment,zip_code,068xx,134,47,0.0016618299972716224,0.0014327521034020242,0.13432835820895522,0.1276595744680851,0.1636406478656646,0.13196561394951836,-0.029312289656709373,-0.004306039481433266,0.025006250175276107,True
cross_segment,zip_code,181xx,35,15,0.0004340600739142297,0.00045726130959639066,0.22857142857142856,0.26666666666666666,0.1636406478656646,0.13196561394951836,0.06493078070576397,0.1347010527171483,0.06977027201138433,True
cross_segment,zip_code,799xx,236,63,0.0029268050698216634,0.001920497500304841,0.211864406779661,0.19047619047619047,0.1636406478656646,0.13196561394951836,0.04822375891399641,0.0585105765266721,0.010286817612675692,True
cross_segment,zip_code,959xx,126,65,0.001562616266091227,0.001981465674917693,0.11904761904761904,0.13846153846153847,0.1636406478656646,0.13196561394951836,-0.044593028818045555,0.006495924512020107,0.05108895333006566,True
cross_segment,zip_code,050xx,14,2,0.0001736240295656919,6.0968174612852094e-05,0.0,0.0,0.1636406478656646,0.13196561394951836,-0.1636406478656646,-0.13196561394951836,0.031675033916146234,True
cross_segment,zip_code,295xx,112,38,0.0013889922365255352,0.0011583953176441898,0.17857142857142858,0.18421052631578946,0.1636406478656646,0.13196561394951836,0.01493078070576398,0.0522449123662711,0.03731413166050712,True
cross_segment,zip_code,077xx,186,75,0.002306719249944192,0.0022863065479819533,0.20430107526881722,0.14666666666666667,0.1636406478656646,0.13196561394951836,0.04066042740315262,0.014701052717148305,0.025959374686004316,True
cross_segment,zip_code,291xx,42,15,0.0005208720886970756,0.00045726130959639066,0.14285714285714285,0.06666666666666667,0.1636406478656646,0.13196561394951836,-0.020783505008521747,-0.0652989472828517,0.04451544227432995,True
cross_segment,zip_code,982xx,259,99,0.0032120445469653,0.0030179246433361786,0.15444015444015444,0.1717171717171717,0.1636406478656646,0.13196561394951836,-0.009200493425510159,0.03975155776765335,0.04895205119316351,True
cross_segment,zip_code,327xx,268,128,0.0033236599945432447,0.003901963175222534,0.19029850746268656,0.1015625,0.1636406478656646,0.13196561394951836,0.026657859597021966,-0.030403113949518362,0.05706097354654033,False
cross_segment,zip_code,191xx,270,74,0.003348463427338344,0.0022558224606755274,0.14444444444444443,0.22972972972972974,0.1636406478656646,0.13196561394951836,-0.019196203421220165,0.09776411578021138,0.11696031920143155,True
cross_segment,zip_code,130xx,145,50,0.001798248877644666,0.0015242043653213022,0.22758620689655173,0.14,0.1636406478656646,0.13196561394951836,0.06394555903088714,0.008034386050481651,0.05591117298040549,True
cross_segment,zip_code,958xx,338,134,0.004191780142371704,0.00408486769906109,0.14792899408284024,0.16417910447761194,0.1636406478656646,0.13196561394951836,-0.015711653782824353,0.03221349052809358,0.04792514431091793,False
cross_segment,zip_code,326xx,72,39,0.0008929235806235583,0.0011888794049506157,0.1527777777777778,0.20512820512820512,0.1636406478656646,0.13196561394951836,-0.010862870087886806,0.07316259117868676,0.08402546126657356,True
cross_segment,zip_code,652xx,49,24,0.0006076841034799216,0.0007316180953542251,0.16326530612244897,0.2916666666666667,0.1636406478656646,0.13196561394951836,-0.0003753417432156292,0.15970105271714832,0.16007639446036395,True
cross_segment,zip_code,301xx,366,141,0.004539028201503088,0.004298256310206072,0.12295081967213115,0.07092198581560284,0.1636406478656646,0.13196561394951836,-0.04068982819353345,-0.06104362813391552,0.02035379994038207,False
cross_segment,zip_code,283xx,206,62,0.002554753577895181,0.0018900134129984148,0.18932038834951456,0.22580645161290322,0.1636406478656646,0.13196561394951836,0.025679740483849967,0.09384083766338486,0.06816109717953489,True
cross_segment,zip_code,104xx,508,237,0.006300071929955106,0.007224728691622973,0.19881889763779528,0.189873417721519,0.1636406478656646,0.13196561394951836,0.03517824977213069,0.05790780377200064,0.02272955399986995,False
cross_segment,zip_code,103xx,180,66,0.0022323089515588956,0.002011949762224119,0.20555555555555555,0.19696969696969696,0.1636406478656646,0.13196561394951836,0.04191490768989095,0.0650040830201786,0.023089175330287648,True
cross_segment,zip_code,633xx,142,47,0.0017610437284520178,0.0014327521034020242,0.176056338028169,0.1702127659574468,0.1636406478656646,0.13196561394951836,0.012415690162504406,0.03824715200792844,0.025831461845424036,True
cross_segment,zip_code,801xx,233,120,0.002889599920629015,0.0036580904767711253,0.10300429184549356,0.06666666666666667,0.1636406478656646,0.13196561394951836,-0.060636356020171034,-0.0652989472828517,0.004662591262680663,False
cross_segment,zip_code,666xx,60,25,0.0007441029838529652,0.0007621021826606511,0.26666666666666666,0.16,0.1636406478656646,0.13196561394951836,0.10302601880100207,0.02803438605048164,0.07499163275052043,True
cross_segment,zip_code,902xx,388,141,0.0048118659622491755,0.004298256310206072,0.18556701030927836,0.05673758865248227,0.1636406478656646,0.13196561394951836,0.02192636244361376,-0.0752280252970361,0.09715438774064986,False
cross_segment,zip_code,231xx,109,37,0.001351787087332887,0.0011279112303377637,0.22018348623853212,0.21621621621621623,0.1636406478656646,0.13196561394951836,0.05654283837286753,0.08425060226669787,0.02770776389383034,True
cross_segment,zip_code,166xx,38,12,0.000471265223106878,0.00036580904767711256,0.15789473684210525,0.3333333333333333,0.1636406478656646,0.13196561394951836,-0.005745911023559341,0.20136771938381495,0.2071136304073743,True
cross_segment,zip_code,253xx,24,15,0.0002976411935411861,0.00045726130959639066,0.08333333333333333,0.06666666666666667,0.1636406478656646,0.13196561394951836,-0.08030731453233127,-0.0652989472828517,0.01500836724947957,True
cross_segment,zip_code,085xx,99,25,0.0012277699233573926,0.0007621021826606511,0.1717171717171717,0.2,0.1636406478656646,0.13196561394951836,0.008076523851507117,0.06803438605048165,0.05995786219897453,True
cross_segment,zip_code,921xx,555,249,0.006882952600639929,0.007590537739300085,0.13513513513513514,0.12048192771084337,0.1636406478656646,0.13196561394951836,-0.028505512730529453,-0.01148368623867499,0.017021826491854464,False
cross_segment,zip_code,986xx,166,72,0.002058684921993204,0.0021948542860626753,0.15060240963855423,0.027777777777777776,0.1636406478656646,0.13196561394951836,-0.013038238227110366,-0.10418783617174059,0.09114959794463022,True
cross_segment,zip_code,479xx,64,25,0.0007937098494431629,0.0007621021826606511,0.171875,0.28,0.1636406478656646,0.13196561394951836,0.008234352134335404,0.14803438605048166,0.13980003391614626,True
cross_segment,zip_code,984xx,131,36,0.001624624848078974,0.0010974271430313376,0.19083969465648856,0.1388888888888889,0.1636406478656646,0.13196561394951836,0.027199046790823966,0.006923274939370533,0.020275771851453434,True
cross_segment,zip_code,201xx,416,131,0.005159114021380559,0.003993415437141812,0.12740384615384615,0.07633587786259542,0.1636406478656646,0.13196561394951836,-0.03623680171181845,-0.05562973608692294,0.01939293437510449,False
cross_segment,zip_code,276xx,157,57,0.001947069474415259,0.0017375929764662846,0.15286624203821655,0.15789473684210525,0.1636406478656646,0.13196561394951836,-0.010774405827448041,0.025929122892586892,0.036703528720034934,True
cross_segment,zip_code,145xx,90,32,0.0011161544757794478,0.0009754907938056335,0.13333333333333333,0.125,0.1636406478656646,0.13196561394951836,-0.030307314532331264,-0.006965613949518362,0.023341700582812902,True
cross_segment,zip_code,115xx,205,85,0.0025423518614976315,0.0025911474210462138,0.17560975609756097,0.10588235294117647,0.1636406478656646,0.13196561394951836,0.01196910823189637,-0.026083261008341893,0.03805236924023826,True
cross_segment,zip_code,286xx,132,35,0.0016370265644765237,0.0010669430557249115,0.20454545454545456,0.22857142857142856,0.1636406478656646,0.13196561394951836,0.04090480667978996,0.0966058146219102,0.05570100794212024,True
cross_segment,zip_code,850xx,356,137,0.004415011037527594,0.004176319960980369,0.17696629213483145,0.13138686131386862,0.1636406478656646,0.13196561394951836,0.013325644269166853,-0.000578752635649743,0.013904396904816596,False
cross_segment,zip_code,934xx,127,56,0.0015750179824887765,0.0017071088891598585,0.15748031496062992,0.05357142857142857,0.1636406478656646,0.13196561394951836,-0.006160332905034677,-0.07839418537808979,0.07223385247305511,True
cross_segment,zip_code,606xx,717,376,0.008892030657042934,0.011462016827216193,0.11436541143654114,0.09042553191489362,0.1636406478656646,0.13196561394951836,-0.04927523642912346,-0.04154008203462474,0.0077351543944987194,False
cross_segment,zip_code,729xx,43,17,0.0005332738050946251,0.0005182294842092427,0.13953488372093023,0.29411764705882354,0.1636406478656646,0.13196561394951836,-0.024105764144734365,0.16215203310930518,0.18625779725403954,True
cross_segment,zip_code,078xx,130,50,0.0016122231316814247,0.0015242043653213022,0.2,0.08,0.1636406478656646,0.13196561394951836,0.036359352134335415,-0.05196561394951836,0.08832496608385378,True
cross_segment,zip_code,946xx,153,67,0.0018974626088250615,0.002042433849530545,0.11764705882352941,0.1044776119402985,0.1636406478656646,0.13196561394951836,-0.045993589042135186,-0.02748800200921986,0.018505587032915327,True
cross_segment,zip_code,171xx,37,15,0.0004588635067093286,0.00045726130959639066,0.24324324324324326,0.26666666666666666,0.1636406478656646,0.13196561394951836,0.07960259537757866,0.1347010527171483,0.05509845733956964,True
cross_segment,zip_code,349xx,117,43,0.0014510008185132821,0.00131081575417632,0.2222222222222222,0.20930232558139536,0.1636406478656646,0.13196561394951836,0.058581574356557614,0.077336711631877,0.018755137275319383,True
cross_segment,zip_code,170xx,110,36,0.0013641888037304363,0.0010974271430313376,0.14545454545454545,0.08333333333333333,0.1636406478656646,0.13196561394951836,-0.01818610241111915,-0.048632280616185034,0.030446178205065885,True
cross_segment,zip_code,089xx,29,16,0.0003596497755289332,0.00048774539690281675,0.2413793103448276,0.1875,0.1636406478656646,0.13196561394951836,0.077738662479163,0.05553438605048164,0.022204276428681363,True
cross_segment,zip_code,141xx,65,29,0.0008061115658407124,0.0008840385318863553,0.18461538461538463,0.20689655172413793,0.1636406478656646,0.13196561394951836,0.02097473674972003,0.07493093777461957,0.053956201024899536,True
cross_segment,zip_code,727xx,116,37,0.0014385991021157328,0.0011279112303377637,0.1724137931034483,0.10810810810810811,0.1636406478656646,0.13196561394951836,0.008773145237783692,-0.023857505841410248,0.03263065107919394,True
cross_segment,zip_code,137xx,26,11,0.00032244462633628494,0.0003353249603706865,0.2692307692307692,0.18181818181818182,0.1636406478656646,0.13196561394951836,0.10559012136510462,0.04985256786866346,0.05573755349644116,True
cross_segment,zip_code,437xx,47,20,0.0005828806706848228,0.0006096817461285209,0.1702127659574468,0.25,0.1636406478656646,0.13196561394951836,0.006572118091782209,0.11803438605048164,0.11146226795869943,True
cross_segment,zip_code,333xx,278,131,0.003447677158518739,0.003993415437141812,0.19424460431654678,0.20610687022900764,0.1636406478656646,0.13196561394951836,0.03060395645088218,0.07414125627948928,0.0435372998286071,False
cross_segment,zip_code,088xx,338,130,0.004191780142371704,0.003962931349835386,0.15088757396449703,0.1,0.1636406478656646,0.13196561394951836,-0.012753073901167561,-0.03196561394951836,0.019212540048350796,False
cross_segment,zip_code,175xx,66,19,0.0008185132822382618,0.0005791976588220949,0.13636363636363635,0.10526315789473684,0.1636406478656646,0.13196561394951836,-0.027277011502028242,-0.026702456054781526,0.0005745554472467163,True
cross_segment,zip_code,325xx,173,46,0.0021454969367760497,0.001402268016095598,0.1791907514450867,0.1956521739130435,0.1636406478656646,0.13196561394951836,0.015550103579422103,0.06368655996352512,0.04813645638410302,True
cross_segment,zip_code,761xx,228,82,0.0028275913386412678,0.0024996951591269357,0.18421052631578946,0.14634146341463414,0.1636406478656646,0.13196561394951836,0.020569878450124868,0.014375849465115775,0.006194028985009092,True
cross_segment,zip_code,775xx,265,89,0.0032864548453505967,0.002713083770271918,0.18490566037735848,0.10112359550561797,0.1636406478656646,0.13196561394951836,0.02126501251169388,-0.030842018443900387,0.05210703095559427,True
cross_segment,zip_code,922xx,226,97,0.002802787905846169,0.0029569564687233264,0.14601769911504425,0.12371134020618557,0.1636406478656646,0.13196561394951836,-0.017622948750620343,-0.00825427374333279,0.009368675007287552,True
cross_segment,zip_code,882xx,44,20,0.0005456755214921746,0.0006096817461285209,0.18181818181818182,0.05,0.1636406478656646,0.13196561394951836,0.018177533952517227,-0.08196561394951836,0.10014314790203559,True
cross_segment,zip_code,547xx,36,21,0.0004464617903117792,0.000640165833434947,0.16666666666666666,0.14285714285714285,0.1636406478656646,0.13196561394951836,0.0030260188010020617,0.010891528907624487,0.007865510106622425,True
cross_segment,zip_code,298xx,53,7,0.0006572909690701193,0.00021338861114498232,0.11320754716981132,0.0,0.1636406478656646,0.13196561394951836,-0.05043310069585327,-0.13196561394951836,0.08153251325366509,True
cross_segment,zip_code,329xx,189,45,0.0023439243991368406,0.001371783928789172,0.13227513227513227,0.2,0.1636406478656646,0.13196561394951836,-0.03136551559053233,0.06803438605048165,0.09939990164101398,True
cross_segment,zip_code,347xx,177,59,0.0021951038023662476,0.0017985611510791368,0.20903954802259886,0.15254237288135594,0.1636406478656646,0.13196561394951836,0.04539890015693426,0.02057675893183758,0.024822141225096683,True
cross_segment,zip_code,293xx,70,19,0.0008681201478284594,0.0005791976588220949,0.11428571428571428,0.05263157894736842,0.1636406478656646,0.13196561394951836,-0.049354933579950314,-0.07933403500214994,0.02997910142219963,True
cross_segment,zip_code,493xx,48,30,0.0005952823870823722,0.0009145226191927813,0.20833333333333334,0.16666666666666666,0.1636406478656646,0.13196561394951836,0.04469268546766875,0.034701052717148295,0.009991632750520452,True
cross_segment,zip_code,402xx,136,66,0.0016866334300667213,0.002011949762224119,0.20588235294117646,0.10606060606060606,0.1636406478656646,0.13196561394951836,0.042241705075511865,-0.0259050078889123,0.06814671296442416,True
cross_segment,zip_code,310xx,109,57,0.001351787087332887,0.0017375929764662846,0.1559633027522936,0.17543859649122806,0.1636406478656646,0.13196561394951836,-0.007677345113371009,0.0434729825417097,0.05115032765508071,True
cross_segment,zip_code,372xx,103,43,0.0012773767889475904,0.00131081575417632,0.1650485436893204,0.23255813953488372,0.1636406478656646,0.13196561394951836,0.0014078958236558026,0.10059252558536536,0.09918462976170955,True
cross_segment,zip_code,157xx,19,3,0.000235632611553439,9.145226191927814e-05,0.21052631578947367,0.3333333333333333,0.1636406478656646,0.13196561394951836,0.04688566792380908,0.20136771938381495,0.15448205146000588,True
cross_segment,zip_code,025xx,43,14,0.0005332738050946251,0.00042677722228996463,0.16279069767441862,0.07142857142857142,0.1636406478656646,0.13196561394951836,-0.0008499501912459795,-0.06053704252094694,0.05968709232970096,True
cross_segment,zip_code,786xx,299,104,0.0037081132028672767,0.0031703450798683088,0.1505016722408027,0.16346153846153846,0.1636406478656646,0.13196561394951836,-0.01313897562486191,0.0314959245120201,0.04463490013688201,False
cross_segment,zip_code,530xx,118,72,0.0014634025349108317,0.0021948542860626753,0.1271186440677966,0.1111111111111111,0.1636406478656646,0.13196561394951836,-0.03652200379786799,-0.020854502838407257,0.015667500959460734,True
cross_segment,zip_code,707xx,89,35,0.0011037527593818985,0.0010669430557249115,0.16853932584269662,0.2,0.1636406478656646,0.13196561394951836,0.004898677977032029,0.06803438605048165,0.06313570807344962,True
cross_segment,zip_code,208xx,209,76,0.002591958727087829,0.0023167906352883796,0.09569377990430622,0.10526315789473684,0.1636406478656646,0.13196561394951836,-0.06794686796135838,-0.026702456054781526,0.04124441190657685,True
cross_segment,zip_code,781xx,90,29,0.0011161544757794478,0.0008840385318863553,0.16666666666666666,0.0,0.1636406478656646,0.13196561394951836,0.0030260188010020617,-0.13196561394951836,0.13499163275052042,True
cross_segment,zip_code,139xx,11,6,0.00013641888037304364,0.00018290452383855628,0.36363636363636365,0.16666666666666666,0.1636406478656646,0.13196561394951836,0.19999571577069905,0.034701052717148295,0.16529466305355076,True
cross_segment,zip_code,363xx,57,20,0.0007068978346603169,0.0006096817461285209,0.2631578947368421,0.1,0.1636406478656646,0.13196561394951836,0.0995172468711775,-0.03196561394951836,0.13148286082069585,True
cross_segment,zip_code,051xx,4,4,4.960686559019768e-05,0.00012193634922570419,0.0,0.0,0.1636406478656646,0.13196561394951836,-0.1636406478656646,-0.13196561394951836,0.031675033916146234,True
cross_segment,zip_code,284xx,82,32,0.0010169407445990526,0.0009754907938056335,0.2073170731707317,0.1875,0.1636406478656646,0.13196561394951836,0.0436764253050671,0.05553438605048164,0.011857960745414536,True
cross_segment,zip_code,957xx,173,61,0.0021454969367760497,0.0018595293256919887,0.16184971098265896,0.18032786885245902,0.1636406478656646,0.13196561394951836,-0.0017909368830056338,0.04836225490294066,0.050153191785946294,True
cross_segment,zip_code,344xx,82,34,0.0010169407445990526,0.0010364589684184855,0.23170731707317074,0.17647058823529413,0.1636406478656646,0.13196561394951836,0.06806666920750615,0.04450497428577577,0.02356169492173038,True
cross_segment,zip_code,891xx,584,238,0.007242602376168862,0.007255212778929399,0.20034246575342465,0.15966386554621848,0.1636406478656646,0.13196561394951836,0.03670181788776006,0.027698251596700113,0.009003566291059945,False
cross_segment,zip_code,206xx,137,24,0.0016990351464642706,0.0007316180953542251,0.15328467153284672,0.20833333333333334,0.1636406478656646,0.13196561394951836,-0.010355976332817873,0.07636771938381498,0.08672369571663285,True
cross_segment,zip_code,336xx,198,78,0.002455539846714785,0.0023777588099012314,0.1717171717171717,0.14102564102564102,0.1636406478656646,0.13196561394951836,0.008076523851507117,0.009060027076122662,0.000983503224615545,True
cross_segment,zip_code,073xx,114,65,0.0014137956693206339,0.001981465674917693,0.19298245614035087,0.23076923076923078,0.1636406478656646,0.13196561394951836,0.02934180827468627,0.09880361681971242,0.06946180854502615,True
cross_segment,zip_code,880xx,51,18,0.0006324875362750204,0.0005487135715156688,0.13725490196078433,0.2222222222222222,0.1636406478656646,0.13196561394951836,-0.02638574590488027,0.09025660827270385,0.11664235417758412,True
cross_segment,zip_code,968xx,163,47,0.0020214797728005554,0.0014327521034020242,0.15950920245398773,0.14893617021276595,0.1636406478656646,0.13196561394951836,-0.004131445411676871,0.016970556263247588,0.02110200167492446,True
cross_segment,zip_code,931xx,63,30,0.0007813081330456135,0.0009145226191927813,0.1111111111111111,0.16666666666666666,0.1636406478656646,0.13196561394951836,-0.05252953675455349,0.034701052717148295,0.08723058947170179,True
cross_segment,zip_code,785xx,142,59,0.0017610437284520178,0.0017985611510791368,0.1267605633802817,0.15254237288135594,0.1636406478656646,0.13196561394951836,-0.03688008448538291,0.02057675893183758,0.05745684341722049,True
cross_segment,zip_code,337xx,211,83,0.002616762159882928,0.0025301792464333616,0.18009478672985782,0.0963855421686747,0.1636406478656646,0.13196561394951836,0.016454138864193224,-0.03558007178084366,0.05203421064503688,True
cross_segment,zip_code,300xx,660,274,0.008185132822382618,0.008352639921960737,0.14393939393939395,0.12043795620437957,0.1636406478656646,0.13196561394951836,-0.019701253926270645,-0.011527657745138795,0.00817359618113185,False
cross_segment,zip_code,431xx,122,61,0.0015130094005010293,0.0018595293256919887,0.10655737704918032,0.19672131147540983,0.1636406478656646,0.13196561394951836,-0.057083270816484274,0.06475569752589147,0.12183896834237574,True
cross_segment,zip_code,290xx,104,33,0.0012897785053451398,0.0010059748811120596,0.11538461538461539,0.0,0.1636406478656646,0.13196561394951836,-0.048256032481049205,-0.13196561394951836,0.08370958146846916,True
cross_segment,zip_code,793xx,26,15,0.00032244462633628494,0.00045726130959639066,0.11538461538461539,0.06666666666666667,0.1636406478656646,0.13196561394951836,-0.048256032481049205,-0.0652989472828517,0.017042914801802492,True
cross_segment,zip_code,352xx,103,50,0.0012773767889475904,0.0015242043653213022,0.17475728155339806,0.14,0.1636406478656646,0.13196561394951836,0.011116633687733468,0.008034386050481651,0.003082247637251817,True
cross_segment,zip_code,600xx,351,177,0.004353002455539847,0.00539568345323741,0.1623931623931624,0.12994350282485875,0.1636406478656646,0.13196561394951836,-0.0012474854725021967,-0.002022111124659609,0.0007746256521574124,False
cross_segment,zip_code,765xx,126,49,0.001562616266091227,0.0014937202780148763,0.21428571428571427,0.16326530612244897,0.1636406478656646,0.13196561394951836,0.05064506642004968,0.031299692172930604,0.019345374247119074,True
cross_segment,zip_code,754xx,81,39,0.001004539028201503,0.0011888794049506157,0.1728395061728395,0.15384615384615385,0.1636406478656646,0.13196561394951836,0.0091988583071749,0.021880539896635492,0.012681681589460592,True
cross_segment,zip_code,752xx,271,115,0.003360865143735893,0.003505670040238995,0.11070110701107011,0.16521739130434782,0.1636406478656646,0.13196561394951836,-0.052939540854594486,0.033251777354829454,0.08619131820942394,False
cross_segment,zip_code,449xx,23,12,0.0002852394771436367,0.00036580904767711256,0.043478260869565216,0.25,0.1636406478656646,0.13196561394951836,-0.12016238699609938,0.11803438605048164,0.23819677304658102,True
cross_segment,zip_code,463xx,188,89,0.0023315226827392913,0.002713083770271918,0.19680851063829788,0.10112359550561797,0.1636406478656646,0.13196561394951836,0.03316786277263328,-0.030842018443900387,0.06400988121653367,True
cross_segment,zip_code,554xx,287,135,0.0035592926060966836,0.004115351786367516,0.13937282229965156,0.0962962962962963,0.1636406478656646,0.13196561394951836,-0.024267825566013035,-0.035669317653222066,0.01140149208720903,False
cross_segment,zip_code,308xx,64,20,0.0007937098494431629,0.0006096817461285209,0.171875,0.1,0.1636406478656646,0.13196561394951836,0.008234352134335404,-0.03196561394951836,0.04019996608385376,True
cross_segment,zip_code,460xx,146,61,0.0018106505940422154,0.0018595293256919887,0.14383561643835616,0.19672131147540983,0.1636406478656646,0.13196561394951836,-0.01980503142730844,0.06475569752589147,0.08456072895319991,True
cross_segment,zip_code,015xx,138,52,0.0017114368628618202,0.0015851725399341544,0.18840579710144928,0.15384615384615385,0.1636406478656646,0.13196561394951836,0.024765149235784684,0.021880539896635492,0.002884609339149191,True
cross_segment,zip_code,617xx,57,20,0.0007068978346603169,0.0006096817461285209,0.07017543859649122,0.15,0.1636406478656646,0.13196561394951836,-0.09346520926917337,0.018034386050481632,0.111499595319655,True
cross_segment,zip_code,453xx,82,47,0.0010169407445990526,0.0014327521034020242,0.2073170731707317,0.1276595744680851,0.1636406478656646,0.13196561394951836,0.0436764253050671,-0.004306039481433266,0.04798246478650037,True
cross_segment,zip_code,796xx,26,8,0.00032244462633628494,0.00024387269845140838,0.07692307692307693,0.25,0.1636406478656646,0.13196561394951836,-0.08671757094258767,0.11803438605048164,0.2047519569930693,True
cross_segment,zip_code,844xx,48,15,0.0005952823870823722,0.00045726130959639066,0.08333333333333333,0.13333333333333333,0.1636406478656646,0.13196561394951836,-0.08030731453233127,0.0013677193838149693,0.08167503391614624,True
cross_segment,zip_code,305xx,150,61,0.0018602574596324132,0.0018595293256919887,0.12,0.11475409836065574,0.1636406478656646,0.13196561394951836,-0.0436406478656646,-0.017211515588862622,0.026429132276801978,True
cross_segment,zip_code,109xx,162,74,0.002009078056403006,0.0022558224606755274,0.25308641975308643,0.0945945945945946,0.1636406478656646,0.13196561394951836,0.08944577188742184,-0.03737101935492376,0.1268167912423456,True
cross_segment,zip_code,447xx,45,19,0.0005580772378897239,0.0005791976588220949,0.2222222222222222,0.3157894736842105,0.1636406478656646,0.13196561394951836,0.058581574356557614,0.18382385973469215,0.12524228537813453,True
cross_segment,zip_code,660xx,146,77,0.0018106505940422154,0.0023472747225948055,0.14383561643835616,0.09090909090909091,0.1636406478656646,0.13196561394951836,-0.01980503142730844,-0.04105652304042745,0.02125149161311901,True
cross_segment,zip_code,571xx,53,17,0.0006572909690701193,0.0005182294842092427,0.24528301886792453,0.11764705882352941,0.1636406478656646,0.13196561394951836,0.08164237100225993,-0.014318555125988952,0.09596092612824889,True
cross_segment,zip_code,535xx,98,59,0.0012153682069598432,0.0017985611510791368,0.14285714285714285,0.06779661016949153,0.1636406478656646,0.13196561394951836,-0.020783505008521747,-0.06416900378002684,0.04338549877150509,True
cross_segment,zip_code,478xx,25,16,0.00031004290993873554,0.00048774539690281675,0.16,0.125,0.1636406478656646,0.13196561394951836,-0.0036406478656645924,-0.006965613949518362,0.00332496608385377,True
cross_segment,zip_code,087xx,125,53,0.0015502145496936776,0.0016156566272405805,0.256,0.07547169811320754,0.1636406478656646,0.13196561394951836,0.09235935213433541,-0.05649391583631082,0.14885326797064624,True
cross_segment,zip_code,024xx,83,46,0.001029342460996602,0.001402268016095598,0.1566265060240964,0.06521739130434782,0.1636406478656646,0.13196561394951836,-0.0070141418415682055,-0.06674822264517054,0.05973408080360233,True
cross_segment,zip_code,995xx,129,45,0.0015998214152838752,0.001371783928789172,0.11627906976744186,0.15555555555555556,0.1636406478656646,0.13196561394951836,-0.04736157809822274,0.023589941606037196,0.07095151970425993,True
cross_segment,zip_code,234xx,180,44,0.0022323089515588956,0.001341299841482746,0.24444444444444444,0.18181818181818182,0.1636406478656646,0.13196561394951836,0.08080379657877984,0.04985256786866346,0.03095122871011638,True
cross_segment,zip_code,480xx,331,124,0.004104968127588858,0.0037800268259968297,0.1782477341389728,0.16129032258064516,0.1636406478656646,0.13196561394951836,0.0146070862733082,0.029324708631126795,0.014717622357818594,False
cross_segment,zip_code,458xx,51,27,0.0006324875362750204,0.0008230703572735033,0.21568627450980393,0.037037037037037035,0.1636406478656646,0.13196561394951836,0.05204562664413934,-0.09492857691248133,0.14697420355662066,True
cross_segment,zip_code,452xx,204,99,0.0025299501451000817,0.0030179246433361786,0.19117647058823528,0.13131313131313133,0.1636406478656646,0.13196561394951836,0.027535822722570685,-0.0006524826363870362,0.02818830535895772,True
cross_segment,zip_code,162xx,27,8,0.00033484634273383434,0.00024387269845140838,0.07407407407407407,0.125,0.1636406478656646,0.13196561394951836,-0.08956657379159053,-0.006965613949518362,0.08260095984207216,True
cross_segment,zip_code,450xx,134,65,0.0016618299972716224,0.001981465674917693,0.13432835820895522,0.12307692307692308,0.1636406478656646,0.13196561394951836,-0.029312289656709373,-0.008888690872595278,0.020423598784114094,True
cross_segment,zip_code,466xx,28,11,0.0003472480591313838,0.0003353249603706865,0.10714285714285714,0.0,0.1636406478656646,0.13196561394951836,-0.05649779072280746,-0.13196561394951836,0.0754678232267109,True
cross_segment,zip_code,064xx,271,114,0.003360865143735893,0.0034751859529325692,0.13653136531365315,0.11403508771929824,0.1636406478656646,0.13196561394951836,-0.02710928255201145,-0.017930526230220123,0.009178756321791326,False
cross_segment,zip_code,338xx,151,52,0.0018726591760299626,0.0015851725399341544,0.2251655629139073,0.17307692307692307,0.1636406478656646,0.13196561394951836,0.0615249150482427,0.04111130912740471,0.02041360592083799,True
cross_segment,zip_code,977xx,67,26,0.0008309149986358112,0.0007925862699670772,0.1791044776119403,0.11538461538461539,0.1636406478656646,0.13196561394951836,0.015463829746275692,-0.01658099856490297,0.032044828311178664,True
cross_segment,zip_code,471xx,45,31,0.0005580772378897239,0.0009450067064992074,0.1111111111111111,0.12903225806451613,0.1636406478656646,0.13196561394951836,-0.05252953675455349,-0.0029333558850022368,0.049596180869551254,True
cross_segment,zip_code,376xx,59,29,0.0007317012674554159,0.0008840385318863553,0.2711864406779661,0.10344827586206896,0.1636406478656646,0.13196561394951836,0.1075457928123015,-0.028517338087449398,0.13606313089975092,True
cross_segment,zip_code,378xx,86,30,0.0010665476101892502,0.0009145226191927813,0.18604651162790697,0.23333333333333334,0.1636406478656646,0.13196561394951836,0.02240586376224238,0.10136771938381497,0.0789618556215726,True
cross_segment,zip_code,114xx,272,123,0.0033732668601334425,0.003749542738690404,0.13970588235294118,0.21951219512195122,0.1636406478656646,0.13196561394951836,-0.023934765512723416,0.08754658117243286,0.11148134668515627,False
cross_segment,zip_code,287xx,93,44,0.001153359624972096,0.001341299841482746,0.17204301075268819,0.11363636363636363,0.1636406478656646,0.13196561394951836,0.00840236288702359,-0.01832925031315473,0.02673161320017832,True
cross_segment,zip_code,147xx,38,15,0.000471265223106878,0.00045726130959639066,0.2894736842105263,0.26666666666666666,0.1636406478656646,0.13196561394951836,0.12583303634486173,0.1347010527171483,0.008868016372286569,True
cross_segment,zip_code,207xx,357,93,0.004427412753925143,0.002835020119497622,0.19607843137254902,0.15053763440860216,0.1636406478656646,0.13196561394951836,0.03243778350688442,0.018572020459083793,0.013865763047800628,True
cross_segment,zip_code,551xx,188,111,0.0023315226827392913,0.003383733691013291,0.1702127659574468,0.10810810810810811,0.1636406478656646,0.13196561394951836,0.006572118091782209,-0.023857505841410248,0.030429623933192457,False
cross_segment,zip_code,948xx,55,20,0.0006820944018652181,0.0006096817461285209,0.21818181818181817,0.1,0.1636406478656646,0.13196561394951836,0.054541170316153575,-0.03196561394951836,0.08650678426567193,True
cross_segment,zip_code,184xx,46,17,0.0005704789542872734,0.0005182294842092427,0.17391304347826086,0.11764705882352941,0.1636406478656646,0.13196561394951836,0.010272395612596269,-0.014318555125988952,0.02459095073858522,True
cross_segment,zip_code,146xx,117,40,0.0014510008185132821,0.0012193634922570418,0.17094017094017094,0.025,0.1636406478656646,0.13196561394951836,0.007299523074506348,-0.10696561394951837,0.11426513702402472,True
cross_segment,zip_code,067xx,117,40,0.0014510008185132821,0.0012193634922570418,0.1623931623931624,0.15,0.1636406478656646,0.13196561394951836,-0.0012474854725021967,0.018034386050481632,0.01928187152298383,True
cross_segment,zip_code,120xx,133,46,0.001649428280874073,0.001402268016095598,0.16541353383458646,0.13043478260869565,0.1636406478656646,0.13196561394951836,0.0017728859689218612,-0.0015308313408227137,0.003303717309744575,True
cross_segment,zip_code,071xx,96,29,0.0011905647741647443,0.0008840385318863553,0.21875,0.1724137931034483,0.1636406478656646,0.13196561394951836,0.055109352134335404,0.040448179153929925,0.014661172980405479,True
cross_segment,zip_code,330xx,515,232,0.006386883944737951,0.007072308255090843,0.170873786407767,0.10344827586206896,0.1636406478656646,0.13196561394951836,0.007233138542102391,-0.028517338087449398,0.03575047662955179,False
cross_segment,zip_code,018xx,215,77,0.0026663690254731254,0.0023472747225948055,0.18604651162790697,0.11688311688311688,0.1636406478656646,0.13196561394951836,0.02240586376224238,-0.015082497066401482,0.03748836082864386,True
cross_segment,zip_code,105xx,218,94,0.002703574174665774,0.0028655042068040483,0.2018348623853211,0.22340425531914893,0.1636406478656646,0.13196561394951836,0.038194214519656516,0.09143864136963056,0.05324442684997405,True
cross_segment,zip_code,943xx,20,10,0.0002480343279509884,0.00030484087306426044,0.15,0.1,0.1636406478656646,0.13196561394951836,-0.013640647865664601,-0.03196561394951836,0.018324966083853755,True
cross_segment,zip_code,970xx,272,116,0.0033732668601334425,0.0035361541275454214,0.14705882352941177,0.1206896551724138,0.1636406478656646,0.13196561394951836,-0.016581824336252826,-0.011275958777104564,0.005305865559148262,False
cross_segment,zip_code,857xx,216,80,0.0026787707418706747,0.0024387269845140835,0.16666666666666666,0.125,0.1636406478656646,0.13196561394951836,0.0030260188010020617,-0.006965613949518362,0.009991632750520424,True
cross_segment,zip_code,941xx,394,208,0.004886276260634472,0.0063406901597366176,0.10913705583756345,0.08653846153846154,0.1636406478656646,0.13196561394951836,-0.05450359202810115,-0.045427152411056826,0.009076439617044324,False
cross_segment,zip_code,271xx,50,28,0.0006200858198774711,0.0008535544445799293,0.14,0.07142857142857142,0.1636406478656646,0.13196561394951836,-0.023640647865664582,-0.06053704252094694,0.036896394655282355,True
cross_segment,zip_code,371xx,134,58,0.0016618299972716224,0.0017680770637727107,0.1865671641791045,0.15517241379310345,0.1636406478656646,0.13196561394951836,0.022926516313439893,0.02320679984358509,0.0002802835301451978,True
cross_segment,zip_code,254xx,87,26,0.0010789493265867995,0.0007925862699670772,0.12643678160919541,0.11538461538461539,0.1636406478656646,0.13196561394951836,-0.03720386625646918,-0.01658099856490297,0.02062286769156621,True
cross_segment,zip_code,940xx,341,142,0.004228985291564353,0.004328740397512499,0.14076246334310852,0.09859154929577464,0.1636406478656646,0.13196561394951836,-0.022878184522556078,-0.03337406465374372,0.010495880131187643,False
cross_segment,zip_code,457xx,25,7,0.00031004290993873554,0.00021338861114498232,0.16,0.0,0.1636406478656646,0.13196561394951836,-0.0036406478656645924,-0.13196561394951836,0.12832496608385377,True
cross_segment,zip_code,930xx,263,82,0.0032616514125554975,0.0024996951591269357,0.14068441064638784,0.17073170731707318,0.1636406478656646,0.13196561394951836,-0.022956237219276754,0.03876609336755482,0.061722330586831575,True
cross_segment,zip_code,762xx,161,74,0.0019966763400054567,0.0022558224606755274,0.19254658385093168,0.16216216216216217,0.1636406478656646,0.13196561394951836,0.028905935985267084,0.03019654821264381,0.001290612227376725,True
cross_segment,zip_code,110xx,61,34,0.0007565047002505147,0.0010364589684184855,0.16393442622950818,0.11764705882352941,0.1636406478656646,0.13196561394951836,0.0002937783638435887,-0.014318555125988952,0.01461233348983254,True
cross_segment,zip_code,302xx,245,95,0.003038420517399608,0.002895988294110474,0.1836734693877551,0.08421052631578947,0.1636406478656646,0.13196561394951836,0.020032821522090516,-0.04775508763372889,0.0677879091558194,True
cross_segment,zip_code,919xx,230,87,0.002852394771436367,0.002652115595659066,0.20434782608695654,0.13793103448275862,0.1636406478656646,0.13196561394951836,0.04070717822129194,0.0059654205332402566,0.03474175768805168,True
cross_segment,zip_code,214xx,35,11,0.0004340600739142297,0.0003353249603706865,0.22857142857142856,0.2727272727272727,0.1636406478656646,0.13196561394951836,0.06493078070576397,0.14076165877775434,0.07583087807199038,True
cross_segment,zip_code,895xx,108,44,0.0013393853709353374,0.001341299841482746,0.1388888888888889,0.09090909090909091,0.1636406478656646,0.13196561394951836,-0.0247517589767757,-0.04105652304042745,0.01630476406365175,True
cross_segment,zip_code,853xx,383,148,0.004749857380261428,0.004511644921351055,0.1409921671018277,0.12162162162162163,0.1636406478656646,0.13196561394951836,-0.02264848076383691,-0.010343992327896734,0.012304488435940175,False
cross_segment,zip_code,665xx,32,9,0.00039685492472158146,0.0002743567857578344,0.125,0.1111111111111111,0.1636406478656646,0.13196561394951836,-0.038640647865664596,-0.020854502838407257,0.01778614502725734,True
cross_segment,zip_code,601xx,388,197,0.0048118659622491755,0.006005365199365931,0.17010309278350516,0.18274111675126903,0.1636406478656646,0.13196561394951836,0.006462444917840565,0.050775502801750666,0.0443130578839101,False
cross_segment,zip_code,054xx,42,16,0.0005208720886970756,0.00048774539690281675,0.11904761904761904,0.1875,0.1636406478656646,0.13196561394951836,-0.044593028818045555,0.05553438605048164,0.10012741486852719,True
cross_segment,zip_code,791xx,60,30,0.0007441029838529652,0.0009145226191927813,0.18333333333333332,0.16666666666666666,0.1636406478656646,0.13196561394951836,0.019692685467668725,0.034701052717148295,0.01500836724947957,True
cross_segment,zip_code,971xx,104,47,0.0012897785053451398,0.0014327521034020242,0.10576923076923077,0.06382978723404255,0.1636406478656646,0.13196561394951836,-0.05787141709643383,-0.06813582671547581,0.010264409619041986,True
cross_segment,zip_code,628xx,31,13,0.00038445320832403206,0.0003962931349835386,0.1935483870967742,0.07692307692307693,0.1636406478656646,0.13196561394951836,0.029907739231109592,-0.055042537026441435,0.08495027625755103,True
cross_segment,zip_code,484xx,76,41,0.000942530446213756,0.0012498475795634679,0.13157894736842105,0.24390243902439024,0.1636406478656646,0.13196561394951836,-0.03206170049724355,0.11193682507487188,0.14399852557211543,True
cross_segment,zip_code,804xx,64,21,0.0007937098494431629,0.000640165833434947,0.203125,0.09523809523809523,0.1636406478656646,0.13196561394951836,0.039484352134335404,-0.03672751871142313,0.07621187084575853,True
cross_segment,zip_code,335xx,236,84,0.0029268050698216634,0.002560663333739788,0.22033898305084745,0.14285714285714285,0.1636406478656646,0.13196561394951836,0.05669833518518286,0.010891528907624487,0.04580680627755837,True
cross_segment,zip_code,534xx,27,6,0.00033484634273383434,0.00018290452383855628,0.4074074074074074,0.3333333333333333,0.1636406478656646,0.13196561394951836,0.2437667595417428,0.20136771938381495,0.042399040157927836,True
cross_segment,zip_code,630xx,134,85,0.0016618299972716224,0.0025911474210462138,0.1791044776119403,0.11764705882352941,0.1636406478656646,0.13196561394951836,0.015463829746275692,-0.014318555125988952,0.029782384872264644,True
cross_segment,zip_code,220xx,136,64,0.0016866334300667213,0.001950981587611267,0.17647058823529413,0.109375,0.1636406478656646,0.13196561394951836,0.012829940369629533,-0.022590613949518362,0.035420554319147896,True
cross_segment,zip_code,272xx,119,51,0.001475804251308381,0.0015546884526277283,0.16806722689075632,0.09803921568627451,0.1636406478656646,0.13196561394951836,0.00442657902509172,-0.033926398263243854,0.038352977288335574,True
cross_segment,zip_code,143xx,22,4,0.0002728377607460873,0.00012193634922570419,0.22727272727272727,0.25,0.1636406478656646,0.13196561394951836,0.06363207940706267,0.11803438605048164,0.05440230664341897,True
cross_segment,zip_code,672xx,86,51,0.0010665476101892502,0.0015546884526277283,0.23255813953488372,0.09803921568627451,0.1636406478656646,0.13196561394951836,0.06891749166921912,-0.033926398263243854,0.10284388993246298,True
cross_segment,zip_code,996xx,49,20,0.0006076841034799216,0.0006096817461285209,0.22448979591836735,0.1,0.1636406478656646,0.13196561394951836,0.06084914805270275,-0.03196561394951836,0.09281476200222111,True
cross_segment,zip_code,131xx,59,26,0.0007317012674554159,0.0007925862699670772,0.1016949152542373,0.15384615384615385,0.1636406478656646,0.13196561394951836,-0.0619457326114273,0.021880539896635492,0.0838262725080628,True
cross_segment,zip_code,443xx,50,29,0.0006200858198774711,0.0008840385318863553,0.16,0.27586206896551724,0.1636406478656646,0.13196561394951836,-0.0036406478656645924,0.14389645501599888,0.14753710288166347,True
cross_segment,zip_code,465xx,86,37,0.0010665476101892502,0.0011279112303377637,0.1744186046511628,0.1891891891891892,0.1636406478656646,0.13196561394951836,0.0107779567854982,0.05722357523967084,0.04644561845417264,True
cross_segment,zip_code,280xx,203,65,0.0025175484287025323,0.001981465674917693,0.18226600985221675,0.09230769230769231,0.1636406478656646,0.13196561394951836,0.018625361986552152,-0.03965792164182605,0.0582832836283782,True
cross_segment,zip_code,944xx,55,26,0.0006820944018652181,0.0007925862699670772,0.09090909090909091,0.11538461538461539,0.1636406478656646,0.13196561394951836,-0.07273155695657368,-0.01658099856490297,0.05615055839167071,True
cross_segment,zip_code,532xx,120,78,0.0014882059677059304,0.0023777588099012314,0.16666666666666666,0.21794871794871795,0.1636406478656646,0.13196561394951836,0.0030260188010020617,0.08598310399919959,0.08295708519819753,True
cross_segment,zip_code,670xx,46,14,0.0005704789542872734,0.00042677722228996463,0.043478260869565216,0.07142857142857142,0.1636406478656646,0.13196561394951836,-0.12016238699609938,-0.06053704252094694,0.05962534447515244,True
cross_segment,zip_code,156xx,70,32,0.0008681201478284594,0.0009754907938056335,0.21428571428571427,0.25,0.1636406478656646,0.13196561394951836,0.05064506642004968,0.11803438605048164,0.06738931963043196,True
cross_segment,zip_code,151xx,107,36,0.001326983654537788,0.0010974271430313376,0.2523364485981308,0.1388888888888889,0.1636406478656646,0.13196561394951836,0.08869580073246622,0.006923274939370533,0.08177252579309569,True
cross_segment,zip_code,967xx,361,112,0.0044770196195153406,0.003414217778319717,0.17174515235457063,0.10714285714285714,0.1636406478656646,0.13196561394951836,0.00810450448890604,-0.024822756806661225,0.032927261295567264,False
cross_segment,zip_code,805xx,157,82,0.001947069474415259,0.0024996951591269357,0.07643312101910828,0.10975609756097561,0.1636406478656646,0.13196561394951836,-0.08720752684655632,-0.022209516388542752,0.06499801045801357,True
cross_segment,zip_code,952xx,114,44,0.0014137956693206339,0.001341299841482746,0.22807017543859648,0.1590909090909091,0.1636406478656646,0.13196561394951836,0.06442952757293188,0.027125295141390726,0.03730423243154116,True
cross_segment,zip_code,594xx,43,7,0.0005332738050946251,0.00021338861114498232,0.16279069767441862,0.0,0.1636406478656646,0.13196561394951836,-0.0008499501912459795,-0.13196561394951836,0.13111566375827238,True
cross_segment,zip_code,661xx,25,17,0.00031004290993873554,0.0005182294842092427,0.12,0.11764705882352941,0.1636406478656646,0.13196561394951836,-0.0436406478656646,-0.014318555125988952,0.029322092739675648,True
cross_segment,zip_code,442xx,153,62,0.0018974626088250615,0.0018900134129984148,0.19607843137254902,0.1774193548387097,0.1636406478656646,0.13196561394951836,0.03243778350688442,0.045453740889191324,0.013015957382306903,True
cross_segment,zip_code,400xx,43,22,0.0005332738050946251,0.000670649920741373,0.20930232558139536,0.09090909090909091,0.1636406478656646,0.13196561394951836,0.045661677715730764,-0.04105652304042745,0.08671820075615821,True
cross_segment,zip_code,225xx,74,28,0.0009177270134186572,0.0008535544445799293,0.16216216216216217,0.14285714285714285,0.1636406478656646,0.13196561394951836,-0.0014784857035024246,0.010891528907624487,0.012370014611126912,True
cross_segment,zip_code,741xx,90,41,0.0011161544757794478,0.0012498475795634679,0.23333333333333334,0.12195121951219512,0.1636406478656646,0.13196561394951836,0.06969268546766874,-0.010014394437323243,0.07970707990499198,True
cross_segment,zip_code,894xx,113,47,0.0014013939529230845,0.0014327521034020242,0.1592920353982301,0.1702127659574468,0.1636406478656646,0.13196561394951836,-0.0043486124674345095,0.03824715200792844,0.04259576447536295,True
cross_segment,zip_code,498xx,21,10,0.0002604360443485378,0.00030484087306426044,0.14285714285714285,0.2,0.1636406478656646,0.13196561394951836,-0.020783505008521747,0.06803438605048165,0.0888178910590034,True
cross_segment,zip_code,148xx,60,24,0.0007441029838529652,0.0007316180953542251,0.15,0.08333333333333333,0.1636406478656646,0.13196561394951836,-0.013640647865664601,-0.048632280616185034,0.03499163275052043,True
cross_segment,zip_code,134xx,70,14,0.0008681201478284594,0.00042677722228996463,0.14285714285714285,0.14285714285714285,0.1636406478656646,0.13196561394951836,-0.020783505008521747,0.010891528907624487,0.031675033916146234,True
cross_segment,zip_code,483xx,251,124,0.0031128308157849045,0.0037800268259968297,0.17928286852589642,0.13709677419354838,0.1636406478656646,0.13196561394951836,0.015642220660231826,0.005131160244030014,0.010511060416201812,False
cross_segment,zip_code,252xx,11,3,0.00013641888037304364,9.145226191927814e-05,0.09090909090909091,0.3333333333333333,0.1636406478656646,0.13196561394951836,-0.07273155695657368,0.20136771938381495,0.27409927634038866,True
cross_segment,zip_code,307xx,75,43,0.0009301287298162066,0.00131081575417632,0.13333333333333333,0.11627906976744186,0.1636406478656646,0.13196561394951836,-0.030307314532331264,-0.015686544182076503,0.014620770350254761,True
cross_segment,zip_code,245xx,86,29,0.0010665476101892502,0.0008840385318863553,0.18604651162790697,0.10344827586206896,0.1636406478656646,0.13196561394951836,0.02240586376224238,-0.028517338087449398,0.05092320184969178,True
cross_segment,zip_code,189xx,96,28,0.0011905647741647443,0.0008535544445799293,0.11458333333333333,0.21428571428571427,0.1636406478656646,0.13196561394951836,-0.04905731453233127,0.08232010033619591,0.13137741486852716,True
cross_segment,zip_code,267xx,14,6,0.0001736240295656919,0.00018290452383855628,0.35714285714285715,0.0,0.1636406478656646,0.13196561394951836,0.19350220927719256,-0.13196561394951836,0.3254678232267109,True
cross_segment,zip_code,226xx,72,24,0.0008929235806235583,0.0007316180953542251,0.16666666666666666,0.125,0.1636406478656646,0.13196561394951836,0.0030260188010020617,-0.006965613949518362,0.009991632750520424,True
cross_segment,zip_code,385xx,43,18,0.0005332738050946251,0.0005487135715156688,0.23255813953488372,0.2777777777777778,0.1636406478656646,0.13196561394951836,0.06891749166921912,0.14581216382825943,0.0768946721590403,True
cross_segment,zip_code,954xx,153,62,0.0018974626088250615,0.0018900134129984148,0.13725490196078433,0.11290322580645161,0.1636406478656646,0.13196561394951836,-0.02638574590488027,-0.019062388143066752,0.007323357761813518,True
cross_segment,zip_code,448xx,60,27,0.0007441029838529652,0.0008230703572735033,0.16666666666666666,0.25925925925925924,0.1636406478656646,0.13196561394951836,0.0030260188010020617,0.12729364530974088,0.12426762650873882,True
cross_segment,zip_code,360xx,68,22,0.0008433167150333606,0.000670649920741373,0.23529411764705882,0.3181818181818182,0.1636406478656646,0.13196561394951836,0.07165346978139422,0.18621620423229981,0.11456273445090559,True
cross_segment,zip_code,265xx,43,17,0.0005332738050946251,0.0005182294842092427,0.13953488372093023,0.058823529411764705,0.1636406478656646,0.13196561394951836,-0.024105764144734365,-0.07314208453775366,0.04903632039301929,True
cross_segment,zip_code,998xx,19,10,0.000235632611553439,0.00030484087306426044,0.10526315789473684,0.1,0.1636406478656646,0.13196561394951836,-0.05837748997092776,-0.03196561394951836,0.026411876021409403,True
cross_segment,zip_code,221xx,182,51,0.0022571123843539947,0.0015546884526277283,0.08791208791208792,0.23529411764705882,0.1636406478656646,0.13196561394951836,-0.07572855995357668,0.10332850369754046,0.17905706365111712,True
cross_segment,zip_code,985xx,134,51,0.0016618299972716224,0.0015546884526277283,0.1791044776119403,0.09803921568627451,0.1636406478656646,0.13196561394951836,0.015463829746275692,-0.033926398263243854,0.049390228009519546,True
cross_segment,zip_code,275xx,346,128,0.0042909938735520995,0.003901963175222534,0.16473988439306358,0.1015625,0.1636406478656646,0.13196561394951836,0.001099236527398989,-0.030403113949518362,0.03150235047691735,False
cross_segment,zip_code,860xx,57,16,0.0007068978346603169,0.00048774539690281675,0.19298245614035087,0.25,0.1636406478656646,0.13196561394951836,0.02934180827468627,0.11803438605048164,0.08869257777579537,True
cross_segment,zip_code,559xx,65,31,0.0008061115658407124,0.0009450067064992074,0.15384615384615385,0.12903225806451613,0.1636406478656646,0.13196561394951836,-0.009794494019510741,-0.0029333558850022368,0.006861138134508504,True
cross_segment,zip_code,076xx,207,85,0.00256715529429273,0.0025911474210462138,0.16908212560386474,0.09411764705882353,0.1636406478656646,0.13196561394951836,0.00544147773820014,-0.037847966890694834,0.043289444628894974,True
cross_segment,zip_code,462xx,204,101,0.0025299501451000817,0.0030788928179490307,0.20098039215686275,0.16831683168316833,0.1636406478656646,0.13196561394951836,0.03733974429119816,0.036351217733649965,0.0009885265575481916,False
cross_segment,zip_code,379xx,98,38,0.0012153682069598432,0.0011583953176441898,0.1836734693877551,0.21052631578947367,0.1636406478656646,0.13196561394951836,0.020032821522090516,0.07856070183995531,0.058527880317864794,True
cross_segment,zip_code,806xx,73,26,0.0009053252970211077,0.0007925862699670772,0.0958904109589041,0.11538461538461539,0.1636406478656646,0.13196561394951836,-0.06775023690676049,-0.01658099856490297,0.05116923834185752,True
cross_segment,zip_code,810xx,62,29,0.0007689064166480641,0.0008840385318863553,0.1935483870967742,0.10344827586206896,0.1636406478656646,0.13196561394951836,0.029907739231109592,-0.028517338087449398,0.05842507731855899,True
cross_segment,zip_code,368xx,76,18,0.000942530446213756,0.0005487135715156688,0.23684210526315788,0.05555555555555555,0.1636406478656646,0.13196561394951836,0.07320145739749329,-0.07641005839396281,0.1496115157914561,True
cross_segment,zip_code,735xx,57,22,0.0007068978346603169,0.000670649920741373,0.19298245614035087,0.22727272727272727,0.1636406478656646,0.13196561394951836,0.02934180827468627,0.0953071133232089,0.06596530504852263,True
cross_segment,zip_code,038xx,93,38,0.001153359624972096,0.0011583953176441898,0.11827956989247312,0.02631578947368421,0.1636406478656646,0.13196561394951836,-0.04536107797319147,-0.10564982447583415,0.06028874650264268,True
cross_segment,zip_code,907xx,245,95,0.003038420517399608,0.002895988294110474,0.15918367346938775,0.15789473684210525,0.1636406478656646,0.13196561394951836,-0.004456974396276847,0.025929122892586892,0.03038609728886374,True
cross_segment,zip_code,972xx,250,145,0.003100429099387355,0.004420192659431776,0.168,0.11724137931034483,0.1636406478656646,0.13196561394951836,0.004359352134335415,-0.014724234639173536,0.01908358677350895,False
cross_segment,zip_code,320xx,147,42,0.001823052310439765,0.001280331666869894,0.20408163265306123,0.11904761904761904,0.1636406478656646,0.13196561394951836,0.04044098478739663,-0.012917994901899321,0.053358979689295954,True
cross_segment,zip_code,405xx,72,36,0.0008929235806235583,0.0010974271430313376,0.05555555555555555,0.05555555555555555,0.1636406478656646,0.13196561394951836,-0.10808509231010904,-0.07641005839396281,0.031675033916146234,True
cross_segment,zip_code,641xx,143,69,0.0017734454448495671,0.0021034020241433972,0.13286713286713286,0.057971014492753624,0.1636406478656646,0.13196561394951836,-0.03077351499853173,-0.07399459945676473,0.043221084458233,True
cross_segment,zip_code,908xx,176,80,0.002182702085968698,0.0024387269845140835,0.1590909090909091,0.0875,0.1636406478656646,0.13196561394951836,-0.004549738774755507,-0.04446561394951837,0.03991587517476286,True
cross_segment,zip_code,440xx,192,83,0.0023811295483294886,0.0025301792464333616,0.19791666666666666,0.13253012048192772,0.1636406478656646,0.13196561394951836,0.03427601880100206,0.000564506532409359,0.0337115122685927,True
cross_segment,zip_code,847xx,39,21,0.00048366693950442743,0.000640165833434947,0.23076923076923078,0.14285714285714285,0.1636406478656646,0.13196561394951836,0.06712858290356619,0.010891528907624487,0.0562370539959417,True
cross_segment,zip_code,604xx,371,163,0.004601036783490835,0.0049689062309474456,0.18328840970350405,0.1165644171779141,0.1636406478656646,0.13196561394951836,0.01964776183783945,-0.015401196771604259,0.03504895860944371,False
cross_segment,zip_code,531xx,156,63,0.0019346677580177097,0.001920497500304841,0.17307692307692307,0.07936507936507936,0.1636406478656646,0.13196561394951836,0.009436275211258477,-0.052600534584439,0.06203680979569748,True
cross_segment,zip_code,012xx,34,9,0.0004216583575166803,0.0002743567857578344,0.20588235294117646,0.3333333333333333,0.1636406478656646,0.13196561394951836,0.042241705075511865,0.20136771938381495,0.1591260143083031,True
cross_segment,zip_code,211xx,210,75,0.002604360443485378,0.0022863065479819533,0.14761904761904762,0.17333333333333334,0.1636406478656646,0.13196561394951836,-0.016021600246616974,0.04136771938381498,0.05738931963043195,True
cross_segment,zip_code,935xx,203,68,0.0025175484287025323,0.002072917936836971,0.1625615763546798,0.08823529411764706,0.1636406478656646,0.13196561394951836,-0.001079071510984797,-0.0437303198318713,0.0426512483208865,True
cross_segment,zip_code,154xx,29,14,0.0003596497755289332,0.00042677722228996463,0.13793103448275862,0.14285714285714285,0.1636406478656646,0.13196561394951836,-0.025709613382905977,0.010891528907624487,0.036601142290530464,True
cross_segment,zip_code,366xx,39,18,0.00048366693950442743,0.0005487135715156688,0.1794871794871795,0.0,0.1636406478656646,0.13196561394951836,0.015846531621514892,-0.13196561394951836,0.14781214557103325,True
cross_segment,zip_code,550xx,187,66,0.002319120966341742,0.002011949762224119,0.18181818181818182,0.18181818181818182,0.1636406478656646,0.13196561394951836,0.018177533952517227,0.04985256786866346,0.031675033916146234,True
cross_segment,zip_code,373xx,110,35,0.0013641888037304363,0.0010669430557249115,0.2,0.17142857142857143,0.1636406478656646,0.13196561394951836,0.036359352134335415,0.03946295747905307,0.0031036053447176526,True
cross_segment,zip_code,708xx,83,20,0.001029342460996602,0.0006096817461285209,0.1566265060240964,0.15,0.1636406478656646,0.13196561394951836,-0.0070141418415682055,0.018034386050481632,0.025048527892049838,True
cross_segment,zip_code,351xx,77,24,0.0009549321626113054,0.0007316180953542251,0.16883116883116883,0.125,0.1636406478656646,0.13196561394951836,0.005190520965504236,-0.006965613949518362,0.012156134915022598,True
cross_segment,zip_code,010xx,124,58,0.0015378128332961282,0.0017680770637727107,0.18548387096774194,0.13793103448275862,0.1636406478656646,0.13196561394951836,0.02184322310207734,0.0059654205332402566,0.015877802568837085,True
cross_segment,zip_code,656xx,37,15,0.0004588635067093286,0.00045726130959639066,0.08108108108108109,0.26666666666666666,0.1636406478656646,0.13196561394951836,-0.08255956678458351,0.1347010527171483,0.2172606195017318,True
cross_segment,zip_code,560xx,60,26,0.0007441029838529652,0.0007925862699670772,0.25,0.19230769230769232,0.1636406478656646,0.13196561394951836,0.0863593521343354,0.060342078358173956,0.026017273776161448,True
cross_segment,zip_code,174xx,38,16,0.000471265223106878,0.00048774539690281675,0.21052631578947367,0.0625,0.1636406478656646,0.13196561394951836,0.04688566792380908,-0.06946561394951836,0.11635128187332744,True
cross_segment,zip_code,564xx,30,9,0.0003720514919264826,0.0002743567857578344,0.16666666666666666,0.1111111111111111,0.1636406478656646,0.13196561394951836,0.0030260188010020617,-0.020854502838407257,0.02388052163940932,True
cross_segment,zip_code,488xx,124,60,0.0015378128332961282,0.0018290452383855627,0.14516129032258066,0.13333333333333333,0.1636406478656646,0.13196561394951836,-0.01847935754308394,0.0013677193838149693,0.01984707692689891,True
cross_segment,zip_code,339xx,172,70,0.0021330952203785004,0.002133886111449823,0.1744186046511628,0.15714285714285714,0.1636406478656646,0.13196561394951836,0.0107779567854982,0.025177243193338777,0.014399286407840578,True
cross_segment,zip_code,058xx,11,3,0.00013641888037304364,9.145226191927814e-05,0.18181818181818182,0.0,0.1636406478656646,0.13196561394951836,0.018177533952517227,-0.13196561394951836,0.1501431479020356,True
cross_segment,zip_code,718xx,25,6,0.00031004290993873554,0.00018290452383855628,0.12,0.16666666666666666,0.1636406478656646,0.13196561394951836,-0.0436406478656646,0.034701052717148295,0.0783417005828129,True
cross_segment,zip_code,722xx,50,21,0.0006200858198774711,0.000640165833434947,0.16,0.14285714285714285,0.1636406478656646,0.13196561394951836,-0.0036406478656645924,0.010891528907624487,0.01453217677328908,True
cross_segment,zip_code,315xx,54,29,0.0006696926854676687,0.0008840385318863553,0.14814814814814814,0.20689655172413793,0.1636406478656646,0.13196561394951836,-0.015492499717516456,0.07493093777461957,0.09042343749213602,True
cross_segment,zip_code,150xx,100,53,0.0012401716397549421,0.0016156566272405805,0.15,0.18867924528301888,0.1636406478656646,0.13196561394951836,-0.013640647865664601,0.05671363133350052,0.07035427919916512,True
cross_segment,zip_code,950xx,282,113,0.003497284024108937,0.0034447018656261433,0.13829787234042554,0.1592920353982301,0.1636406478656646,0.13196561394951836,-0.02534277552523906,0.027326421448711724,0.05266919697395078,False
cross_segment,zip_code,122xx,38,23,0.000471265223106878,0.000701134008047799,0.23684210526315788,0.17391304347826086,0.1636406478656646,0.13196561394951836,0.07320145739749329,0.0419474295287425,0.03125402786875078,True
cross_segment,zip_code,916xx,113,41,0.0014013939529230845,0.0012498475795634679,0.23008849557522124,0.14634146341463414,0.1636406478656646,0.13196561394951836,0.06644784770955664,0.014375849465115775,0.052071998244440865,True
cross_segment,zip_code,763xx,40,11,0.0004960686559019768,0.0003353249603706865,0.275,0.09090909090909091,0.1636406478656646,0.13196561394951836,0.11135935213433543,-0.04105652304042745,0.15241587517476288,True
cross_segment,zip_code,674xx,37,20,0.0004588635067093286,0.0006096817461285209,0.13513513513513514,0.15,0.1636406478656646,0.13196561394951836,-0.028505512730529453,0.018034386050481632,0.046539898781011085,True
cross_segment,zip_code,111xx,116,70,0.0014385991021157328,0.002133886111449823,0.12931034482758622,0.14285714285714285,0.1636406478656646,0.13196561394951836,-0.03433030303807838,0.010891528907624487,0.04522183194570287,True
cross_segment,zip_code,074xx,150,66,0.0018602574596324132,0.002011949762224119,0.17333333333333334,0.07575757575757576,0.1636406478656646,0.13196561394951836,0.009692685467668744,-0.0562080381919426,0.06590072365961135,True
cross_segment,zip_code,179xx,28,7,0.0003472480591313838,0.00021338861114498232,0.14285714285714285,0.2857142857142857,0.1636406478656646,0.13196561394951836,-0.020783505008521747,0.15374867176476734,0.17453217677328908,True
cross_segment,zip_code,236xx,90,26,0.0011161544757794478,0.0007925862699670772,0.2222222222222222,0.23076923076923078,0.1636406478656646,0.13196561394951836,0.058581574356557614,0.09880361681971242,0.040222042463154806,True
cross_segment,zip_code,237xx,30,6,0.0003720514919264826,0.00018290452383855628,0.3,0.3333333333333333,0.1636406478656646,0.13196561394951836,0.1363593521343354,0.20136771938381495,0.06500836724947956,True
cross_segment,zip_code,319xx,47,15,0.0005828806706848228,0.00045726130959639066,0.1276595744680851,0.13333333333333333,0.1636406478656646,0.13196561394951836,-0.0359810733975795,0.0013677193838149693,0.03734879278139447,True
cross_segment,zip_code,216xx,46,19,0.0005704789542872734,0.0005791976588220949,0.21739130434782608,0.10526315789473684,0.1636406478656646,0.13196561394951836,0.053750656482161485,-0.026702456054781526,0.08045311253694301,True
cross_segment,zip_code,238xx,121,33,0.00150060768410348,0.0010059748811120596,0.18181818181818182,0.24242424242424243,0.1636406478656646,0.13196561394951836,0.018177533952517227,0.11045862847472407,0.09228109452220684,True
cross_segment,zip_code,233xx,79,19,0.0009797355954064043,0.0005791976588220949,0.24050632911392406,0.05263157894736842,0.1636406478656646,0.13196561394951836,0.07686568124825946,-0.07933403500214994,0.1561997162504094,True
cross_segment,zip_code,381xx,134,49,0.0016618299972716224,0.0014937202780148763,0.17164179104477612,0.12244897959183673,0.1636406478656646,0.13196561394951836,0.00800114317911152,-0.00951663435768163,0.01751777753679315,True
cross_segment,zip_code,983xx,213,79,0.0026415655926780267,0.0024082428972076577,0.14084507042253522,0.12658227848101267,0.1636406478656646,0.13196561394951836,-0.022795577443129378,-0.0053833354685056956,0.017412241974623682,True
cross_segment,zip_code,577xx,34,17,0.0004216583575166803,0.0005182294842092427,0.058823529411764705,0.17647058823529413,0.1636406478656646,0.13196561394951836,-0.10481711845389989,0.04450497428577577,0.14932209273967567,True
cross_segment,zip_code,200xx,241,88,0.0029888136518094106,0.002682599682965492,0.0995850622406639,0.06818181818181818,0.1636406478656646,0.13196561394951836,-0.0640555856250007,-0.06378379576770019,0.00027178985730051675,True
cross_segment,zip_code,165xx,33,11,0.0004092566411191309,0.0003353249603706865,0.18181818181818182,0.09090909090909091,0.1636406478656646,0.13196561394951836,0.018177533952517227,-0.04105652304042745,0.05923405699294468,True
cross_segment,zip_code,026xx,33,23,0.0004092566411191309,0.000701134008047799,0.3333333333333333,0.17391304347826086,0.1636406478656646,0.13196561394951836,0.16969268546766872,0.0419474295287425,0.12774525593892622,True
cross_segment,zip_code,032xx,45,22,0.0005580772378897239,0.000670649920741373,0.08888888888888889,0.09090909090909091,0.1636406478656646,0.13196561394951836,-0.0747517589767757,-0.04105652304042745,0.03369523593634825,True
cross_segment,zip_code,808xx,45,12,0.0005580772378897239,0.00036580904767711256,0.2,0.0,0.1636406478656646,0.13196561394951836,0.036359352134335415,-0.13196561394951836,0.16832496608385378,True
cross_segment,zip_code,730xx,152,62,0.001885060892427512,0.0018900134129984148,0.19736842105263158,0.14516129032258066,0.1636406478656646,0.13196561394951836,0.033727773186966986,0.013195676373062293,0.020532096813904693,True
cross_segment,zip_code,797xx,74,20,0.0009177270134186572,0.0006096817461285209,0.10810810810810811,0.0,0.1636406478656646,0.13196561394951836,-0.05553253975755648,-0.13196561394951836,0.07643307419196188,True
cross_segment,zip_code,023xx,141,49,0.0017486420120544684,0.0014937202780148763,0.12056737588652482,0.12244897959183673,0.1636406478656646,0.13196561394951836,-0.04307327197913978,-0.00951663435768163,0.03355663762145815,True
cross_segment,zip_code,667xx,41,19,0.0005084703722995263,0.0005791976588220949,0.0975609756097561,0.0,0.1636406478656646,0.13196561394951836,-0.0660796722559085,-0.13196561394951836,0.06588594169360987,True
cross_segment,zip_code,912xx,73,35,0.0009053252970211077,0.0010669430557249115,0.1643835616438356,0.14285714285714285,0.1636406478656646,0.13196561394951836,0.0007429137781710116,0.010891528907624487,0.010148615129453475,True
cross_segment,zip_code,017xx,103,41,0.0012773767889475904,0.0012498475795634679,0.1262135922330097,0.04878048780487805,0.1636406478656646,0.13196561394951836,-0.03742705563265489,-0.08318512614464031,0.045758070511985424,True
cross_segment,zip_code,990xx,31,11,0.00038445320832403206,0.0003353249603706865,0.22580645161290322,0.09090909090909091,0.1636406478656646,0.13196561394951836,0.062165803747238624,-0.04105652304042745,0.10322232678766607,True
cross_segment,zip_code,973xx,169,70,0.002095890071185852,0.002133886111449823,0.11242603550295859,0.05714285714285714,0.1636406478656646,0.13196561394951836,-0.05121461236270601,-0.07482275680666123,0.023608144443955217,True
cross_segment,zip_code,123xx,61,20,0.0007565047002505147,0.0006096817461285209,0.14754098360655737,0.15,0.1636406478656646,0.13196561394951836,-0.01609966425910722,0.018034386050481632,0.034134050309588854,True
cross_segment,zip_code,815xx,43,17,0.0005332738050946251,0.0005182294842092427,0.23255813953488372,0.17647058823529413,0.1636406478656646,0.13196561394951836,0.06891749166921912,0.04450497428577577,0.024412517383443355,True
cross_segment,zip_code,864xx,62,23,0.0007689064166480641,0.000701134008047799,0.20967741935483872,0.17391304347826086,0.1636406478656646,0.13196561394951836,0.04603677148917412,0.0419474295287425,0.0040893419604316195,True
cross_segment,zip_code,716xx,23,17,0.0002852394771436367,0.0005182294842092427,0.08695652173913043,0.17647058823529413,0.1636406478656646,0.13196561394951836,-0.07668412612653416,0.04450497428577577,0.12118910041230993,True
cross_segment,zip_code,306xx,104,31,0.0012897785053451398,0.0009450067064992074,0.20192307692307693,0.06451612903225806,0.1636406478656646,0.13196561394951836,0.03828242905741233,-0.0674494849172603,0.10573191397467263,True
cross_segment,zip_code,740xx,160,67,0.0019842746236079073,0.002042433849530545,0.1625,0.208955223880597,0.1636406478656646,0.13196561394951836,-0.0011406478656645902,0.07698960993107865,0.07813025779674324,True
cross_segment,zip_code,473xx,50,24,0.0006200858198774711,0.0007316180953542251,0.14,0.25,0.1636406478656646,0.13196561394951836,-0.023640647865664582,0.11803438605048164,0.14167503391614622,True
cross_segment,zip_code,217xx,180,64,0.0022323089515588956,0.001950981587611267,0.20555555555555555,0.171875,0.1636406478656646,0.13196561394951836,0.04191490768989095,0.03990938605048164,0.0020055216394093134,True
cross_segment,zip_code,303xx,257,131,0.003187241114170201,0.003993415437141812,0.1245136186770428,0.06870229007633588,0.1636406478656646,0.13196561394951836,-0.03912702918862179,-0.06326332387318248,0.02413629468456069,False
cross_segment,zip_code,829xx,32,15,0.00039685492472158146,0.00045726130959639066,0.0625,0.2,0.1636406478656646,0.13196561394951836,-0.1011406478656646,0.06803438605048165,0.16917503391614624,True
cross_segment,zip_code,490xx,113,58,0.0014013939529230845,0.0017680770637727107,0.20353982300884957,0.1206896551724138,0.1636406478656646,0.13196561394951836,0.03989917514318497,-0.011275958777104564,0.05117513392028954,True
cross_segment,zip_code,788xx,27,13,0.00033484634273383434,0.0003962931349835386,0.18518518518518517,0.07692307692307693,0.1636406478656646,0.13196561394951836,0.02154453731952058,-0.055042537026441435,0.07658707434596201,True
cross_segment,zip_code,910xx,105,47,0.001302180221742689,0.0014327521034020242,0.12380952380952381,0.1276595744680851,0.1636406478656646,0.13196561394951836,-0.03983112405614078,-0.004306039481433266,0.035525084574707516,True
cross_segment,zip_code,144xx,99,35,0.0012277699233573926,0.0010669430557249115,0.20202020202020202,0.08571428571428572,0.1636406478656646,0.13196561394951836,0.03837955415453742,-0.04625132823523265,0.08463088238977007,True
cross_segment,zip_code,019xx,119,59,0.001475804251308381,0.0017985611510791368,0.13445378151260504,0.15254237288135594,0.1636406478656646,0.13196561394951836,-0.02918686635305956,0.02057675893183758,0.04976362528489714,True
cross_segment,zip_code,905xx,65,27,0.0008061115658407124,0.0008230703572735033,0.12307692307692308,0.14814814814814814,0.1636406478656646,0.13196561394951836,-0.04056372478874151,0.016182534198629778,0.05674625898737129,True
cross_segment,zip_code,925xx,440,175,0.005456755214921745,0.005334715278624558,0.14772727272727273,0.14857142857142858,0.1636406478656646,0.13196561394951836,-0.01591337513839186,0.016605814621910214,0.032519189760302075,False
cross_segment,zip_code,939xx,103,48,0.0012773767889475904,0.0014632361907084503,0.1650485436893204,0.10416666666666667,0.1636406478656646,0.13196561394951836,0.0014078958236558026,-0.02779894728285169,0.029206843106507493,True
cross_segment,zip_code,728xx,20,11,0.0002480343279509884,0.0003353249603706865,0.1,0.36363636363636365,0.1636406478656646,0.13196561394951836,-0.06364064786566459,0.23167074968684528,0.2953113975525099,True
cross_segment,zip_code,540xx,30,12,0.0003720514919264826,0.00036580904767711256,0.16666666666666666,0.16666666666666666,0.1636406478656646,0.13196561394951836,0.0030260188010020617,0.034701052717148295,0.031675033916146234,True
cross_segment,zip_code,121xx,87,40,0.0010789493265867995,0.0012193634922570418,0.21839080459770116,0.1,0.1636406478656646,0.13196561394951836,0.054750156732036565,-0.03196561394951836,0.08671577068155492,True
cross_segment,zip_code,706xx,63,22,0.0007813081330456135,0.000670649920741373,0.31746031746031744,0.13636363636363635,0.1636406478656646,0.13196561394951836,0.15381966959465285,0.004398022414117991,0.14942164718053486,True
cross_segment,zip_code,119xx,74,31,0.0009177270134186572,0.0009450067064992074,0.08108108108108109,0.1935483870967742,0.1636406478656646,0.13196561394951836,-0.08255956678458351,0.061582773147255826,0.14414233993183934,True
cross_segment,zip_code,028xx,239,92,0.0029640102190143115,0.002804536032191196,0.09205020920502092,0.13043478260869565,0.1636406478656646,0.13196561394951836,-0.07159043866064367,-0.0015308313408227137,0.07005960731982096,True
cross_segment,zip_code,056xx,18,7,0.0002232308951558896,0.00021338861114498232,0.16666666666666666,0.0,0.1636406478656646,0.13196561394951836,0.0030260188010020617,-0.13196561394951836,0.13499163275052042,True
cross_segment,zip_code,403xx,49,24,0.0006076841034799216,0.0007316180953542251,0.1836734693877551,0.125,0.1636406478656646,0.13196561394951836,0.020032821522090516,-0.006965613949518362,0.026998435471608878,True
cross_segment,zip_code,309xx,46,11,0.0005704789542872734,0.0003353249603706865,0.2391304347826087,0.0,0.1636406478656646,0.13196561394951836,0.07548978691694411,-0.13196561394951836,0.20745540086646247,True
cross_segment,zip_code,807xx,17,8,0.00021082917875834016,0.00024387269845140838,0.23529411764705882,0.0,0.1636406478656646,0.13196561394951836,0.07165346978139422,-0.13196561394951836,0.2036190837309126,True
cross_segment,zip_code,232xx,151,62,0.0018726591760299626,0.0018900134129984148,0.152317880794702,0.11290322580645161,0.1636406478656646,0.13196561394951836,-0.011322767070962608,-0.019062388143066752,0.007739621072104144,True
cross_segment,zip_code,657xx,58,30,0.0007192995510578664,0.0009145226191927813,0.1896551724137931,0.13333333333333333,0.1636406478656646,0.13196561394951836,0.026014524548128498,0.0013677193838149693,0.02464680516431353,True
cross_segment,zip_code,622xx,92,46,0.0011409579085745467,0.001402268016095598,0.2391304347826087,0.13043478260869565,0.1636406478656646,0.13196561394951836,0.07548978691694411,-0.0015308313408227137,0.07702061825776682,True
cross_segment,zip_code,826xx,39,17,0.00048366693950442743,0.0005182294842092427,0.10256410256410256,0.058823529411764705,0.1636406478656646,0.13196561394951836,-0.061076545301562035,-0.07314208453775366,0.012065539236191622,True
cross_segment,zip_code,739xx,6,1,7.441029838529652e-05,3.0484087306426047e-05,0.3333333333333333,0.0,0.1636406478656646,0.13196561394951836,0.16969268546766872,-0.13196561394951836,0.3016582994171871,True
cross_segment,zip_code,037xx,19,8,0.000235632611553439,0.00024387269845140838,0.10526315789473684,0.0,0.1636406478656646,0.13196561394951836,-0.05837748997092776,-0.13196561394951836,0.0735881239785906,True
cross_segment,zip_code,989xx,66,35,0.0008185132822382618,0.0010669430557249115,0.15151515151515152,0.11428571428571428,0.1636406478656646,0.13196561394951836,-0.012125496350513076,-0.01767989966380408,0.005554403313291004,True
cross_segment,zip_code,570xx,40,19,0.0004960686559019768,0.0005791976588220949,0.225,0.10526315789473684,0.1636406478656646,0.13196561394951836,0.06135935213433541,-0.026702456054781526,0.08806180818911694,True
cross_segment,zip_code,557xx,45,18,0.0005580772378897239,0.0005487135715156688,0.13333333333333333,0.2777777777777778,0.1636406478656646,0.13196561394951836,-0.030307314532331264,0.14581216382825943,0.1761194783605907,True
cross_segment,zip_code,377xx,55,24,0.0006820944018652181,0.0007316180953542251,0.2727272727272727,0.125,0.1636406478656646,0.13196561394951836,0.10908662486160811,-0.006965613949518362,0.11605223881112647,True
cross_segment,zip_code,356xx,68,23,0.0008433167150333606,0.000701134008047799,0.29411764705882354,0.17391304347826086,0.1636406478656646,0.13196561394951836,0.13047699919315894,0.0419474295287425,0.08852956966441644,True
cross_segment,zip_code,079xx,52,28,0.0006448892526725699,0.0008535544445799293,0.15384615384615385,0.17857142857142858,0.1636406478656646,0.13196561394951836,-0.009794494019510741,0.04660581462191021,0.056400308641420954,True
cross_segment,zip_code,107xx,106,38,0.0013145819381402387,0.0011583953176441898,0.18867924528301888,0.07894736842105263,0.1636406478656646,0.13196561394951836,0.025038597417354286,-0.053018245528465735,0.07805684294582002,True
cross_segment,zip_code,603xx,12,17,0.00014882059677059304,0.0005182294842092427,0.16666666666666666,0.11764705882352941,0.1636406478656646,0.13196561394951836,0.0030260188010020617,-0.014318555125988952,0.017344573926991014,True
cross_segment,zip_code,620xx,54,27,0.0006696926854676687,0.0008230703572735033,0.12962962962962962,0.1111111111111111,0.1636406478656646,0.13196561394951836,-0.03401101823603497,-0.020854502838407257,0.013156515397627716,True
cross_segment,zip_code,477xx,34,7,0.0004216583575166803,0.00021338861114498232,0.20588235294117646,0.0,0.1636406478656646,0.13196561394951836,0.042241705075511865,-0.13196561394951836,0.17420731902503023,True
cross_segment,zip_code,359xx,41,12,0.0005084703722995263,0.00036580904767711256,0.1951219512195122,0.0,0.1636406478656646,0.13196561394951836,0.031481303353847606,-0.13196561394951836,0.16344691730336597,True
cross_segment,zip_code,468xx,63,25,0.0007813081330456135,0.0007621021826606511,0.20634920634920634,0.2,0.1636406478656646,0.13196561394951836,0.04270855848354174,0.06803438605048165,0.025325827566939907,True
cross_segment,zip_code,841xx,139,78,0.0017238385792593695,0.0023777588099012314,0.07194244604316546,0.14102564102564102,0.1636406478656646,0.13196561394951836,-0.09169820182249913,0.009060027076122662,0.1007582288986218,True
cross_segment,zip_code,229xx,63,37,0.0007813081330456135,0.0011279112303377637,0.14285714285714285,0.13513513513513514,0.1636406478656646,0.13196561394951836,-0.020783505008521747,0.0031695211856167804,0.023953026194138527,True
cross_segment,zip_code,701xx,94,40,0.0011657613413696456,0.0012193634922570418,0.14893617021276595,0.175,0.1636406478656646,0.13196561394951836,-0.014704477652898645,0.04303438605048163,0.05773886370338027,True
cross_segment,zip_code,312xx,31,7,0.00038445320832403206,0.00021338861114498232,0.1935483870967742,0.14285714285714285,0.1636406478656646,0.13196561394951836,0.029907739231109592,0.010891528907624487,0.019016210323485105,True
cross_segment,zip_code,497xx,36,15,0.0004464617903117792,0.00045726130959639066,0.2222222222222222,0.06666666666666667,0.1636406478656646,0.13196561394951836,0.058581574356557614,-0.0652989472828517,0.12388052163940931,True
cross_segment,zip_code,898xx,31,19,0.00038445320832403206,0.0005791976588220949,0.0967741935483871,0.15789473684210525,0.1636406478656646,0.13196561394951836,-0.0668664543172775,0.025929122892586892,0.0927955772098644,True
cross_segment,zip_code,066xx,74,27,0.0009177270134186572,0.0008230703572735033,0.17567567567567569,0.14814814814814814,0.1636406478656646,0.13196561394951836,0.01203502781001109,0.016182534198629778,0.004147506388618688,True
cross_segment,zip_code,671xx,24,14,0.0002976411935411861,0.00042677722228996463,0.041666666666666664,0.07142857142857142,0.1636406478656646,0.13196561394951836,-0.12197398119899794,-0.06053704252094694,0.061436938678051,True
cross_segment,zip_code,703xx,67,29,0.0008309149986358112,0.0008840385318863553,0.23880597014925373,0.13793103448275862,0.1636406478656646,0.13196561394951836,0.07516532228358913,0.0059654205332402566,0.06919990175034887,True
cross_segment,zip_code,655xx,27,7,0.00033484634273383434,0.00021338861114498232,0.18518518518518517,0.14285714285714285,0.1636406478656646,0.13196561394951836,0.02154453731952058,0.010891528907624487,0.010653008411896092,True
cross_segment,zip_code,357xx,72,27,0.0008929235806235583,0.0008230703572735033,0.25,0.25925925925925924,0.1636406478656646,0.13196561394951836,0.0863593521343354,0.12729364530974088,0.04093429317540548,True
cross_segment,zip_code,494xx,86,37,0.0010665476101892502,0.0011279112303377637,0.11627906976744186,0.13513513513513514,0.1636406478656646,0.13196561394951836,-0.04736157809822274,0.0031695211856167804,0.05053109928383952,True
cross_segment,zip_code,618xx,56,31,0.0006944961182627676,0.0009450067064992074,0.19642857142857142,0.16129032258064516,0.1636406478656646,0.13196561394951836,0.03278792356290683,0.029324708631126795,0.0034632149317800343,True
cross_segment,zip_code,422xx,14,2,0.0001736240295656919,6.0968174612852094e-05,0.2857142857142857,0.5,0.1636406478656646,0.13196561394951836,0.1220736378486211,0.36803438605048167,0.24596074820186056,True
cross_segment,zip_code,180xx,175,55,0.0021703003695711484,0.0016766248018534324,0.1657142857142857,0.10909090909090909,0.1636406478656646,0.13196561394951836,0.002073637848621107,-0.022874704858609277,0.024948342707230384,True
cross_segment,zip_code,435xx,71,21,0.0008805218642260089,0.000640165833434947,0.19718309859154928,0.09523809523809523,0.1636406478656646,0.13196561394951836,0.03354245072588469,-0.03672751871142313,0.07026996943730782,True
cross_segment,zip_code,230xx,72,26,0.0008929235806235583,0.0007925862699670772,0.2361111111111111,0.0,0.1636406478656646,0.13196561394951836,0.07247046324544651,-0.13196561394951836,0.20443607719496487,True
cross_segment,zip_code,398xx,15,7,0.0001860257459632413,0.00021338861114498232,0.06666666666666667,0.2857142857142857,0.1636406478656646,0.13196561394951836,-0.09697398119899793,0.15374867176476734,0.2507226529637653,True
cross_segment,zip_code,933xx,157,57,0.001947069474415259,0.0017375929764662846,0.19745222929936307,0.15789473684210525,0.1636406478656646,0.13196561394951836,0.03381158143369847,0.025929122892586892,0.007882458541111581,True
cross_segment,zip_code,563xx,53,29,0.0006572909690701193,0.0008840385318863553,0.18867924528301888,0.13793103448275862,0.1636406478656646,0.13196561394951836,0.025038597417354286,0.0059654205332402566,0.01907317688411403,True
cross_segment,zip_code,874xx,37,8,0.0004588635067093286,0.00024387269845140838,0.21621621621621623,0.0,0.1636406478656646,0.13196561394951836,0.05257556835055163,-0.13196561394951836,0.18454118230007,True
cross_segment,zip_code,904xx,36,18,0.0004464617903117792,0.0005487135715156688,0.05555555555555555,0.2777777777777778,0.1636406478656646,0.13196561394951836,-0.10808509231010904,0.14581216382825943,0.25389725613836844,True
cross_segment,zip_code,787xx,274,127,0.0033980702929285412,0.0038714790879161077,0.09124087591240876,0.07874015748031496,0.1636406478656646,0.13196561394951836,-0.07239977195325584,-0.0532254564692034,0.019174315484052434,False
cross_segment,zip_code,981xx,267,116,0.0033112582781456954,0.0035361541275454214,0.10486891385767791,0.09482758620689655,0.1636406478656646,0.13196561394951836,-0.05877173400798669,-0.037138027742621815,0.02163370626536487,False
cross_segment,zip_code,673xx,11,8,0.00013641888037304364,0.00024387269845140838,0.2727272727272727,0.25,0.1636406478656646,0.13196561394951836,0.10908662486160811,0.11803438605048164,0.008947761188873526,True
cross_segment,zip_code,469xx,48,19,0.0005952823870823722,0.0005791976588220949,0.22916666666666666,0.21052631578947367,0.1636406478656646,0.13196561394951836,0.06552601880100206,0.07856070183995531,0.013034683038953249,True
cross_segment,zip_code,072xx,49,22,0.0006076841034799216,0.000670649920741373,0.1836734693877551,0.2727272727272727,0.1636406478656646,0.13196561394951836,0.020032821522090516,0.14076165877775434,0.12072883725566383,True
cross_segment,zip_code,492xx,70,31,0.0008681201478284594,0.0009450067064992074,0.24285714285714285,0.1935483870967742,0.1636406478656646,0.13196561394951836,0.07921649499147826,0.061582773147255826,0.017633721844222433,True
cross_segment,zip_code,247xx,6,4,7.441029838529652e-05,0.00012193634922570419,0.0,0.25,0.1636406478656646,0.13196561394951836,-0.1636406478656646,0.11803438605048164,0.28167503391614623,True
cross_segment,zip_code,813xx,26,11,0.00032244462633628494,0.0003353249603706865,0.11538461538461539,0.18181818181818182,0.1636406478656646,0.13196561394951836,-0.048256032481049205,0.04985256786866346,0.09810860034971267,True
cross_segment,zip_code,598xx,40,15,0.0004960686559019768,0.00045726130959639066,0.075,0.06666666666666667,0.1636406478656646,0.13196561394951836,-0.0886406478656646,-0.0652989472828517,0.023341700582812902,True
cross_segment,zip_code,210xx,260,83,0.0032244462633628495,0.0025301792464333616,0.15384615384615385,0.12048192771084337,0.1636406478656646,0.13196561394951836,-0.009794494019510741,-0.01148368623867499,0.0016891922191642483,True
cross_segment,zip_code,474xx,39,17,0.00048366693950442743,0.0005182294842092427,0.2564102564102564,0.11764705882352941,0.1636406478656646,0.13196561394951836,0.09276960854459179,-0.014318555125988952,0.10708816367058074,True
cross_segment,zip_code,083xx,76,25,0.000942530446213756,0.0007621021826606511,0.3026315789473684,0.12,0.1636406478656646,0.13196561394951836,0.13899093108170382,-0.011965613949518367,0.1509565450312222,True
cross_segment,zip_code,102xx,5,6,6.20085819877471e-05,0.00018290452383855628,0.0,0.0,0.1636406478656646,0.13196561394951836,-0.1636406478656646,-0.13196561394951836,0.031675033916146234,True
cross_segment,zip_code,870xx,35,13,0.0004340600739142297,0.0003962931349835386,0.2,0.15384615384615385,0.1636406478656646,0.13196561394951836,0.036359352134335415,0.021880539896635492,0.014478812237699923,True
cross_segment,zip_code,777xx,17,3,0.00021082917875834016,9.145226191927814e-05,0.23529411764705882,0.3333333333333333,0.1636406478656646,0.13196561394951836,0.07165346978139422,0.20136771938381495,0.12971424960242073,True
cross_segment,zip_code,456xx,67,16,0.0008309149986358112,0.00048774539690281675,0.22388059701492538,0.3125,0.1636406478656646,0.13196561394951836,0.060239949149260785,0.18053438605048164,0.12029443690122085,True
cross_segment,zip_code,194xx,149,55,0.0018478557432348637,0.0016766248018534324,0.1342281879194631,0.14545454545454545,0.1636406478656646,0.13196561394951836,-0.029412459946201508,0.013488931505027085,0.04290139145122859,True
cross_segment,zip_code,193xx,102,41,0.0012649750725500408,0.0012498475795634679,0.14705882352941177,0.12195121951219512,0.1636406478656646,0.13196561394951836,-0.016581824336252826,-0.010014394437323243,0.006567429898929583,True
cross_segment,zip_code,936xx,123,44,0.0015254111168985787,0.001341299841482746,0.10569105691056911,0.09090909090909091,0.1636406478656646,0.13196561394951836,-0.057949590955095484,-0.04105652304042745,0.016893067914668033,True
cross_segment,zip_code,035xx,7,5,8.681201478284595e-05,0.00015242043653213022,0.2857142857142857,0.4,0.1636406478656646,0.13196561394951836,0.1220736378486211,0.2680343860504817,0.14596074820186059,True
cross_segment,zip_code,991xx,34,15,0.0004216583575166803,0.00045726130959639066,0.23529411764705882,0.06666666666666667,0.1636406478656646,0.13196561394951836,0.07165346978139422,-0.0652989472828517,0.13695241706424593,True
cross_segment,zip_code,562xx,30,13,0.0003720514919264826,0.0003962931349835386,0.3333333333333333,0.07692307692307693,0.1636406478656646,0.13196561394951836,0.16969268546766872,-0.055042537026441435,0.22473522249411015,True
cross_segment,zip_code,424xx,15,7,0.0001860257459632413,0.00021338861114498232,0.06666666666666667,0.0,0.1636406478656646,0.13196561394951836,-0.09697398119899793,-0.13196561394951836,0.03499163275052043,True
cross_segment,zip_code,997xx,35,13,0.0004340600739142297,0.0003962931349835386,0.22857142857142856,0.23076923076923078,0.1636406478656646,0.13196561394951836,0.06493078070576397,0.09880361681971242,0.03387283611394845,True
cross_segment,zip_code,549xx,72,41,0.0008929235806235583,0.0012498475795634679,0.125,0.12195121951219512,0.1636406478656646,0.13196561394951836,-0.038640647865664596,-0.010014394437323243,0.028626253428341353,True
cross_segment,zip_code,273xx,108,40,0.0013393853709353374,0.0012193634922570418,0.24074074074074073,0.225,0.1636406478656646,0.13196561394951836,0.07710009287507613,0.09303438605048164,0.01593429317540551,True
cross_segment,zip_code,648xx,42,17,0.0005208720886970756,0.0005182294842092427,0.19047619047619047,0.11764705882352941,0.1636406478656646,0.13196561394951836,0.02683554261052587,-0.014318555125988952,0.04115409773651482,True
cross_segment,zip_code,188xx,9,8,0.0001116154475779448,0.00024387269845140838,0.3333333333333333,0.0,0.1636406478656646,0.13196561394951836,0.16969268546766872,-0.13196561394951836,0.3016582994171871,True
cross_segment,zip_code,960xx,63,32,0.0007813081330456135,0.0009754907938056335,0.20634920634920634,0.25,0.1636406478656646,0.13196561394951836,0.04270855848354174,0.11803438605048164,0.0753258275669399,True
cross_segment,zip_code,593xx,10,3,0.0001240171639754942,9.145226191927814e-05,0.0,0.0,0.1636406478656646,0.13196561394951836,-0.1636406478656646,-0.13196561394951836,0.031675033916146234,True
cross_segment,zip_code,082xx,77,35,0.0009549321626113054,0.0010669430557249115,0.2987012987012987,0.05714285714285714,0.1636406478656646,0.13196561394951836,0.1350606508356341,-0.07482275680666123,0.20988340764229532,True
cross_segment,zip_code,321xx,99,50,0.0012277699233573926,0.0015242043653213022,0.15151515151515152,0.16,0.1636406478656646,0.13196561394951836,-0.012125496350513076,0.02803438605048164,0.04015988240099472,True
cross_segment,zip_code,719xx,27,17,0.00033484634273383434,0.0005182294842092427,0.25925925925925924,0.17647058823529413,0.1636406478656646,0.13196561394951836,0.09561861139359465,0.04450497428577577,0.05111363710781888,True
cross_segment,zip_code,416xx,8,1,9.921373118039536e-05,3.0484087306426047e-05,0.25,0.0,0.1636406478656646,0.13196561394951836,0.0863593521343354,-0.13196561394951836,0.21832496608385377,True
cross_segment,zip_code,142xx,160,90,0.0019842746236079073,0.002743567857578344,0.19375,0.16666666666666666,0.1636406478656646,0.13196561394951836,0.03010935213433541,0.034701052717148295,0.004591700582812885,True
cross_segment,zip_code,222xx,86,42,0.0010665476101892502,0.001280331666869894,0.11627906976744186,0.14285714285714285,0.1636406478656646,0.13196561394951836,-0.04736157809822274,0.010891528907624487,0.058253107005847224,True
cross_segment,zip_code,776xx,40,9,0.0004960686559019768,0.0002743567857578344,0.15,0.2222222222222222,0.1636406478656646,0.13196561394951836,-0.013640647865664601,0.09025660827270385,0.10389725613836845,True
cross_segment,zip_code,227xx,32,9,0.00039685492472158146,0.0002743567857578344,0.21875,0.1111111111111111,0.1636406478656646,0.13196561394951836,0.055109352134335404,-0.020854502838407257,0.07596385497274266,True
cross_segment,zip_code,292xx,72,32,0.0008929235806235583,0.0009754907938056335,0.1111111111111111,0.0625,0.1636406478656646,0.13196561394951836,-0.05252953675455349,-0.06946561394951836,0.01693607719496487,True
cross_segment,zip_code,350xx,100,40,0.0012401716397549421,0.0012193634922570418,0.17,0.05,0.1636406478656646,0.13196561394951836,0.0063593521343354165,-0.08196561394951836,0.08832496608385378,True
cross_segment,zip_code,129xx,50,13,0.0006200858198774711,0.0003962931349835386,0.18,0.0,0.1636406478656646,0.13196561394951836,0.016359352134335398,-0.13196561394951836,0.14832496608385376,True
cross_segment,zip_code,814xx,28,16,0.0003472480591313838,0.00048774539690281675,0.07142857142857142,0.0,0.1636406478656646,0.13196561394951836,-0.09221207643709317,-0.13196561394951836,0.03975353751242519,True
cross_segment,zip_code,974xx,129,56,0.0015998214152838752,0.0017071088891598585,0.17054263565891473,0.125,0.1636406478656646,0.13196561394951836,0.0069019877932501306,-0.006965613949518362,0.013867601742768493,True
cross_segment,zip_code,444xx,66,20,0.0008185132822382618,0.0006096817461285209,0.09090909090909091,0.05,0.1636406478656646,0.13196561394951836,-0.07273155695657368,-0.08196561394951836,0.009234056992944675,True
cross_segment,zip_code,084xx,14,4,0.0001736240295656919,0.00012193634922570419,0.0,0.0,0.1636406478656646,0.13196561394951836,-0.1636406478656646,-0.13196561394951836,0.031675033916146234,True
cross_segment,zip_code,489xx,35,22,0.0004340600739142297,0.000670649920741373,0.05714285714285714,0.18181818181818182,0.1636406478656646,0.13196561394951836,-0.10649779072280746,0.04985256786866346,0.15635035859147092,True
cross_segment,zip_code,851xx,127,38,0.0015750179824887765,0.0011583953176441898,0.2047244094488189,0.05263157894736842,0.1636406478656646,0.13196561394951836,0.0410837615831543,-0.07933403500214994,0.12041779658530424,True
cross_segment,zip_code,341xx,53,30,0.0006572909690701193,0.0009145226191927813,0.20754716981132076,0.1,0.1636406478656646,0.13196561394951836,0.04390652194565617,-0.03196561394951836,0.07587213589517453,True
cross_segment,zip_code,658xx,34,19,0.0004216583575166803,0.0005791976588220949,0.2647058823529412,0.10526315789473684,0.1636406478656646,0.13196561394951836,0.10106523448727658,-0.026702456054781526,0.1277676905420581,True
cross_segment,zip_code,993xx,91,34,0.0011285561921769974,0.0010364589684184855,0.13186813186813187,0.11764705882352941,0.1636406478656646,0.13196561394951836,-0.031772515997532724,-0.014318555125988952,0.017453960871543772,True
cross_segment,zip_code,731xx,138,47,0.0017114368628618202,0.0014327521034020242,0.13043478260869565,0.19148936170212766,0.1636406478656646,0.13196561394951836,-0.03320586525696895,0.059523747752609296,0.09272961300957824,True
cross_segment,zip_code,313xx,66,14,0.0008185132822382618,0.00042677722228996463,0.12121212121212122,0.2857142857142857,0.1636406478656646,0.13196561394951836,-0.04242852665354338,0.15374867176476734,0.19617719841831072,True
cross_segment,zip_code,608xx,27,12,0.00033484634273383434,0.00036580904767711256,0.14814814814814814,0.08333333333333333,0.1636406478656646,0.13196561394951836,-0.015492499717516456,-0.048632280616185034,0.03313978089866858,True
cross_segment,zip_code,069xx,40,23,0.0004960686559019768,0.000701134008047799,0.05,0.17391304347826086,0.1636406478656646,0.13196561394951836,-0.11364064786566459,0.0419474295287425,0.1555880773944071,True
cross_segment,zip_code,629xx,41,10,0.0005084703722995263,0.00030484087306426044,0.12195121951219512,0.2,0.1636406478656646,0.13196561394951836,-0.041689428353469477,0.06803438605048165,0.10972381440395113,True
cross_segment,zip_code,244xx,38,7,0.000471265223106878,0.00021338861114498232,0.18421052631578946,0.2857142857142857,0.1636406478656646,0.13196561394951836,0.020569878450124868,0.15374867176476734,0.13317879331464247,True
cross_segment,zip_code,769xx,28,9,0.0003472480591313838,0.0002743567857578344,0.07142857142857142,0.1111111111111111,0.1636406478656646,0.13196561394951836,-0.09221207643709317,-0.020854502838407257,0.07135757359868591,True
cross_segment,zip_code,183xx,44,16,0.0005456755214921746,0.00048774539690281675,0.1590909090909091,0.0,0.1636406478656646,0.13196561394951836,-0.004549738774755507,-0.13196561394951836,0.12741587517476285,True
cross_segment,zip_code,721xx,72,30,0.0008929235806235583,0.0009145226191927813,0.1388888888888889,0.16666666666666666,0.1636406478656646,0.13196561394951836,-0.0247517589767757,0.034701052717148295,0.059452811693923996,True
cross_segment,zip_code,711xx,57,24,0.0007068978346603169,0.0007316180953542251,0.12280701754385964,0.16666666666666666,0.1636406478656646,0.13196561394951836,-0.04083363032180495,0.034701052717148295,0.07553468303895325,True
cross_segment,zip_code,856xx,119,36,0.001475804251308381,0.0010974271430313376,0.18487394957983194,0.08333333333333333,0.1636406478656646,0.13196561394951836,0.021233301714167346,-0.048632280616185034,0.06986558233035238,True
cross_segment,zip_code,651xx,17,4,0.00021082917875834016,0.00012193634922570419,0.11764705882352941,0.25,0.1636406478656646,0.13196561394951836,-0.045993589042135186,0.11803438605048164,0.16402797509261682,True
cross_segment,zip_code,766xx,36,12,0.0004464617903117792,0.00036580904767711256,0.08333333333333333,0.16666666666666666,0.1636406478656646,0.13196561394951836,-0.08030731453233127,0.034701052717148295,0.11500836724947956,True
cross_segment,zip_code,712xx,51,31,0.0006324875362750204,0.0009450067064992074,0.13725490196078433,0.12903225806451613,0.1636406478656646,0.13196561394951836,-0.02638574590488027,-0.0029333558850022368,0.023452390019878033,True
cross_segment,zip_code,561xx,14,9,0.0001736240295656919,0.0002743567857578344,0.21428571428571427,0.0,0.1636406478656646,0.13196561394951836,0.05064506642004968,-0.13196561394951836,0.18261068036956804,True
cross_segment,zip_code,132xx,57,30,0.0007068978346603169,0.0009145226191927813,0.19298245614035087,0.36666666666666664,0.1636406478656646,0.13196561394951836,0.02934180827468627,0.23470105271714828,0.205359244442462,True
cross_segment,zip_code,020xx,111,47,0.0013765905201279856,0.0014327521034020242,0.12612612612612611,0.2553191489361702,0.1636406478656646,0.13196561394951836,-0.03751452173953848,0.12335353498665183,0.1608680567261903,True
cross_segment,zip_code,317xx,68,32,0.0008433167150333606,0.0009754907938056335,0.16176470588235295,0.125,0.1636406478656646,0.13196561394951836,-0.0018759419833116464,-0.006965613949518362,0.005089671966206716,True
cross_segment,zip_code,624xx,16,8,0.00019842746236079073,0.00024387269845140838,0.125,0.0,0.1636406478656646,0.13196561394951836,-0.038640647865664596,-0.13196561394951836,0.09332496608385377,True
cross_segment,zip_code,285xx,132,31,0.0016370265644765237,0.0009450067064992074,0.23484848484848486,0.12903225806451613,0.1636406478656646,0.13196561394951836,0.07120783698282027,-0.0029333558850022368,0.0741411928678225,True
cross_segment,zip_code,613xx,26,10,0.00032244462633628494,0.00030484087306426044,0.07692307692307693,0.1,0.1636406478656646,0.13196561394951836,-0.08671757094258767,-0.03196561394951836,0.05475195699306931,True
cross_segment,zip_code,491xx,15,9,0.0001860257459632413,0.0002743567857578344,0.2,0.0,0.1636406478656646,0.13196561394951836,0.036359352134335415,-0.13196561394951836,0.16832496608385378,True
cross_segment,zip_code,358xx,50,18,0.0006200858198774711,0.0005487135715156688,0.16,0.2222222222222222,0.1636406478656646,0.13196561394951836,-0.0036406478656645924,0.09025660827270385,0.09389725613836844,True
cross_segment,zip_code,650xx,21,17,0.0002604360443485378,0.0005182294842092427,0.23809523809523808,0.11764705882352941,0.1636406478656646,0.13196561394951836,0.07445459022957349,-0.014318555125988952,0.08877314535556244,True
cross_segment,zip_code,384xx,29,7,0.0003596497755289332,0.00021338861114498232,0.13793103448275862,0.0,0.1636406478656646,0.13196561394951836,-0.025709613382905977,-0.13196561394951836,0.10625600056661239,True
cross_segment,zip_code,843xx,31,18,0.00038445320832403206,0.0005487135715156688,0.16129032258064516,0.05555555555555555,0.1636406478656646,0.13196561394951836,-0.002350325285019439,-0.07641005839396281,0.07405973310894337,True
cross_segment,zip_code,401xx,34,8,0.0004216583575166803,0.00024387269845140838,0.17647058823529413,0.0,0.1636406478656646,0.13196561394951836,0.012829940369629533,-0.13196561394951836,0.1447955543191479,True
cross_segment,zip_code,749xx,16,8,0.00019842746236079073,0.00024387269845140838,0.25,0.125,0.1636406478656646,0.13196561394951836,0.0863593521343354,-0.006965613949518362,0.09332496608385377,True
cross_segment,zip_code,445xx,23,15,0.0002852394771436367,0.00045726130959639066,0.21739130434782608,0.13333333333333333,0.1636406478656646,0.13196561394951836,0.053750656482161485,0.0013677193838149693,0.052382937098346516,True
cross_segment,zip_code,242xx,42,12,0.0005208720886970756,0.00036580904767711256,0.2619047619047619,0.25,0.1636406478656646,0.13196561394951836,0.09826411403909732,0.11803438605048164,0.019770272011384316,True
cross_segment,zip_code,548xx,29,22,0.0003596497755289332,0.000670649920741373,0.20689655172413793,0.18181818181818182,0.1636406478656646,0.13196561394951836,0.04325590385847333,0.04985256786866346,0.006596664010190129,True
cross_segment,zip_code,567xx,25,8,0.00031004290993873554,0.00024387269845140838,0.12,0.125,0.1636406478656646,0.13196561394951836,-0.0436406478656646,-0.006965613949518362,0.03667503391614624,True
cross_segment,zip_code,224xx,89,26,0.0011037527593818985,0.0007925862699670772,0.14606741573033707,0.15384615384615385,0.1636406478656646,0.13196561394951836,-0.01757323213532752,0.021880539896635492,0.039453772031963014,True
cross_segment,zip_code,355xx,25,10,0.00031004290993873554,0.00030484087306426044,0.16,0.3,0.1636406478656646,0.13196561394951836,-0.0036406478656645924,0.16803438605048163,0.17167503391614622,True
cross_segment,zip_code,795xx,14,7,0.0001736240295656919,0.00021338861114498232,0.07142857142857142,0.14285714285714285,0.1636406478656646,0.13196561394951836,-0.09221207643709317,0.010891528907624487,0.10310360534471766,True
cross_segment,zip_code,383xx,27,23,0.00033484634273383434,0.000701134008047799,0.4074074074074074,0.17391304347826086,0.1636406478656646,0.13196561394951836,0.2437667595417428,0.0419474295287425,0.2018193300130003,True
cross_segment,zip_code,949xx,121,60,0.00150060768410348,0.0018290452383855627,0.09917355371900827,0.1,0.1636406478656646,0.13196561394951836,-0.06446709414665633,-0.03196561394951836,0.03250148019713797,True
cross_segment,zip_code,223xx,122,68,0.0015130094005010293,0.002072917936836971,0.19672131147540983,0.14705882352941177,0.1636406478656646,0.13196561394951836,0.03308066360974524,0.015093209579893407,0.01798745402985183,True
cross_segment,zip_code,278xx,90,26,0.0011161544757794478,0.0007925862699670772,0.17777777777777778,0.07692307692307693,0.1636406478656646,0.13196561394951836,0.014137129912113189,-0.055042537026441435,0.06917966693855462,True
cross_segment,zip_code,487xx,30,10,0.0003720514919264826,0.00030484087306426044,0.2,0.0,0.1636406478656646,0.13196561394951836,0.036359352134335415,-0.13196561394951836,0.16832496608385378,True
cross_segment,zip_code,228xx,36,20,0.0004464617903117792,0.0006096817461285209,0.25,0.15,0.1636406478656646,0.13196561394951836,0.0863593521343354,0.018034386050481632,0.06832496608385377,True
cross_segment,zip_code,427xx,27,10,0.00033484634273383434,0.00030484087306426044,0.14814814814814814,0.2,0.1636406478656646,0.13196561394951836,-0.015492499717516456,0.06803438605048165,0.0835268857679981,True
cross_segment,zip_code,406xx,8,4,9.921373118039536e-05,0.00012193634922570419,0.125,0.25,0.1636406478656646,0.13196561394951836,-0.038640647865664596,0.11803438605048164,0.15667503391614623,True
cross_segment,zip_code,198xx,46,20,0.0005704789542872734,0.0006096817461285209,0.17391304347826086,0.1,0.1636406478656646,0.13196561394951836,0.010272395612596269,-0.03196561394951836,0.042238009562114626,True
cross_segment,zip_code,486xx,58,30,0.0007192995510578664,0.0009145226191927813,0.25862068965517243,0.1,0.1636406478656646,0.13196561394951836,0.09498004178950784,-0.03196561394951836,0.1269456557390262,True
cross_segment,zip_code,451xx,77,36,0.0009549321626113054,0.0010974271430313376,0.15584415584415584,0.08333333333333333,0.1636406478656646,0.13196561394951836,-0.007796492021508755,-0.048632280616185034,0.04083578859467628,True
cross_segment,zip_code,988xx,53,28,0.0006572909690701193,0.0008535544445799293,0.1509433962264151,0.07142857142857142,0.1636406478656646,0.13196561394951836,-0.012697251639249507,-0.06053704252094694,0.04783979088169743,True
cross_segment,zip_code,758xx,13,10,0.00016122231316814247,0.00030484087306426044,0.07692307692307693,0.0,0.1636406478656646,0.13196561394951836,-0.08671757094258767,-0.13196561394951836,0.045248043006930694,True
cross_segment,zip_code,612xx,43,23,0.0005332738050946251,0.000701134008047799,0.06976744186046512,0.08695652173913043,0.1636406478656646,0.13196561394951836,-0.09387320600519948,-0.04500909221038793,0.04886411379481155,True
cross_segment,zip_code,710xx,24,9,0.0002976411935411861,0.0002743567857578344,0.3333333333333333,0.2222222222222222,0.1636406478656646,0.13196561394951836,0.16969268546766872,0.09025660827270385,0.07943607719496487,True
cross_segment,zip_code,597xx,44,13,0.0005456755214921746,0.0003962931349835386,0.20454545454545456,0.0,0.1636406478656646,0.13196561394951836,0.04090480667978996,-0.13196561394951836,0.17287042062930832,True
cross_segment,zip_code,454xx,71,34,0.0008805218642260089,0.0010364589684184855,0.16901408450704225,0.08823529411764706,0.1636406478656646,0.13196561394951836,0.005373436641377655,-0.0437303198318713,0.04910375647324895,True
cross_segment,zip_code,241xx,46,16,0.0005704789542872734,0.00048774539690281675,0.06521739130434782,0.0625,0.1636406478656646,0.13196561394951836,-0.09842325656131677,-0.06946561394951836,0.02895764261179841,True
cross_segment,zip_code,420xx,20,11,0.0002480343279509884,0.0003353249603706865,0.2,0.18181818181818182,0.1636406478656646,0.13196561394951836,0.036359352134335415,0.04985256786866346,0.013493215734328046,True
cross_segment,zip_code,116xx,33,18,0.0004092566411191309,0.0005487135715156688,0.24242424242424243,0.2222222222222222,0.1636406478656646,0.13196561394951836,0.07878359455857784,0.09025660827270385,0.011473013714126012,True
cross_segment,zip_code,994xx,2,0,2.480343279509884e-05,0.0,0.0,,0.1636406478656646,0.13196561394951836,-0.1636406478656646,,,True
cross_segment,zip_code,470xx,22,13,0.0002728377607460873,0.0003962931349835386,0.045454545454545456,0.07692307692307693,0.1636406478656646,0.13196561394951836,-0.11818610241111914,-0.055042537026441435,0.0631435653846777,True
cross_segment,zip_code,720xx,97,33,0.0012029664905622939,0.0010059748811120596,0.20618556701030927,0.15151515151515152,0.1636406478656646,0.13196561394951836,0.04254491914464467,0.019549537565633157,0.022995381579011515,True
cross_segment,zip_code,258xx,9,13,0.0001116154475779448,0.0003962931349835386,0.0,0.15384615384615385,0.1636406478656646,0.13196561394951836,-0.1636406478656646,0.021880539896635492,0.1855211877623001,True
cross_segment,zip_code,903xx,44,14,0.0005456755214921746,0.00042677722228996463,0.11363636363636363,0.14285714285714285,0.1636406478656646,0.13196561394951836,-0.05000428422930096,0.010891528907624487,0.06089581313692545,True
cross_segment,zip_code,127xx,28,9,0.0003472480591313838,0.0002743567857578344,0.14285714285714285,0.0,0.1636406478656646,0.13196561394951836,-0.020783505008521747,-0.13196561394951836,0.11118210894099662,True
cross_segment,zip_code,717xx,15,5,0.0001860257459632413,0.00015242043653213022,0.2,0.2,0.1636406478656646,0.13196561394951836,0.036359352134335415,0.06803438605048165,0.031675033916146234,True
cross_segment,zip_code,262xx,19,3,0.000235632611553439,9.145226191927814e-05,0.0,0.0,0.1636406478656646,0.13196561394951836,-0.1636406478656646,-0.13196561394951836,0.031675033916146234,True
cross_segment,zip_code,472xx,38,24,0.000471265223106878,0.0007316180953542251,0.21052631578947367,0.08333333333333333,0.1636406478656646,0.13196561394951836,0.04688566792380908,-0.048632280616185034,0.09551794853999411,True
cross_segment,zip_code,436xx,64,24,0.0007937098494431629,0.0007316180953542251,0.234375,0.125,0.1636406478656646,0.13196561394951836,0.0707343521343354,-0.006965613949518362,0.07769996608385377,True
cross_segment,zip_code,299xx,36,17,0.0004464617903117792,0.0005182294842092427,0.16666666666666666,0.11764705882352941,0.1636406478656646,0.13196561394951836,0.0030260188010020617,-0.014318555125988952,0.017344573926991014,True
cross_segment,zip_code,816xx,63,30,0.0007813081330456135,0.0009145226191927813,0.12698412698412698,0.16666666666666666,0.1636406478656646,0.13196561394951836,-0.03665652088153762,0.034701052717148295,0.07135757359868591,True
cross_segment,zip_code,034xx,26,6,0.00032244462633628494,0.00018290452383855628,0.23076923076923078,0.0,0.1636406478656646,0.13196561394951836,0.06712858290356619,-0.13196561394951836,0.19909419685308455,True
cross_segment,zip_code,616xx,37,17,0.0004588635067093286,0.0005182294842092427,0.13513513513513514,0.17647058823529413,0.1636406478656646,0.13196561394951836,-0.028505512730529453,0.04450497428577577,0.07301048701630522,True
cross_segment,zip_code,246xx,14,4,0.0001736240295656919,0.00012193634922570419,0.42857142857142855,0.25,0.1636406478656646,0.13196561394951836,0.2649307807057639,0.11803438605048164,0.1468963946552823,True
cross_segment,zip_code,196xx,61,17,0.0007565047002505147,0.0005182294842092427,0.21311475409836064,0.17647058823529413,0.1636406478656646,0.13196561394951836,0.04947410623269605,0.04450497428577577,0.00496913194692028,True
cross_segment,zip_code,645xx,28,7,0.0003472480591313838,0.00021338861114498232,0.17857142857142858,0.14285714285714285,0.1636406478656646,0.13196561394951836,0.01493078070576398,0.010891528907624487,0.004039251798139493,True
cross_segment,zip_code,153xx,45,16,0.0005580772378897239,0.00048774539690281675,0.28888888888888886,0.25,0.1636406478656646,0.13196561394951836,0.12524824102322427,0.11803438605048164,0.007213854972742628,True
cross_segment,zip_code,409xx,6,0,7.441029838529652e-05,0.0,0.5,,0.1636406478656646,0.13196561394951836,0.33635935213433543,,,True
cross_segment,zip_code,361xx,43,20,0.0005332738050946251,0.0006096817461285209,0.20930232558139536,0.15,0.1636406478656646,0.13196561394951836,0.045661677715730764,0.018034386050481632,0.027627291665249132,True
cross_segment,zip_code,748xx,26,16,0.00032244462633628494,0.00048774539690281675,0.2692307692307692,0.1875,0.1636406478656646,0.13196561394951836,0.10559012136510462,0.05553438605048164,0.050055735314622984,True
cross_segment,zip_code,537xx,47,30,0.0005828806706848228,0.0009145226191927813,0.1276595744680851,0.1,0.1636406478656646,0.13196561394951836,-0.0359810733975795,-0.03196561394951836,0.004015459448061143,True
cross_segment,zip_code,767xx,29,6,0.0003596497755289332,0.00018290452383855628,0.20689655172413793,0.0,0.1636406478656646,0.13196561394951836,0.04325590385847333,-0.13196561394951836,0.1752215178079917,True
cross_segment,zip_code,757xx,56,21,0.0006944961182627676,0.000640165833434947,0.14285714285714285,0.047619047619047616,0.1636406478656646,0.13196561394951836,-0.020783505008521747,-0.08434656633047075,0.063563061321949,True
cross_segment,zip_code,542xx,13,9,0.00016122231316814247,0.0002743567857578344,0.23076923076923078,0.1111111111111111,0.1636406478656646,0.13196561394951836,0.06712858290356619,-0.020854502838407257,0.08798308574197344,True
cross_segment,zip_code,724xx,29,21,0.0003596497755289332,0.000640165833434947,0.20689655172413793,0.09523809523809523,0.1636406478656646,0.13196561394951836,0.04325590385847333,-0.03672751871142313,0.07998342256989646,True
cross_segment,zip_code,846xx,42,16,0.0005208720886970756,0.00048774539690281675,0.11904761904761904,0.125,0.1636406478656646,0.13196561394951836,-0.044593028818045555,-0.006965613949518362,0.03762741486852719,True
cross_segment,zip_code,316xx,42,8,0.0005208720886970756,0.00024387269845140838,0.11904761904761904,0.125,0.1636406478656646,0.13196561394951836,-0.044593028818045555,-0.006965613949518362,0.03762741486852719,True
cross_segment,zip_code,158xx,18,11,0.0002232308951558896,0.0003353249603706865,0.05555555555555555,0.2727272727272727,0.1636406478656646,0.13196561394951836,-0.10808509231010904,0.14076165877775434,0.2488467510878634,True
cross_segment,zip_code,915xx,39,22,0.00048366693950442743,0.000670649920741373,0.10256410256410256,0.22727272727272727,0.1636406478656646,0.13196561394951836,-0.061076545301562035,0.0953071133232089,0.15638365862477094,True
cross_segment,zip_code,324xx,67,28,0.0008309149986358112,0.0008535544445799293,0.208955223880597,0.17857142857142858,0.1636406478656646,0.13196561394951836,0.04531457601493241,0.04660581462191021,0.0012912386069778015,True
cross_segment,zip_code,897xx,21,15,0.0002604360443485378,0.00045726130959639066,0.23809523809523808,0.26666666666666666,0.1636406478656646,0.13196561394951836,0.07445459022957349,0.1347010527171483,0.060246462487574814,True
cross_segment,zip_code,263xx,22,7,0.0002728377607460873,0.00021338861114498232,0.18181818181818182,0.14285714285714285,0.1636406478656646,0.13196561394951836,0.018177533952517227,0.010891528907624487,0.0072860050448927405,True
cross_segment,zip_code,714xx,32,14,0.00039685492472158146,0.00042677722228996463,0.125,0.21428571428571427,0.1636406478656646,0.13196561394951836,-0.038640647865664596,0.08232010033619591,0.12096074820186051,True
cross_segment,zip_code,638xx,20,6,0.0002480343279509884,0.00018290452383855628,0.4,0.0,0.1636406478656646,0.13196561394951836,0.23635935213433543,-0.13196561394951836,0.3683249660838538,True
cross_segment,zip_code,138xx,22,14,0.0002728377607460873,0.00042677722228996463,0.22727272727272727,0.07142857142857142,0.1636406478656646,0.13196561394951836,0.06363207940706267,-0.06053704252094694,0.12416912192800961,True
cross_segment,zip_code,475xx,17,13,0.00021082917875834016,0.0003962931349835386,0.11764705882352941,0.15384615384615385,0.1636406478656646,0.13196561394951836,-0.045993589042135186,0.021880539896635492,0.06787412893877068,True
cross_segment,zip_code,404xx,28,11,0.0003472480591313838,0.0003353249603706865,0.14285714285714285,0.09090909090909091,0.1636406478656646,0.13196561394951836,-0.020783505008521747,-0.04105652304042745,0.020273018031905704,True
cross_segment,zip_code,215xx,26,5,0.00032244462633628494,0.00015242043653213022,0.19230769230769232,0.4,0.1636406478656646,0.13196561394951836,0.028667044442027723,0.2680343860504817,0.23936734160845397,True
cross_segment,zip_code,318xx,22,6,0.0002728377607460873,0.00018290452383855628,0.09090909090909091,0.3333333333333333,0.1636406478656646,0.13196561394951836,-0.07273155695657368,0.20136771938381495,0.27409927634038866,True
cross_segment,zip_code,374xx,40,17,0.0004960686559019768,0.0005182294842092427,0.175,0.17647058823529413,0.1636406478656646,0.13196561394951836,0.011359352134335393,0.04450497428577577,0.033145622151440374,True
cross_segment,zip_code,176xx,36,13,0.0004464617903117792,0.0003962931349835386,0.1388888888888889,0.07692307692307693,0.1636406478656646,0.13196561394951836,-0.0247517589767757,-0.055042537026441435,0.030290778049665734,True
cross_segment,zip_code,626xx,39,18,0.00048366693950442743,0.0005487135715156688,0.07692307692307693,0.05555555555555555,0.1636406478656646,0.13196561394951836,-0.08671757094258767,-0.07641005839396281,0.010307512548624859,True
cross_segment,zip_code,877xx,7,6,8.681201478284595e-05,0.00018290452383855628,0.42857142857142855,0.0,0.1636406478656646,0.13196561394951836,0.2649307807057639,-0.13196561394951836,0.39689639465528226,True
cross_segment,zip_code,235xx,38,17,0.000471265223106878,0.0005182294842092427,0.23684210526315788,0.058823529411764705,0.1636406478656646,0.13196561394951836,0.07320145739749329,-0.07314208453775366,0.14634354193524696,True
cross_segment,zip_code,713xx,21,17,0.0002604360443485378,0.0005182294842092427,0.09523809523809523,0.17647058823529413,0.1636406478656646,0.13196561394951836,-0.06840255262756936,0.04450497428577577,0.11290752691334513,True
cross_segment,zip_code,609xx,41,15,0.0005084703722995263,0.00045726130959639066,0.0975609756097561,0.13333333333333333,0.1636406478656646,0.13196561394951836,-0.0660796722559085,0.0013677193838149693,0.06744739163972346,True
cross_segment,zip_code,784xx,44,18,0.0005456755214921746,0.0005487135715156688,0.11363636363636363,0.16666666666666666,0.1636406478656646,0.13196561394951836,-0.05000428422930096,0.034701052717148295,0.08470533694644926,True
cross_segment,zip_code,625xx,31,18,0.00038445320832403206,0.0005487135715156688,0.1935483870967742,0.16666666666666666,0.1636406478656646,0.13196561394951836,0.029907739231109592,0.034701052717148295,0.004793313486038703,True
cross_segment,zip_code,434xx,36,17,0.0004464617903117792,0.0005182294842092427,0.2222222222222222,0.17647058823529413,0.1636406478656646,0.13196561394951836,0.058581574356557614,0.04450497428577577,0.014076600070781847,True
cross_segment,zip_code,737xx,13,8,0.00016122231316814247,0.00024387269845140838,0.15384615384615385,0.375,0.1636406478656646,0.13196561394951836,-0.009794494019510741,0.24303438605048164,0.2528288800699924,True
cross_segment,zip_code,611xx,39,22,0.00048366693950442743,0.000670649920741373,0.23076923076923078,0.22727272727272727,0.1636406478656646,0.13196561394951836,0.06712858290356619,0.0953071133232089,0.028178530419642717,True
cross_segment,zip_code,544xx,57,29,0.0007068978346603169,0.0008840385318863553,0.17543859649122806,0.13793103448275862,0.1636406478656646,0.13196561394951836,0.011797948625563465,0.0059654205332402566,0.005832528092323208,True
cross_segment,zip_code,924xx,48,12,0.0005952823870823722,0.00036580904767711256,0.20833333333333334,0.3333333333333333,0.1636406478656646,0.13196561394951836,0.04469268546766875,0.20136771938381495,0.1566750339161462,True
cross_segment,zip_code,881xx,17,7,0.00021082917875834016,0.00021338861114498232,0.17647058823529413,0.14285714285714285,0.1636406478656646,0.13196561394951836,0.012829940369629533,0.010891528907624487,0.0019384114620050463,True
cross_segment,zip_code,756xx,47,18,0.0005828806706848228,0.0005487135715156688,0.1702127659574468,0.1111111111111111,0.1636406478656646,0.13196561394951836,0.006572118091782209,-0.020854502838407257,0.027426620930189466,True
cross_segment,zip_code,565xx,33,17,0.0004092566411191309,0.0005182294842092427,0.12121212121212122,0.17647058823529413,0.1636406478656646,0.13196561394951836,-0.04242852665354338,0.04450497428577577,0.08693350093931915,True
cross_segment,zip_code,764xx,26,9,0.00032244462633628494,0.0002743567857578344,0.07692307692307693,0.0,0.1636406478656646,0.13196561394951836,-0.08671757094258767,-0.13196561394951836,0.045248043006930694,True
cross_segment,zip_code,615xx,41,20,0.0005084703722995263,0.0006096817461285209,0.0975609756097561,0.15,0.1636406478656646,0.13196561394951836,-0.0660796722559085,0.018034386050481632,0.08411405830639013,True
cross_segment,zip_code,955xx,30,11,0.0003720514919264826,0.0003353249603706865,0.16666666666666666,0.09090909090909091,0.1636406478656646,0.13196561394951836,0.0030260188010020617,-0.04105652304042745,0.04408254184142951,True
cross_segment,zip_code,495xx,74,38,0.0009177270134186572,0.0011583953176441898,0.13513513513513514,0.13157894736842105,0.1636406478656646,0.13196561394951836,-0.028505512730529453,-0.0003866665810973169,0.028118846149432136,True
cross_segment,zip_code,421xx,41,15,0.0005084703722995263,0.00045726130959639066,0.0975609756097561,0.2,0.1636406478656646,0.13196561394951836,-0.0660796722559085,0.06803438605048165,0.13411405830639014,True
cross_segment,zip_code,627xx,35,12,0.0004340600739142297,0.00036580904767711256,0.17142857142857143,0.08333333333333333,0.1636406478656646,0.13196561394951836,0.007787923562906834,-0.048632280616185034,0.05642020417909187,True
cross_segment,zip_code,250xx,16,2,0.00019842746236079073,6.0968174612852094e-05,0.1875,0.0,0.1636406478656646,0.13196561394951836,0.023859352134335404,-0.13196561394951836,0.15582496608385377,True
cross_segment,zip_code,634xx,14,4,0.0001736240295656919,0.00012193634922570419,0.21428571428571427,0.0,0.1636406478656646,0.13196561394951836,0.05064506642004968,-0.13196561394951836,0.18261068036956804,True
cross_segment,zip_code,546xx,37,23,0.0004588635067093286,0.000701134008047799,0.10810810810810811,0.08695652173913043,0.1636406478656646,0.13196561394951836,-0.05553253975755648,-0.04500909221038793,0.010523447547168552,True
cross_segment,zip_code,173xx,84,29,0.0010417441773941513,0.0008840385318863553,0.15476190476190477,0.10344827586206896,0.1636406478656646,0.13196561394951836,-0.008878743103759829,-0.028517338087449398,0.01963859498368957,True
cross_segment,zip_code,260xx,31,13,0.00038445320832403206,0.0003962931349835386,0.06451612903225806,0.07692307692307693,0.1636406478656646,0.13196561394951836,-0.09912451883340653,-0.055042537026441435,0.0440819818069651,True
cross_segment,zip_code,485xx,23,10,0.0002852394771436367,0.00030484087306426044,0.17391304347826086,0.4,0.1636406478656646,0.13196561394951836,0.010272395612596269,0.2680343860504817,0.2577619904378854,True
cross_segment,zip_code,653xx,24,10,0.0002976411935411861,0.00030484087306426044,0.25,0.1,0.1636406478656646,0.13196561394951836,0.0863593521343354,-0.03196561394951836,0.11832496608385376,True
cross_segment,zip_code,081xx,31,17,0.00038445320832403206,0.0005182294842092427,0.22580645161290322,0.17647058823529413,0.1636406478656646,0.13196561394951836,0.062165803747238624,0.04450497428577577,0.017660829461462857,True
cross_segment,zip_code,149xx,8,3,9.921373118039536e-05,9.145226191927814e-05,0.0,0.0,0.1636406478656646,0.13196561394951836,-0.1636406478656646,-0.13196561394951836,0.031675033916146234,True
cross_segment,zip_code,279xx,45,12,0.0005580772378897239,0.00036580904767711256,0.15555555555555556,0.16666666666666666,0.1636406478656646,0.13196561394951836,-0.008085092310109038,0.034701052717148295,0.04278614502725733,True
cross_segment,zip_code,011xx,37,10,0.0004588635067093286,0.00030484087306426044,0.2702702702702703,0.2,0.1636406478656646,0.13196561394951836,0.10662962240460569,0.06803438605048165,0.03859523635412404,True
cross_segment,zip_code,779xx,21,8,0.0002604360443485378,0.00024387269845140838,0.14285714285714285,0.0,0.1636406478656646,0.13196561394951836,-0.020783505008521747,-0.13196561394951836,0.11118210894099662,True
cross_segment,zip_code,978xx,40,20,0.0004960686559019768,0.0006096817461285209,0.15,0.05,0.1636406478656646,0.13196561394951836,-0.013640647865664601,-0.08196561394951836,0.06832496608385376,True
cross_segment,zip_code,075xx,51,19,0.0006324875362750204,0.0005791976588220949,0.19607843137254902,0.10526315789473684,0.1636406478656646,0.13196561394951836,0.03243778350688442,-0.026702456054781526,0.05914023956166595,True
cross_segment,zip_code,558xx,28,18,0.0003472480591313838,0.0005487135715156688,0.14285714285714285,0.16666666666666666,0.1636406478656646,0.13196561394951836,-0.020783505008521747,0.034701052717148295,0.05548455772567004,True
cross_segment,zip_code,596xx,21,7,0.0002604360443485378,0.00021338861114498232,0.19047619047619047,0.2857142857142857,0.1636406478656646,0.13196561394951836,0.02683554261052587,0.15374867176476734,0.12691312915424147,True
cross_segment,zip_code,033xx,20,10,0.0002480343279509884,0.00030484087306426044,0.25,0.0,0.1636406478656646,0.13196561394951836,0.0863593521343354,-0.13196561394951836,0.21832496608385377,True
cross_segment,zip_code,108xx,40,9,0.0004960686559019768,0.0002743567857578344,0.075,0.0,0.1636406478656646,0.13196561394951836,-0.0886406478656646,-0.13196561394951836,0.043324966083853764,True
cross_segment,zip_code,644xx,23,8,0.0002852394771436367,0.00024387269845140838,0.17391304347826086,0.125,0.1636406478656646,0.13196561394951836,0.010272395612596269,-0.006965613949518362,0.01723800956211463,True
cross_segment,zip_code,168xx,24,19,0.0002976411935411861,0.0005791976588220949,0.041666666666666664,0.21052631578947367,0.1636406478656646,0.13196561394951836,-0.12197398119899794,0.07856070183995531,0.20053468303895325,True
cross_segment,zip_code,778xx,56,13,0.0006944961182627676,0.0003962931349835386,0.14285714285714285,0.07692307692307693,0.1636406478656646,0.13196561394951836,-0.020783505008521747,-0.055042537026441435,0.03425903201791969,True
cross_segment,zip_code,135xx,19,2,0.000235632611553439,6.0968174612852094e-05,0.21052631578947367,0.0,0.1636406478656646,0.13196561394951836,0.04688566792380908,-0.13196561394951836,0.17885128187332744,True
cross_segment,zip_code,789xx,22,4,0.0002728377607460873,0.00012193634922570419,0.18181818181818182,0.0,0.1636406478656646,0.13196561394951836,0.018177533952517227,-0.13196561394951836,0.1501431479020356,True
cross_segment,zip_code,438xx,21,3,0.0002604360443485378,9.145226191927814e-05,0.2857142857142857,0.3333333333333333,0.1636406478656646,0.13196561394951836,0.1220736378486211,0.20136771938381495,0.07929408153519385,True
cross_segment,zip_code,599xx,25,17,0.00031004290993873554,0.0005182294842092427,0.08,0.058823529411764705,0.1636406478656646,0.13196561394951836,-0.0836406478656646,-0.07314208453775366,0.010498563327910937,True
cross_segment,zip_code,545xx,9,17,0.0001116154475779448,0.0005182294842092427,0.5555555555555556,0.11764705882352941,0.1636406478656646,0.13196561394951836,0.391914907689891,-0.014318555125988952,0.40623346281587996,True
cross_segment,zip_code,863xx,59,16,0.0007317012674554159,0.00048774539690281675,0.23728813559322035,0.1875,0.1636406478656646,0.13196561394951836,0.07364748772755575,0.05553438605048164,0.01811310167707411,True
cross_segment,zip_code,744xx,42,7,0.0005208720886970756,0.00021338861114498232,0.16666666666666666,0.14285714285714285,0.1636406478656646,0.13196561394951836,0.0030260188010020617,0.010891528907624487,0.007865510106622425,True
cross_segment,zip_code,178xx,26,16,0.00032244462633628494,0.00048774539690281675,0.23076923076923078,0.125,0.1636406478656646,0.13196561394951836,0.06712858290356619,-0.006965613949518362,0.07409419685308455,True
cross_segment,zip_code,619xx,20,9,0.0002480343279509884,0.0002743567857578344,0.3,0.1111111111111111,0.1636406478656646,0.13196561394951836,0.1363593521343354,-0.020854502838407257,0.15721385497274265,True
cross_segment,zip_code,792xx,9,4,0.0001116154475779448,0.00012193634922570419,0.2222222222222222,0.5,0.1636406478656646,0.13196561394951836,0.058581574356557614,0.36803438605048167,0.309452811693924,True
cross_segment,zip_code,182xx,32,15,0.00039685492472158146,0.00045726130959639066,0.28125,0.4,0.1636406478656646,0.13196561394951836,0.1176093521343354,0.2680343860504817,0.15042503391614628,True
cross_segment,zip_code,676xx,10,6,0.0001240171639754942,0.00018290452383855628,0.0,0.0,0.1636406478656646,0.13196561394951836,-0.1636406478656646,-0.13196561394951836,0.031675033916146234,True
cross_segment,zip_code,541xx,34,19,0.0004216583575166803,0.0005791976588220949,0.17647058823529413,0.21052631578947367,0.1636406478656646,0.13196561394951836,0.012829940369629533,0.07856070183995531,0.06573076147032578,True
cross_segment,zip_code,704xx,96,45,0.0011905647741647443,0.001371783928789172,0.20833333333333334,0.15555555555555556,0.1636406478656646,0.13196561394951836,0.04469268546766875,0.023589941606037196,0.02110274386163155,True
cross_segment,zip_code,675xx,17,11,0.00021082917875834016,0.0003353249603706865,0.058823529411764705,0.0,0.1636406478656646,0.13196561394951836,-0.10481711845389989,-0.13196561394951836,0.02714849549561847,True
cross_segment,zip_code,734xx,15,8,0.0001860257459632413,0.00024387269845140838,0.3333333333333333,0.125,0.1636406478656646,0.13196561394951836,0.16969268546766872,-0.006965613949518362,0.17665829941718708,True
cross_segment,zip_code,159xx,29,7,0.0003596497755289332,0.00021338861114498232,0.13793103448275862,0.14285714285714285,0.1636406478656646,0.13196561394951836,-0.025709613382905977,0.010891528907624487,0.036601142290530464,True
cross_segment,zip_code,918xx,29,9,0.0003596497755289332,0.0002743567857578344,0.13793103448275862,0.0,0.1636406478656646,0.13196561394951836,-0.025709613382905977,-0.13196561394951836,0.10625600056661239,True
cross_segment,zip_code,014xx,50,22,0.0006200858198774711,0.000670649920741373,0.12,0.22727272727272727,0.1636406478656646,0.13196561394951836,-0.0436406478656646,0.0953071133232089,0.1389477611888735,True
cross_segment,zip_code,126xx,19,11,0.000235632611553439,0.0003353249603706865,0.2631578947368421,0.09090909090909091,0.1636406478656646,0.13196561394951836,0.0995172468711775,-0.04105652304042745,0.14057376991160495,True
cross_segment,zip_code,595xx,13,4,0.00016122231316814247,0.00012193634922570419,0.07692307692307693,0.0,0.1636406478656646,0.13196561394951836,-0.08671757094258767,-0.13196561394951836,0.045248043006930694,True
cross_segment,zip_code,602xx,21,10,0.0002604360443485378,0.00030484087306426044,0.09523809523809523,0.2,0.1636406478656646,0.13196561394951836,-0.06840255262756936,0.06803438605048165,0.136436938678051,True
cross_segment,zip_code,118xx,18,8,0.0002232308951558896,0.00024387269845140838,0.1111111111111111,0.125,0.1636406478656646,0.13196561394951836,-0.05252953675455349,-0.006965613949518362,0.04556392280503513,True
cross_segment,zip_code,875xx,40,28,0.0004960686559019768,0.0008535544445799293,0.1,0.03571428571428571,0.1636406478656646,0.13196561394951836,-0.06364064786566459,-0.09625132823523265,0.03261068036956806,True
cross_segment,zip_code,654xx,14,8,0.0001736240295656919,0.00024387269845140838,0.07142857142857142,0.25,0.1636406478656646,0.13196561394951836,-0.09221207643709317,0.11803438605048164,0.2102464624875748,True
cross_segment,zip_code,855xx,32,11,0.00039685492472158146,0.0003353249603706865,0.15625,0.09090909090909091,0.1636406478656646,0.13196561394951836,-0.007390647865664596,-0.04105652304042745,0.033665875174762855,True
cross_segment,zip_code,812xx,16,9,0.00019842746236079073,0.0002743567857578344,0.125,0.1111111111111111,0.1636406478656646,0.13196561394951836,-0.038640647865664596,-0.020854502838407257,0.01778614502725734,True
cross_segment,zip_code,976xx,18,14,0.0002232308951558896,0.00042677722228996463,0.2777777777777778,0.0,0.1636406478656646,0.13196561394951836,0.1141371299121132,-0.13196561394951836,0.24610274386163156,True
cross_segment,zip_code,013xx,25,5,0.00031004290993873554,0.00015242043653213022,0.36,0.0,0.1636406478656646,0.13196561394951836,0.1963593521343354,-0.13196561394951836,0.32832496608385375,True
cross_segment,zip_code,979xx,7,1,8.681201478284595e-05,3.0484087306426047e-05,0.14285714285714285,1.0,0.1636406478656646,0.13196561394951836,-0.020783505008521747,0.8680343860504817,0.8888178910590034,True
cross_segment,zip_code,723xx,30,16,0.0003720514919264826,0.00048774539690281675,0.2,0.125,0.1636406478656646,0.13196561394951836,0.036359352134335415,-0.006965613949518362,0.04332496608385378,True
cross_segment,zip_code,678xx,27,13,0.00033484634273383434,0.0003962931349835386,0.2222222222222222,0.15384615384615385,0.1636406478656646,0.13196561394951836,0.058581574356557614,0.021880539896635492,0.03670103445992212,True
cross_segment,zip_code,407xx,11,7,0.00013641888037304364,0.00021338861114498232,0.2727272727272727,0.42857142857142855,0.1636406478656646,0.13196561394951836,0.10908662486160811,0.29660581462191016,0.18751918976030205,True
cross_segment,zip_code,539xx,21,21,0.0002604360443485378,0.000640165833434947,0.14285714285714285,0.09523809523809523,0.1636406478656646,0.13196561394951836,-0.020783505008521747,-0.03672751871142313,0.015944013702901383,True
cross_segment,zip_code,164xx,20,9,0.0002480343279509884,0.0002743567857578344,0.05,0.0,0.1636406478656646,0.13196561394951836,-0.11364064786566459,-0.13196561394951836,0.01832496608385377,True
cross_segment,zip_code,411xx,10,9,0.0001240171639754942,0.0002743567857578344,0.1,0.0,0.1636406478656646,0.13196561394951836,-0.06364064786566459,-0.13196561394951836,0.06832496608385377,True
cross_segment,zip_code,195xx,66,20,0.0008185132822382618,0.0006096817461285209,0.19696969696969696,0.1,0.1636406478656646,0.13196561394951836,0.033329049104032366,-0.03196561394951836,0.06529466305355072,True
cross_segment,zip_code,811xx,18,5,0.0002232308951558896,0.00015242043653213022,0.2222222222222222,0.0,0.1636406478656646,0.13196561394951836,0.058581574356557614,-0.13196561394951836,0.19054718830607598,True
cross_segment,zip_code,573xx,18,5,0.0002232308951558896,0.00015242043653213022,0.3333333333333333,0.0,0.1636406478656646,0.13196561394951836,0.16969268546766872,-0.13196561394951836,0.3016582994171871,True
cross_segment,zip_code,243xx,24,7,0.0002976411935411861,0.00021338861114498232,0.08333333333333333,0.14285714285714285,0.1636406478656646,0.13196561394951836,-0.08030731453233127,0.010891528907624487,0.09119884343995575,True
cross_segment,zip_code,610xx,52,33,0.0006448892526725699,0.0010059748811120596,0.19230769230769232,0.12121212121212122,0.1636406478656646,0.13196561394951836,0.028667044442027723,-0.010753492737397147,0.03942053717942487,True
cross_segment,zip_code,133xx,33,9,0.0004092566411191309,0.0002743567857578344,0.15151515151515152,0.2222222222222222,0.1636406478656646,0.13196561394951836,-0.012125496350513076,0.09025660827270385,0.10238210462321692,True
cross_segment,zip_code,106xx,34,17,0.0004216583575166803,0.0005182294842092427,0.11764705882352941,0.11764705882352941,0.1636406478656646,0.13196561394951836,-0.045993589042135186,-0.014318555125988952,0.031675033916146234,True
cross_segment,zip_code,961xx,45,14,0.0005580772378897239,0.00042677722228996463,0.17777777777777778,0.0,0.1636406478656646,0.13196561394951836,0.014137129912113189,-0.13196561394951836,0.14610274386163155,True
cross_segment,zip_code,636xx,16,6,0.00019842746236079073,0.00018290452383855628,0.1875,0.16666666666666666,0.1636406478656646,0.13196561394951836,0.023859352134335404,0.034701052717148295,0.010841700582812891,True
cross_segment,zip_code,725xx,10,5,0.0001240171639754942,0.00015242043653213022,0.1,0.0,0.1636406478656646,0.13196561394951836,-0.06364064786566459,-0.13196561394951836,0.06832496608385377,True
cross_segment,zip_code,197xx,84,35,0.0010417441773941513,0.0010669430557249115,0.14285714285714285,0.2,0.1636406478656646,0.13196561394951836,-0.020783505008521747,0.06803438605048165,0.0888178910590034,True
cross_segment,zip_code,646xx,9,4,0.0001116154475779448,0.00012193634922570419,0.1111111111111111,0.25,0.1636406478656646,0.13196561394951836,-0.05252953675455349,0.11803438605048164,0.17056392280503513,True
cross_segment,zip_code,637xx,22,12,0.0002728377607460873,0.00036580904767711256,0.22727272727272727,0.16666666666666666,0.1636406478656646,0.13196561394951836,0.06363207940706267,0.034701052717148295,0.028931026689914374,True
cross_segment,zip_code,614xx,21,11,0.0002604360443485378,0.0003353249603706865,0.09523809523809523,0.0,0.1636406478656646,0.13196561394951836,-0.06840255262756936,-0.13196561394951836,0.063563061321949,True
cross_segment,zip_code,726xx,21,12,0.0002604360443485378,0.00036580904767711256,0.2857142857142857,0.08333333333333333,0.1636406478656646,0.13196561394951836,0.1220736378486211,-0.048632280616185034,0.17070591846480615,True
cross_segment,zip_code,219xx,36,12,0.0004464617903117792,0.00036580904767711256,0.2222222222222222,0.25,0.1636406478656646,0.13196561394951836,0.058581574356557614,0.11803438605048164,0.059452811693924024,True
cross_segment,zip_code,591xx,28,19,0.0003472480591313838,0.0005791976588220949,0.14285714285714285,0.2631578947368421,0.1636406478656646,0.13196561394951836,-0.020783505008521747,0.13119228078732373,0.15197578579584547,True
cross_segment,zip_code,255xx,34,9,0.0004216583575166803,0.0002743567857578344,0.20588235294117646,0.0,0.1636406478656646,0.13196561394951836,0.042241705075511865,-0.13196561394951836,0.17420731902503023,True
cross_segment,zip_code,543xx,32,19,0.00039685492472158146,0.0005791976588220949,0.09375,0.10526315789473684,0.1636406478656646,0.13196561394951836,-0.0698906478656646,-0.026702456054781526,0.04318819181088307,True
cross_segment,zip_code,172xx,37,12,0.0004588635067093286,0.00036580904767711256,0.2702702702702703,0.0,0.1636406478656646,0.13196561394951836,0.10662962240460569,-0.13196561394951836,0.23859523635412405,True
cross_segment,zip_code,566xx,16,14,0.00019842746236079073,0.00042677722228996463,0.0625,0.0,0.1636406478656646,0.13196561394951836,-0.1011406478656646,-0.13196561394951836,0.030824966083853766,True
cross_segment,zip_code,053xx,3,2,3.720514919264826e-05,6.0968174612852094e-05,0.0,0.0,0.1636406478656646,0.13196561394951836,-0.1636406478656646,-0.13196561394951836,0.031675033916146234,True
cross_segment,zip_code,094xx,2,2,2.480343279509884e-05,6.0968174612852094e-05,0.5,0.0,0.1636406478656646,0.13196561394951836,0.33635935213433543,-0.13196561394951836,0.46832496608385377,True
cross_segment,zip_code,772xx,8,4,9.921373118039536e-05,0.00012193634922570419,0.25,0.0,0.1636406478656646,0.13196561394951836,0.0863593521343354,-0.13196561394951836,0.21832496608385377,True
cross_segment,zip_code,364xx,10,5,0.0001240171639754942,0.00015242043653213022,0.1,0.2,0.1636406478656646,0.13196561394951836,-0.06364064786566459,0.06803438605048165,0.13167503391614624,True
cross_segment,zip_code,362xx,35,19,0.0004340600739142297,0.0005791976588220949,0.2857142857142857,0.15789473684210525,0.1636406478656646,0.13196561394951836,0.1220736378486211,0.025929122892586892,0.09614451495603421,True
cross_segment,zip_code,798xx,11,6,0.00013641888037304364,0.00018290452383855628,0.09090909090909091,0.0,0.1636406478656646,0.13196561394951836,-0.07273155695657368,-0.13196561394951836,0.05923405699294468,True
cross_segment,zip_code,367xx,15,4,0.0001860257459632413,0.00012193634922570419,0.06666666666666667,0.5,0.1636406478656646,0.13196561394951836,-0.09697398119899793,0.36803438605048167,0.4650083672494796,True
cross_segment,zip_code,790xx,32,20,0.00039685492472158146,0.0006096817461285209,0.125,0.1,0.1636406478656646,0.13196561394951836,-0.038640647865664596,-0.03196561394951836,0.006675033916146239,True
cross_segment,zip_code,664xx,14,6,0.0001736240295656919,0.00018290452383855628,0.07142857142857142,0.0,0.1636406478656646,0.13196561394951836,-0.09221207643709317,-0.13196561394951836,0.03975353751242519,True
cross_segment,zip_code,264xx,6,2,7.441029838529652e-05,6.0968174612852094e-05,0.3333333333333333,0.5,0.1636406478656646,0.13196561394951836,0.16969268546766872,0.36803438605048167,0.19834170058281295,True
cross_segment,zip_code,418xx,6,1,7.441029838529652e-05,3.0484087306426047e-05,0.3333333333333333,1.0,0.1636406478656646,0.13196561394951836,0.16969268546766872,0.8680343860504817,0.698341700582813,True
cross_segment,zip_code,822xx,6,1,7.441029838529652e-05,3.0484087306426047e-05,0.0,0.0,0.1636406478656646,0.13196561394951836,-0.1636406478656646,-0.13196561394951836,0.031675033916146234,True
cross_segment,zip_code,218xx,37,21,0.0004588635067093286,0.000640165833434947,0.13513513513513514,0.19047619047619047,0.1636406478656646,0.13196561394951836,-0.028505512730529453,0.0585105765266721,0.08701608925720156,True
cross_segment,zip_code,382xx,17,9,0.00021082917875834016,0.0002743567857578344,0.11764705882352941,0.3333333333333333,0.1636406478656646,0.13196561394951836,-0.045993589042135186,0.20136771938381495,0.24736130842595014,True
cross_segment,zip_code,639xx,9,3,0.0001116154475779448,9.145226191927814e-05,0.2222222222222222,0.0,0.1636406478656646,0.13196561394951836,0.058581574356557614,-0.13196561394951836,0.19054718830607598,True
cross_segment,zip_code,304xx,29,12,0.0003596497755289332,0.00036580904767711256,0.13793103448275862,0.25,0.1636406478656646,0.13196561394951836,-0.025709613382905977,0.11803438605048164,0.14374399943338761,True
cross_segment,zip_code,647xx,26,11,0.00032244462633628494,0.0003353249603706865,0.23076923076923078,0.2727272727272727,0.1636406478656646,0.13196561394951836,0.06712858290356619,0.14076165877775434,0.07363307587418816,True
cross_segment,zip_code,177xx,23,8,0.0002852394771436367,0.00024387269845140838,0.2608695652173913,0.0,0.1636406478656646,0.13196561394951836,0.0972289173517267,-0.13196561394951836,0.22919453130124506,True
cross_segment,zip_code,635xx,6,6,7.441029838529652e-05,0.00018290452383855628,0.0,0.0,0.1636406478656646,0.13196561394951836,-0.1636406478656646,-0.13196561394951836,0.031675033916146234,True
cross_segment,zip_code,266xx,7,3,8.681201478284595e-05,9.145226191927814e-05,0.0,0.0,0.1636406478656646,0.13196561394951836,-0.1636406478656646,-0.13196561394951836,0.031675033916146234,True
cross_segment,zip_code,677xx,8,1,9.921373118039536e-05,3.0484087306426047e-05,0.0,1.0,0.1636406478656646,0.13196561394951836,-0.1636406478656646,0.8680343860504817,1.0316750339161462,True
cross_segment,zip_code,163xx,24,15,0.0002976411935411861,0.00045726130959639066,0.20833333333333334,0.3333333333333333,0.1636406478656646,0.13196561394951836,0.04469268546766875,0.20136771938381495,0.1566750339161462,True
cross_segment,zip_code,783xx,31,13,0.00038445320832403206,0.0003962931349835386,0.0967741935483871,0.3076923076923077,0.1636406478656646,0.13196561394951836,-0.0668664543172775,0.17572669374278935,0.24259314806006685,True
cross_segment,zip_code,825xx,14,4,0.0001736240295656919,0.00012193634922570419,0.14285714285714285,0.25,0.1636406478656646,0.13196561394951836,-0.020783505008521747,0.11803438605048164,0.13881789105900338,True
cross_segment,zip_code,592xx,9,4,0.0001116154475779448,0.00012193634922570419,0.0,0.25,0.1636406478656646,0.13196561394951836,-0.1636406478656646,0.11803438605048164,0.28167503391614623,True
cross_segment,zip_code,251xx,11,4,0.00013641888037304364,0.00012193634922570419,0.09090909090909091,0.0,0.1636406478656646,0.13196561394951836,-0.07273155695657368,-0.13196561394951836,0.05923405699294468,True
cross_segment,zip_code,257xx,19,5,0.000235632611553439,0.00015242043653213022,0.10526315789473684,0.6,0.1636406478656646,0.13196561394951836,-0.05837748997092776,0.46803438605048164,0.5264118760214094,True
cross_segment,zip_code,101xx,27,14,0.00033484634273383434,0.00042677722228996463,0.1111111111111111,0.0,0.1636406478656646,0.13196561394951836,-0.05252953675455349,-0.13196561394951836,0.07943607719496487,True
cross_segment,zip_code,167xx,10,3,0.0001240171639754942,9.145226191927814e-05,0.2,0.3333333333333333,0.1636406478656646,0.13196561394951836,0.036359352134335415,0.20136771938381495,0.16500836724947954,True
cross_segment,zip_code,824xx,9,5,0.0001116154475779448,0.00015242043653213022,0.3333333333333333,0.2,0.1636406478656646,0.13196561394951836,0.16969268546766872,0.06803438605048165,0.10165829941718707,True
cross_segment,zip_code,572xx,13,8,0.00016122231316814247,0.00024387269845140838,0.23076923076923078,0.0,0.1636406478656646,0.13196561394951836,0.06712858290356619,-0.13196561394951836,0.19909419685308455,True
cross_segment,zip_code,423xx,22,9,0.0002728377607460873,0.0002743567857578344,0.22727272727272727,0.2222222222222222,0.1636406478656646,0.13196561394951836,0.06363207940706267,0.09025660827270385,0.02662452886564118,True
cross_segment,zip_code,893xx,3,6,3.720514919264826e-05,0.00018290452383855628,0.3333333333333333,0.0,0.1636406478656646,0.13196561394951836,0.16969268546766872,-0.13196561394951836,0.3016582994171871,True
cross_segment,zip_code,999xx,7,1,8.681201478284595e-05,3.0484087306426047e-05,0.0,0.0,0.1636406478656646,0.13196561394951836,-0.1636406478656646,-0.13196561394951836,0.031675033916146234,True
cross_segment,zip_code,873xx,9,1,0.0001116154475779448,3.0484087306426047e-05,0.0,0.0,0.1636406478656646,0.13196561394951836,-0.1636406478656646,-0.13196561394951836,0.031675033916146234,True
cross_segment,zip_code,679xx,4,4,4.960686559019768e-05,0.00012193634922570419,0.0,0.0,0.1636406478656646,0.13196561394951836,-0.1636406478656646,-0.13196561394951836,0.031675033916146234,True
cross_segment,zip_code,803xx,28,16,0.0003472480591313838,0.00048774539690281675,0.07142857142857142,0.0625,0.1636406478656646,0.13196561394951836,-0.09221207643709317,-0.06946561394951836,0.02274646248757481,True
cross_segment,zip_code,879xx,2,2,2.480343279509884e-05,6.0968174612852094e-05,0.0,0.0,0.1636406478656646,0.13196561394951836,-0.1636406478656646,-0.13196561394951836,0.031675033916146234,True
cross_segment,zip_code,408xx,2,1,2.480343279509884e-05,3.0484087306426047e-05,0.5,0.0,0.1636406478656646,0.13196561394951836,0.33635935213433543,-0.13196561394951836,0.46832496608385377,True
cross_segment,zip_code,052xx,6,2,7.441029838529652e-05,6.0968174612852094e-05,0.0,0.0,0.1636406478656646,0.13196561394951836,-0.1636406478656646,-0.13196561394951836,0.031675033916146234,True
cross_segment,zip_code,057xx,9,6,0.0001116154475779448,0.00018290452383855628,0.2222222222222222,0.16666666666666666,0.1636406478656646,0.13196561394951836,0.058581574356557614,0.034701052717148295,0.02388052163940932,True
cross_segment,zip_code,738xx,2,6,2.480343279509884e-05,0.00018290452383855628,1.0,0.16666666666666666,0.1636406478656646,0.13196561394951836,0.8363593521343354,0.034701052717148295,0.8016582994171871,True
cross_segment,zip_code,831xx,11,2,0.00013641888037304364,6.0968174612852094e-05,0.18181818181818182,0.5,0.1636406478656646,0.13196561394951836,0.018177533952517227,0.36803438605048167,0.34985685209796447,True
cross_segment,zip_code,256xx,9,0,0.0001116154475779448,0.0,0.1111111111111111,,0.1636406478656646,0.13196561394951836,-0.05252953675455349,,,True
cross_segment,zip_code,623xx,11,6,0.00013641888037304364,0.00018290452383855628,0.09090909090909091,0.16666666666666666,0.1636406478656646,0.13196561394951836,-0.07273155695657368,0.034701052717148295,0.10743260967372198,True
cross_segment,zip_code,426xx,8,2,9.921373118039536e-05,6.0968174612852094e-05,0.25,0.5,0.1636406478656646,0.13196561394951836,0.0863593521343354,0.36803438605048167,0.28167503391614623,True
cross_segment,zip_code,049xx,1,0,1.240171639754942e-05,0.0,0.0,,0.1636406478656646,0.13196561394951836,-0.1636406478656646,,,True
cross_segment,zip_code,169xx,7,4,8.681201478284595e-05,0.00012193634922570419,0.2857142857142857,0.0,0.1636406478656646,0.13196561394951836,0.1220736378486211,-0.13196561394951836,0.25403925179813946,True
cross_segment,zip_code,747xx,6,6,7.441029838529652e-05,0.00018290452383855628,0.16666666666666666,0.0,0.1636406478656646,0.13196561394951836,0.0030260188010020617,-0.13196561394951836,0.13499163275052042,True
cross_segment,zip_code,268xx,8,1,9.921373118039536e-05,3.0484087306426047e-05,0.25,0.0,0.1636406478656646,0.13196561394951836,0.0863593521343354,-0.13196561394951836,0.21832496608385377,True
cross_segment,zip_code,239xx,17,7,0.00021082917875834016,0.00021338861114498232,0.35294117647058826,0.0,0.1636406478656646,0.13196561394951836,0.18930052860492366,-0.13196561394951836,0.321266142554442,True
cross_segment,zip_code,947xx,39,22,0.00048366693950442743,0.000670649920741373,0.07692307692307693,0.13636363636363635,0.1636406478656646,0.13196561394951836,-0.08671757094258767,0.004398022414117991,0.09111559335670566,True
cross_segment,zip_code,859xx,11,9,0.00013641888037304364,0.0002743567857578344,0.18181818181818182,0.1111111111111111,0.1636406478656646,0.13196561394951836,0.018177533952517227,-0.020854502838407257,0.039032036790924485,True
cross_segment,zip_code,884xx,2,2,2.480343279509884e-05,6.0968174612852094e-05,0.0,0.0,0.1636406478656646,0.13196561394951836,-0.1636406478656646,-0.13196561394951836,0.031675033916146234,True
cross_segment,zip_code,464xx,26,12,0.00032244462633628494,0.00036580904767711256,0.3076923076923077,0.3333333333333333,0.1636406478656646,0.13196561394951836,0.1440516598266431,0.20136771938381495,0.05731605955717184,True
cross_segment,zip_code,096xx,2,0,2.480343279509884e-05,0.0,0.0,,0.1636406478656646,0.13196561394951836,-0.1636406478656646,,,True
cross_segment,zip_code,455xx,15,8,0.0001860257459632413,0.00024387269845140838,0.2,0.125,0.1636406478656646,0.13196561394951836,0.036359352134335415,-0.006965613949518362,0.04332496608385378,True
cross_segment,zip_code,155xx,16,8,0.00019842746236079073,0.00024387269845140838,0.1875,0.125,0.1636406478656646,0.13196561394951836,0.023859352134335404,-0.006965613949518362,0.030824966083853766,True
cross_segment,zip_code,022xx,6,3,7.441029838529652e-05,9.145226191927814e-05,0.16666666666666666,0.3333333333333333,0.1636406478656646,0.13196561394951836,0.0030260188010020617,0.20136771938381495,0.1983417005828129,True
cross_segment,zip_code,556xx,4,2,4.960686559019768e-05,6.0968174612852094e-05,0.0,0.0,0.1636406478656646,0.13196561394951836,-0.1636406478656646,-0.13196561394951836,0.031675033916146234,True
cross_segment,zip_code,538xx,5,4,6.20085819877471e-05,0.00012193634922570419,0.0,0.25,0.1636406478656646,0.13196561394951836,-0.1636406478656646,0.11803438605048164,0.28167503391614623,True
cross_segment,zip_code,830xx,11,5,0.00013641888037304364,0.00015242043653213022,0.18181818181818182,0.0,0.1636406478656646,0.13196561394951836,0.018177533952517227,-0.13196561394951836,0.1501431479020356,True
cross_segment,zip_code,574xx,13,5,0.00016122231316814247,0.00015242043653213022,0.15384615384615385,0.4,0.1636406478656646,0.13196561394951836,-0.009794494019510741,0.2680343860504817,0.2778288800699924,True
cross_segment,zip_code,248xx,5,0,6.20085819877471e-05,0.0,0.0,,0.1636406478656646,0.13196561394951836,-0.1636406478656646,,,True
cross_segment,zip_code,668xx,7,13,8.681201478284595e-05,0.0003962931349835386,0.5714285714285714,0.38461538461538464,0.1636406478656646,0.13196561394951836,0.40778792356290683,0.25264977066586625,0.15513815289704058,True
cross_segment,zip_code,499xx,18,8,0.0002232308951558896,0.00024387269845140838,0.1111111111111111,0.0,0.1636406478656646,0.13196561394951836,-0.05252953675455349,-0.13196561394951836,0.07943607719496487,True
cross_segment,zip_code,865xx,7,2,8.681201478284595e-05,6.0968174612852094e-05,0.14285714285714285,0.0,0.1636406478656646,0.13196561394951836,-0.020783505008521747,-0.13196561394951836,0.11118210894099662,True
cross_segment,zip_code,743xx,15,7,0.0001860257459632413,0.00021338861114498232,0.13333333333333333,0.14285714285714285,0.1636406478656646,0.13196561394951836,-0.030307314532331264,0.010891528907624487,0.04119884343995575,True
cross_segment,zip_code,259xx,11,2,0.00013641888037304364,6.0968174612852094e-05,0.09090909090909091,0.5,0.1636406478656646,0.13196561394951836,-0.07273155695657368,0.36803438605048167,0.44076594300705535,True
cross_segment,zip_code,745xx,12,5,0.00014882059677059304,0.00015242043653213022,0.25,0.0,0.1636406478656646,0.13196561394951836,0.0863593521343354,-0.13196561394951836,0.21832496608385377,True
cross_segment,zip_code,249xx,15,6,0.0001860257459632413,0.00018290452383855628,0.06666666666666667,0.0,0.1636406478656646,0.13196561394951836,-0.09697398119899793,-0.13196561394951836,0.03499163275052043,True
cross_segment,zip_code,963xx,5,0,6.20085819877471e-05,0.0,0.2,,0.1636406478656646,0.13196561394951836,0.036359352134335415,,,True
cross_segment,zip_code,425xx,8,4,9.921373118039536e-05,0.00012193634922570419,0.25,0.25,0.1636406478656646,0.13196561394951836,0.0863593521343354,0.11803438605048164,0.031675033916146234,True
cross_segment,zip_code,746xx,4,5,4.960686559019768e-05,0.00015242043653213022,0.25,0.2,0.1636406478656646,0.13196561394951836,0.0863593521343354,0.06803438605048165,0.018324966083853755,True
cross_segment,zip_code,059xx,1,1,1.240171639754942e-05,3.0484087306426047e-05,0.0,0.0,0.1636406478656646,0.13196561394951836,-0.1636406478656646,-0.13196561394951836,0.031675033916146234,True
cross_segment,zip_code,590xx,14,9,0.0001736240295656919,0.0002743567857578344,0.07142857142857142,0.0,0.1636406478656646,0.13196561394951836,-0.09221207643709317,-0.13196561394951836,0.03975353751242519,True
cross_segment,zip_code,090xx,4,0,4.960686559019768e-05,0.0,0.5,,0.1636406478656646,0.13196561394951836,0.33635935213433543,,,True
cross_segment,zip_code,883xx,12,7,0.00014882059677059304,0.00021338861114498232,0.25,0.2857142857142857,0.1636406478656646,0.13196561394951836,0.0863593521343354,0.15374867176476734,0.06738931963043193,True
cross_segment,zip_code,502xx,1,0,1.240171639754942e-05,0.0,1.0,,0.1636406478656646,0.13196561394951836,0.8363593521343354,,,True
cross_segment,zip_code,412xx,8,2,9.921373118039536e-05,6.0968174612852094e-05,0.375,0.0,0.1636406478656646,0.13196561394951836,0.2113593521343354,-0.13196561394951836,0.34332496608385377,True
cross_segment,zip_code,413xx,6,2,7.441029838529652e-05,6.0968174612852094e-05,0.16666666666666666,0.0,0.1636406478656646,0.13196561394951836,0.0030260188010020617,-0.13196561394951836,0.13499163275052042,True
cross_segment,zip_code,845xx,10,4,0.0001240171639754942,0.00012193634922570419,0.0,0.25,0.1636406478656646,0.13196561394951836,-0.1636406478656646,0.11803438605048164,0.28167503391614623,True
cross_segment,zip_code,386xx,1,0,1.240171639754942e-05,0.0,0.0,,0.1636406478656646,0.13196561394951836,-0.1636406478656646,,,True
cross_segment,zip_code,575xx,7,2,8.681201478284595e-05,6.0968174612852094e-05,0.14285714285714285,0.0,0.1636406478656646,0.13196561394951836,-0.020783505008521747,-0.13196561394951836,0.11118210894099662,True
cross_segment,zip_code,621xx,1,0,1.240171639754942e-05,0.0,0.0,,0.1636406478656646,0.13196561394951836,-0.1636406478656646,,,True
cross_segment,zip_code,527xx,1,0,1.240171639754942e-05,0.0,0.0,,0.1636406478656646,0.13196561394951836,-0.1636406478656646,,,True
cross_segment,zip_code,736xx,7,5,8.681201478284595e-05,0.00015242043653213022,0.2857142857142857,0.2,0.1636406478656646,0.13196561394951836,0.1220736378486211,0.06803438605048165,0.054039251798139454,True
cross_segment,zip_code,768xx,11,9,0.00013641888037304364,0.0002743567857578344,0.09090909090909091,0.1111111111111111,0.1636406478656646,0.13196561394951836,-0.07273155695657368,-0.020854502838407257,0.05187705411816643,True
cross_segment,zip_code,417xx,4,0,4.960686559019768e-05,0.0,0.25,,0.1636406478656646,0.13196561394951836,0.0863593521343354,,,True
cross_segment,zip_code,823xx,7,3,8.681201478284595e-05,9.145226191927814e-05,0.14285714285714285,0.0,0.1636406478656646,0.13196561394951836,-0.020783505008521747,-0.13196561394951836,0.11118210894099662,True
cross_segment,zip_code,390xx,1,0,1.240171639754942e-05,0.0,0.0,,0.1636406478656646,0.13196561394951836,-0.1636406478656646,,,True
cross_segment,zip_code,091xx,1,0,1.240171639754942e-05,0.0,0.0,,0.1636406478656646,0.13196561394951836,-0.1636406478656646,,,True
cross_segment,zip_code,415xx,6,3,7.441029838529652e-05,9.145226191927814e-05,0.6666666666666666,0.0,0.1636406478656646,0.13196561394951836,0.5030260188010021,-0.13196561394951836,0.6349916327505204,True
cross_segment,zip_code,332xx,3,5,3.720514919264826e-05,0.00015242043653213022,0.0,0.4,0.1636406478656646,0.13196561394951836,-0.1636406478656646,0.2680343860504817,0.43167503391614626,True
cross_segment,zip_code,838xx,1,0,1.240171639754942e-05,0.0,0.0,,0.1636406478656646,0.13196561394951836,-0.1636406478656646,,,True
cross_segment,zip_code,036xx,2,5,2.480343279509884e-05,0.00015242043653213022,0.0,0.2,0.1636406478656646,0.13196561394951836,-0.1636406478656646,0.06803438605048165,0.23167503391614624,True
cross_segment,zip_code,834xx,1,0,1.240171639754942e-05,0.0,0.0,,0.1636406478656646,0.13196561394951836,-0.1636406478656646,,,True
cross_segment,zip_code,414xx,1,1,1.240171639754942e-05,3.0484087306426047e-05,0.0,0.0,0.1636406478656646,0.13196561394951836,-0.1636406478656646,-0.13196561394951836,0.031675033916146234,True
cross_segment,zip_code,962xx,1,0,1.240171639754942e-05,0.0,0.0,,0.1636406478656646,0.13196561394951836,-0.1636406478656646,,,True
cross_segment,zip_code,394xx,1,0,1.240171639754942e-05,0.0,0.0,,0.1636406478656646,0.13196561394951836,-0.1636406478656646,,,True
cross_segment,zip_code,669xx,2,5,2.480343279509884e-05,0.00015242043653213022,0.0,0.2,0.1636406478656646,0.13196561394951836,-0.1636406478656646,0.06803438605048165,0.23167503391614624,True
cross_segment,zip_code,753xx,1,2,1.240171639754942e-05,6.0968174612852094e-05,0.0,0.5,0.1636406478656646,0.13196561394951836,-0.1636406478656646,0.36803438605048167,0.5316750339161462,True
cross_segment,zip_code,576xx,1,0,1.240171639754942e-05,0.0,0.0,,0.1636406478656646,0.13196561394951836,-0.1636406478656646,,,True
cross_segment,zip_code,878xx,1,3,1.240171639754942e-05,9.145226191927814e-05,1.0,0.0,0.1636406478656646,0.13196561394951836,0.8363593521343354,-0.13196561394951836,0.9683249660838538,True
cross_segment,zip_code,369xx,1,1,1.240171639754942e-05,3.0484087306426047e-05,0.0,0.0,0.1636406478656646,0.13196561394951836,-0.1636406478656646,-0.13196561394951836,0.031675033916146234,True
cross_segment,zip_code,395xx,1,0,1.240171639754942e-05,0.0,1.0,,0.1636406478656646,0.13196561394951836,0.8363593521343354,,,True
cross_segment,zip_code,289xx,1,3,1.240171639754942e-05,9.145226191927814e-05,1.0,0.0,0.1636406478656646,0.13196561394951836,0.8363593521343354,-0.13196561394951836,0.9683249660838538,True
temporal_noise_baseline,emp_length,10+ years,22860,22939,0.33915907539835616,0.340331147443696,0.15126859142607174,0.1500065390819129,0.15595976380522833,0.15595976380522833,-0.0046911723791565885,-0.005953224723315442,0.0012620523441588538,False
temporal_noise_baseline,emp_length,8 years,3401,3266,0.05045844336963295,0.04845553544405211,0.1590708615113202,0.15860379669320268,0.15595976380522833,0.15595976380522833,0.0031110977060918588,0.0026440328879743513,0.00046706481811750744,False
temporal_noise_baseline,emp_length,< 1 year,4560,4523,0.06765377881961959,0.06710483368446041,0.16447368421052633,0.15343798363917754,0.15595976380522833,0.15595976380522833,0.008513920405297998,-0.0025217801660507855,0.011035700571348783,False
temporal_noise_baseline,emp_length,5 years,4906,4821,0.07278715765110827,0.07152606747574256,0.1547085201793722,0.15100601534951255,0.15595976380522833,0.15595976380522833,-0.00125124362585613,-0.0049537484557157785,0.0037025048298596486,False
temporal_noise_baseline,emp_length,1 year,3858,3924,0.057238657606599214,0.05821785703688318,0.15370658372213583,0.1480632008154944,0.15595976380522833,0.15595976380522833,-0.0022531800830924986,-0.00789656298973393,0.005643382906641431,False
temporal_noise_baseline,emp_length,4 years,3513,3371,0.05212011513011483,0.05001335271950387,0.1534301167093652,0.15218036191041234,0.15595976380522833,0.15595976380522833,-0.002529647095863119,-0.003779401894815987,0.001249754798952868,False
temporal_noise_baseline,emp_length,9 years,2662,2556,0.03949437702145337,0.0379217233909973,0.16190833959429002,0.1674491392801252,0.15595976380522833,0.15595976380522833,0.005948575789061689,0.011489375474896868,0.005540799685835179,False
temporal_noise_baseline,emp_length,6 years,3964,4211,0.05881131123705528,0.06247589092311801,0.156912209889001,0.1686060318214201,0.15595976380522833,0.15595976380522833,0.0009524460837726789,0.012646268016191758,0.01169382193241908,False
temporal_noise_baseline,emp_length,2 years,5632,5607,0.08355835138423193,0.08318744250912435,0.1473721590909091,0.15997859818084537,0.15595976380522833,0.15595976380522833,-0.008587604714319241,0.004018834375617036,0.012606439089936278,False
temporal_noise_baseline,emp_length,3 years,5050,5045,0.07492359277172785,0.07484941099670633,0.1495049504950495,0.15262636273538158,0.15595976380522833,0.15595976380522833,-0.006454813310178831,-0.003333401069846753,0.0031214122403320776,False
temporal_noise_baseline,emp_length,7 years,4016,4157,0.05958280169727901,0.06167472775288567,0.15836653386454183,0.1556410873225884,0.15595976380522833,0.15595976380522833,0.002406770059313501,-0.000318676482639918,0.002725446541953419,False
temporal_noise_baseline,emp_length,NI,2980,2982,0.04421233791282158,0.04424201062283018,0.20067114093959731,0.19617706237424548,0.15595976380522833,0.15595976380522833,0.044711377134368985,0.04021729856901715,0.004494078565351833,False
temporal_noise_baseline,purpose,debt_consolidation,40285,40349,0.597682561348328,0.5986320880686034,0.16274047412188158,0.16453939378918933,0.15595976380522833,0.15595976380522833,0.0067807103166532545,0.008579629983961001,0.0017989196673077468,False
temporal_noise_baseline,purpose,credit_card,16392,16412,0.2431975312305273,0.24349425833061333,0.13543191800878476,0.12850353399951256,0.15595976380522833,0.15595976380522833,-0.020527845796443567,-0.02745622980571577,0.006928384009272204,False
temporal_noise_baseline,purpose,major_purchase,1123,1175,0.016661226669831757,0.017432717130055488,0.12822796081923418,0.1302127659574468,0.15595976380522833,0.15595976380522833,-0.027731802985994147,-0.025746997847781533,0.001984805138212614,False
temporal_noise_baseline,purpose,other,2886,2956,0.042817720542417136,0.043856265392718315,0.19507969507969508,0.19350473612990526,0.15595976380522833,0.15595976380522833,0.03911993127446675,0.037544972324676934,0.0015749589497898175,False
temporal_noise_baseline,purpose,small_business,692,667,0.01026675766297736,0.009895848787869796,0.24566473988439305,0.2698650674662669,0.15595976380522833,0.15595976380522833,0.08970497607916472,0.11390530366103854,0.02420032758187382,False
temporal_noise_baseline,purpose,home_improvement,3742,3661,0.055517640426100114,0.05431589567075161,0.136825227151256,0.1469543840480743,0.15595976380522833,0.15595976380522833,-0.01913453665397233,-0.009005379757154042,0.010129156896818287,False
temporal_noise_baseline,purpose,car,517,533,0.007670395537224415,0.007907777217293256,0.11411992263056092,0.1200750469043152,0.15595976380522833,0.15595976380522833,-0.04183984117466741,-0.03588471690091313,0.005955124273754275,False
temporal_noise_baseline,purpose,house,365,310,0.005415269576570428,0.004599270051333789,0.13150684931506848,0.14193548387096774,0.15595976380522833,0.15595976380522833,-0.02445291449015985,-0.014024279934260586,0.010428634555899263,False
temporal_noise_baseline,purpose,medical,438,451,0.0064983234918845134,0.006691196106940447,0.1917808219178082,0.1662971175166297,0.15595976380522833,0.15595976380522833,0.03582105811257988,0.010337353711401376,0.025483704401178503,False
temporal_noise_baseline,purpose,vacation,304,261,0.004510251921307973,0.003872288656122964,0.1611842105263158,0.14942528735632185,0.15595976380522833,0.15595976380522833,0.005224446721087461,-0.006534476448906479,0.01175892316999394,False
temporal_noise_baseline,purpose,wedding,316,279,0.004688288181359603,0.004139343046200409,0.12974683544303797,0.17921146953405018,0.15595976380522833,0.15595976380522833,-0.026212928362190357,0.023251705728821848,0.049464634091012205,False
temporal_noise_baseline,purpose,moving,314,325,0.004658615471350999,0.004821815376398327,0.1942675159235669,0.1476923076923077,0.15595976380522833,0.15595976380522833,0.03830775211833856,-0.008267456112920624,0.046575208231259185,False
temporal_noise_baseline,purpose,renewable_energy,28,23,0.00041541794012047123,0.0003412361650989585,0.17857142857142858,0.043478260869565216,0.15595976380522833,0.15595976380522833,0.022611664766200246,-0.11248150293566311,0.13509316770186336,True
temporal_noise_baseline,home_ownership_n,MORTGAGE,35895,36166,0.5325509628794398,0.5365716150856058,0.14107814458838278,0.14143117845490238,0.15595976380522833,0.15595976380522833,-0.014881619216845554,-0.014528585350325945,0.00035303386651960866,False
temporal_noise_baseline,home_ownership_n,RENT,25782,25713,0.38251090472092814,0.38148719622563126,0.17620820727639439,0.17617547544043868,0.15595976380522833,0.15595976380522833,0.020248443471166055,0.020215711635210354,3.2731835955701616e-05,False
temporal_noise_baseline,home_ownership_n,OWN,5725,5523,0.08493813239963206,0.08194118868876295,0.15807860262008733,0.15697990222705052,0.15595976380522833,0.15595976380522833,0.0021188388148589976,0.001020138421822192,0.0010987003930368056,False
temporal_noise_baseline,addr_state,FL,4468,4389,0.06628883415922376,0.06511676211388386,0.1680841539838854,0.177261335156072,0.15595976380522833,0.15595976380522833,0.012124390178657074,0.02130157135084368,0.009177181172186605,False
temporal_noise_baseline,addr_state,GA,2130,2106,0.031601436159164414,0.031245363639061156,0.14460093896713616,0.13105413105413105,0.15595976380522833,0.15595976380522833,-0.011358824838092169,-0.02490563275109728,0.01354680791300511,False
temporal_noise_baseline,addr_state,CT,1023,1018,0.015177591169401502,0.015103409394379989,0.13685239491691104,0.1581532416502947,0.15595976380522833,0.15595976380522833,-0.019107368888317294,0.0021934778450663772,0.02130084673338367,False
temporal_noise_baseline,addr_state,MD,1559,1546,0.023129877451707664,0.02293700483665173,0.15907633098139834,0.16623544631306597,0.15595976380522833,0.15595976380522833,0.0031165671761700098,0.010275682507837641,0.0071591153316676315,False
temporal_noise_baseline,addr_state,CA,10811,10655,0.1603958339515148,0.1580813625708436,0.1436499861252428,0.14781792585640544,0.15595976380522833,0.15595976380522833,-0.012309777679985534,-0.008141837948822894,0.00416793973116264,False
temporal_noise_baseline,addr_state,PA,2263,2336,0.03357467137473665,0.03465772529005074,0.16173221387538667,0.16695205479452055,0.15595976380522833,0.15595976380522833,0.005772450070158336,0.01099229098929222,0.0052198409191338835,False
temporal_noise_baseline,addr_state,IL,2632,2634,0.03904928637132429,0.039078959081332895,0.14779635258358662,0.13933181473044798,0.15595976380522833,0.15595976380522833,-0.008163411221641714,-0.01662794907478035,0.008464537853138637,False
temporal_noise_baseline,addr_state,LA,821,793,0.012180647458532388,0.011765229518411916,0.1705237515225335,0.17906683480453972,0.15595976380522833,0.15595976380522833,0.01456398771730516,0.02310707099931139,0.00854308328200623,False
temporal_noise_baseline,addr_state,TX,5184,5107,0.07691166434230438,0.07576926500697309,0.14660493827160495,0.13941648717446642,0.15595976380522833,0.15595976380522833,-0.009354825533623379,-0.01654327663076191,0.007188451097138532,False
temporal_noise_baseline,addr_state,NY,5494,5657,0.08151093439363817,0.08392926025933949,0.1683654896250455,0.1702315715043309,0.15595976380522833,0.15595976380522833,0.012405725819817165,0.014271807699102579,0.001866081879285414,False
temporal_noise_baseline,addr_state,VA,2049,2048,0.03039969140381591,0.030384855048811606,0.168862859931674,0.15771484375,0.15595976380522833,0.15595976380522833,0.012903096126445662,0.0017550799447716703,0.011148016181673992,False
temporal_noise_baseline,addr_state,AR,496,502,0.007358832082134061,0.007447850212159876,0.18548387096774194,0.1593625498007968,0.15595976380522833,0.15595976380522833,0.029524107162513608,0.0034027859955684803,0.026121321166945127,False
temporal_noise_baseline,addr_state,OH,2132,2213,0.03163110886917302,0.03283285362452153,0.1805816135084428,0.15860822413014009,0.15595976380522833,0.15595976380522833,0.02462184970321446,0.0026484603249117555,0.021973389378302705,False
temporal_noise_baseline,addr_state,KY,616,624,0.009139194682650367,0.009257885522684786,0.16558441558441558,0.16826923076923078,0.15595976380522833,0.15595976380522833,0.009624651779187254,0.012309466964002452,0.002684815184815198,False
temporal_noise_baseline,addr_state,UT,540,559,0.008011631702323373,0.008293522447405121,0.15185185185185185,0.13595706618962433,0.15595976380522833,0.15595976380522833,-0.004107911953376481,-0.020002697615603998,0.015894785662227517,False
temporal_noise_baseline,addr_state,NC,1858,1968,0.027565947597994123,0.029197946648467404,0.17761033369214208,0.16310975609756098,0.15595976380522833,0.15595976380522833,0.021650569886913745,0.007149992292332652,0.014500577594581093,False
temporal_noise_baseline,addr_state,NJ,2581,2531,0.03829263226610486,0.037550814515889736,0.17783804726850058,0.17423943105491901,0.15595976380522833,0.15595976380522833,0.021878283463272252,0.018279667249690684,0.003598616213581568,False
temporal_noise_baseline,addr_state,DE,180,176,0.0026705439007744577,0.0026111984807572477,0.16111111111111112,0.1590909090909091,0.15595976380522833,0.15595976380522833,0.005151347305882792,0.0031311452856807587,0.002020202020202033,False
temporal_noise_baseline,addr_state,MO,1062,1050,0.0157562090145693,0.01557817275451767,0.16101694915254236,0.16095238095238096,0.15595976380522833,0.15595976380522833,0.0050571853473140305,0.004992617147152628,6.45682001614023e-05,False
temporal_noise_baseline,addr_state,NM,370,370,0.005489451351591941,0.005489451351591941,0.15675675675675677,0.16486486486486487,0.15595976380522833,0.15595976380522833,0.0007969929515284357,0.008905101059636544,0.008108108108108109,False
temporal_noise_baseline,addr_state,MN,1175,1170,0.017432717130055488,0.017358535355033976,0.13446808510638297,0.1564102564102564,0.15595976380522833,0.15595976380522833,-0.021491678698845357,0.00045049260502808,0.021942171303873437,False
temporal_noise_baseline,addr_state,SC,748,745,0.011097593543218301,0.011053084478205395,0.11497326203208556,0.13288590604026845,0.15595976380522833,0.15595976380522833,-0.04098650177314277,-0.023073857764959876,0.01791264400818289,False
temporal_noise_baseline,addr_state,AL,851,793,0.012625738108661464,0.011765229518411916,0.1762632197414806,0.19419924337957126,0.15595976380522833,0.15595976380522833,0.020303455936252268,0.03823947957434293,0.01793602363809066,False
temporal_noise_baseline,addr_state,CO,1419,1533,0.02105278775110531,0.022744132221595798,0.11557434813248767,0.12524461839530332,0.15595976380522833,0.15595976380522833,-0.04038541567274066,-0.03071514540992501,0.009670270262815653,False
temporal_noise_baseline,addr_state,TN,1041,1005,0.015444645559478947,0.014910536779324055,0.19116234390009607,0.19303482587064677,0.15595976380522833,0.15595976380522833,0.035202580094867736,0.03707506206541844,0.0018724819705507045,False
temporal_noise_baseline,addr_state,MT,198,209,0.0029375982908519034,0.0031007981958992314,0.08080808080808081,0.13875598086124402,0.15595976380522833,0.15595976380522833,-0.07515168299714751,-0.017203782943984308,0.05794790005316321,False
temporal_noise_baseline,addr_state,OK,625,614,0.00927272187768909,0.009109521972641761,0.168,0.19381107491856678,0.15595976380522833,0.15595976380522833,0.01204023619477168,0.03785131111333845,0.025811074918566768,False
temporal_noise_baseline,addr_state,NV,962,1014,0.014272573514139046,0.015044063974362778,0.18087318087318088,0.1893491124260355,0.15595976380522833,0.15595976380522833,0.024913417067952554,0.03338934862080717,0.008475931552854615,False
temporal_noise_baseline,addr_state,AZ,1534,1543,0.022758968576600102,0.022892495771638825,0.15058670143415906,0.152300712896954,0.15595976380522833,0.15595976380522833,-0.00537306237106927,-0.0036590509082743417,0.0017140114627949288,False
temporal_noise_baseline,addr_state,WA,1624,1659,0.024094240526987328,0.024613512952137918,0.13977832512315272,0.13381555153707053,0.15595976380522833,0.15595976380522833,-0.01618143868207561,-0.022144212268157798,0.005962773586082187,False
temporal_noise_baseline,addr_state,OR,954,951,0.014153882674104626,0.014109373609091718,0.14465408805031446,0.12302839116719243,0.15595976380522833,0.15595976380522833,-0.011305675754913869,-0.0329313726380359,0.021625696883122034,False
temporal_noise_baseline,addr_state,AK,195,194,0.0028930892258389957,0.0028782528708346934,0.13846153846153847,0.13917525773195877,0.15595976380522833,0.15595976380522833,-0.01749822534368986,-0.01678450607326956,0.0007137192704202988,False
temporal_noise_baseline,addr_state,MA,1497,1534,0.022210023441440907,0.022758968576600102,0.15831663326653306,0.14797913950456323,0.15595976380522833,0.15595976380522833,0.002356869461304728,-0.007980624300665096,0.010337493761969824,False
temporal_noise_baseline,addr_state,MI,1711,1628,0.02538500341236165,0.02415358594700454,0.16598480420806547,0.1676904176904177,0.15595976380522833,0.15595976380522833,0.010025040402837138,0.011730653885189374,0.0017056134823522362,False
temporal_noise_baseline,addr_state,IN,1122,1154,0.016646390314827453,0.017121153674965136,0.17914438502673796,0.1681109185441941,0.15595976380522833,0.15595976380522833,0.023184621221509633,0.012151154738965775,0.011033466482543858,False
temporal_noise_baseline,addr_state,HI,399,395,0.005919705646716715,0.005860360226699505,0.16290726817042606,0.17974683544303796,0.15595976380522833,0.15595976380522833,0.006947504365197726,0.02378707163780963,0.016839567272611905,False
temporal_noise_baseline,addr_state,WI,854,832,0.01267024717367437,0.012343847363579716,0.15690866510538642,0.14783653846153846,0.15595976380522833,0.15595976380522833,0.0009489013001580948,-0.008123225343689866,0.00907212664384796,False
temporal_noise_baseline,addr_state,DC,236,159,0.0035013797810154,0.0023589804456841043,0.1271186440677966,0.08176100628930817,0.15595976380522833,0.15595976380522833,-0.028841119737431725,-0.07419875751592016,0.04535763777848843,False
temporal_noise_baseline,addr_state,WY,157,175,0.0023293077356754993,0.002596362125752945,0.10828025477707007,0.14285714285714285,0.15595976380522833,0.15595976380522833,-0.04767950902815826,-0.01310262094808548,0.03457688808007278,False
temporal_noise_baseline,addr_state,VT,97,78,0.0014391264354173467,0.0011572356903355983,0.09278350515463918,0.11538461538461539,0.15595976380522833,0.15595976380522833,-0.06317625865058915,-0.04057514842061294,0.022601110229976212,True
temporal_noise_baseline,addr_state,KS,668,620,0.009910685142874099,0.009198540102667577,0.1317365269461078,0.1435483870967742,0.15595976380522833,0.15595976380522833,-0.024223236859120534,-0.01241137670845413,0.011811860150666403,False
temporal_noise_baseline,addr_state,SD,141,146,0.0020919260556066586,0.0021661078306281713,0.18439716312056736,0.1780821917808219,0.15595976380522833,0.15595976380522833,0.028437399315339035,0.022122427975593578,0.0063149713397454565,False
temporal_noise_baseline,addr_state,NH,313,327,0.004643779116346696,0.004851488086406931,0.09584664536741214,0.13149847094801223,0.15595976380522833,0.15595976380522833,-0.06011311843781619,-0.0244612928572161,0.035651825580600094,False
temporal_noise_baseline,addr_state,WV,337,355,0.004999851636449957,0.005266906026527403,0.11869436201780416,0.11830985915492957,0.15595976380522833,0.15595976380522833,-0.03726540178742417,-0.03764990465029876,0.0003845028628745861,False
temporal_noise_baseline,addr_state,RI,271,284,0.004020652206165989,0.004213524821221922,0.15129151291512916,0.1267605633802817,0.15595976380522833,0.15595976380522833,-0.004668250890099174,-0.029199200424946642,0.024530949534847468,False
temporal_noise_baseline,addr_state,MS,2,0,2.9672710008605084e-05,0.0,0.5,,0.15595976380522833,0.15595976380522833,0.34404023619477164,,,True
temporal_noise_baseline,addr_state,ID,1,1,1.4836355004302542e-05,1.4836355004302542e-05,0.0,0.0,0.15595976380522833,0.15595976380522833,-0.15595976380522833,-0.15595976380522833,0.0,True
temporal_noise_baseline,addr_state,NE,1,1,1.4836355004302542e-05,1.4836355004302542e-05,0.0,1.0,0.15595976380522833,0.15595976380522833,-0.15595976380522833,0.8440402361947716,1.0,True
temporal_noise_baseline,zip_code,349xx,96,109,0.0014242900804130442,0.0016171626954689772,0.21875,0.2018348623853211,0.15595976380522833,0.15595976380522833,0.06279023619477167,0.04587509858009278,0.016915137614678888,True
temporal_noise_baseline,zip_code,302xx,211,196,0.0031304709059078364,0.0029079255808432984,0.1848341232227488,0.1377551020408163,0.15595976380522833,0.15595976380522833,0.02887435941752048,-0.018204661764412017,0.047079021181932496,False
temporal_noise_baseline,zip_code,067xx,87,102,0.0012907628853743212,0.0015133082104388594,0.11494252873563218,0.17647058823529413,0.15595976380522833,0.15595976380522833,-0.04101723506959615,0.0205108244300658,0.06152805949966195,True
temporal_noise_baseline,zip_code,212xx,259,255,0.0038426159461143585,0.0037832705260971485,0.14671814671814673,0.16862745098039217,0.15595976380522833,0.15595976380522833,-0.0092416170870816,0.012667687175163839,0.021909304262245438,False
temporal_noise_baseline,zip_code,948xx,39,47,0.0005786178451677992,0.0006973086852022195,0.15384615384615385,0.2127659574468085,0.15595976380522833,0.15595976380522833,-0.002113609959074475,0.05680619364158018,0.05891980360065466,True
temporal_noise_baseline,zip_code,150xx,99,83,0.0014687991454259517,0.001231417465357111,0.15151515151515152,0.21686746987951808,0.15595976380522833,0.15595976380522833,-0.00444461229007681,0.06090770607428975,0.06535231836436656,True
temporal_noise_baseline,zip_code,902xx,325,304,0.004821815376398327,0.004510251921307973,0.13230769230769232,0.19736842105263158,0.15595976380522833,0.15595976380522833,-0.02365207149753601,0.04140865724740325,0.06506072874493926,False
temporal_noise_baseline,zip_code,625xx,24,30,0.00035607252010326105,0.0004450906501290763,0.125,0.2,0.15595976380522833,0.15595976380522833,-0.03095976380522833,0.04404023619477168,0.07500000000000001,True
temporal_noise_baseline,zip_code,705xx,110,98,0.0016319990504732797,0.0014539627904216492,0.14545454545454545,0.1836734693877551,0.15595976380522833,0.15595976380522833,-0.010505218350682882,0.027713705582526782,0.038218923933209664,True
temporal_noise_baseline,zip_code,750xx,739,703,0.010964066348179579,0.010429957568024688,0.15426251691474965,0.15220483641536273,0.15595976380522833,0.15595976380522833,-0.0016972468904786764,-0.0037549273898656033,0.002057680499386927,False
temporal_noise_baseline,zip_code,172xx,29,26,0.00043025429512477377,0.00038574523011186614,0.20689655172413793,0.23076923076923078,0.15595976380522833,0.15595976380522833,0.0509367879189096,0.07480946696400245,0.023872679045092854,True
temporal_noise_baseline,zip_code,924xx,45,37,0.0006676359751936144,0.0005489451351591941,0.24444444444444444,0.13513513513513514,0.15595976380522833,0.15595976380522833,0.0884846806392161,-0.020824628670093187,0.1093093093093093,True
temporal_noise_baseline,zip_code,958xx,273,290,0.004050324916174595,0.004302542951247737,0.15384615384615385,0.16551724137931034,0.15595976380522833,0.15595976380522833,-0.002113609959074475,0.009557477574082013,0.011671087533156488,False
temporal_noise_baseline,zip_code,105xx,185,177,0.0027447256757959703,0.00262603483576155,0.24864864864864866,0.15819209039548024,0.15595976380522833,0.15595976380522833,0.09268888484342033,0.0022323265902519096,0.09045655825316842,False
temporal_noise_baseline,zip_code,201xx,330,324,0.004895997151419839,0.004806979021394024,0.11818181818181818,0.10802469135802469,0.15595976380522833,0.15595976380522833,-0.03777794562341015,-0.047935072447203644,0.010157126823793494,False
temporal_noise_baseline,zip_code,724xx,23,36,0.0003412361650989585,0.0005341087801548916,0.08695652173913043,0.2222222222222222,0.15595976380522833,0.15595976380522833,-0.0690032420660979,0.06626245841699388,0.13526570048309178,True
temporal_noise_baseline,zip_code,799xx,144,201,0.0021364351206195663,0.002982107355864811,0.24305555555555555,0.17412935323383086,0.15595976380522833,0.15595976380522833,0.08709579175032722,0.01816958942860253,0.0689262023217247,False
temporal_noise_baseline,zip_code,446xx,60,78,0.0008901813002581526,0.0011572356903355983,0.23333333333333334,0.16666666666666666,0.15595976380522833,0.15595976380522833,0.07737356952810501,0.010706902861438328,0.06666666666666668,True
temporal_noise_baseline,zip_code,600xx,309,315,0.004584433696329486,0.004673451826355301,0.13915857605177995,0.16825396825396827,0.15595976380522833,0.15595976380522833,-0.016801187753448382,0.012294204448739937,0.02909539220218832,False
temporal_noise_baseline,zip_code,330xx,507,436,0.007522031987181389,0.006468650781875909,0.15779092702169625,0.16743119266055045,0.15595976380522833,0.15595976380522833,0.0018311632164679237,0.011471428855322124,0.0096402656388542,False
temporal_noise_baseline,zip_code,411xx,9,11,0.0001335271950387229,0.00016319990504732798,0.1111111111111111,0.0,0.15595976380522833,0.15595976380522833,-0.044848652694117225,-0.15595976380522833,0.1111111111111111,True
temporal_noise_baseline,zip_code,402xx,115,123,0.0017061808254947924,0.0018248716655292127,0.20869565217391303,0.16260162601626016,0.15595976380522833,0.15595976380522833,0.0527358883686847,0.006641862211031829,0.04609402615765287,False
temporal_noise_baseline,zip_code,840xx,286,288,0.004243197531230527,0.004272870241239133,0.1888111888111888,0.13194444444444445,0.15595976380522833,0.15595976380522833,0.03285142500596047,-0.024015319360783882,0.056866744366744354,False
temporal_noise_baseline,zip_code,245xx,66,66,0.0009791994302839678,0.0009791994302839678,0.13636363636363635,0.16666666666666666,0.15595976380522833,0.15595976380522833,-0.019596127441591976,0.010706902861438328,0.030303030303030304,True
temporal_noise_baseline,zip_code,956xx,372,332,0.005519124061600546,0.004925669861428444,0.10215053763440861,0.1566265060240964,0.15595976380522833,0.15595976380522833,-0.05380922617081972,0.0006667422188680605,0.05447596838968778,False
temporal_noise_baseline,zip_code,951xx,322,364,0.004777306311385419,0.005400433221566125,0.12732919254658384,0.15384615384615385,0.15595976380522833,0.15595976380522833,-0.028630571258644488,-0.002113609959074475,0.026516961299570013,False
temporal_noise_baseline,zip_code,917xx,557,493,0.008263849737396516,0.007314323017121154,0.15080789946140036,0.1643002028397566,0.15595976380522833,0.15595976380522833,-0.005151864343827972,0.008340439034528274,0.013492303378356246,False
temporal_noise_baseline,zip_code,900xx,602,578,0.00893148571259013,0.00857541319248687,0.15448504983388706,0.16089965397923875,0.15595976380522833,0.15595976380522833,-0.0014747139713412738,0.0049398901740104195,0.006414604145351693,False
temporal_noise_baseline,zip_code,700xx,119,127,0.0017655262455120026,0.001884217085546423,0.20168067226890757,0.1732283464566929,0.15595976380522833,0.15595976380522833,0.04572090846367924,0.01726858265146458,0.028452325812214657,False
temporal_noise_baseline,zip_code,120xx,98,107,0.0014539627904216492,0.001587489985460372,0.11224489795918367,0.205607476635514,0.15595976380522833,0.15595976380522833,-0.043714865846044657,0.049647712830285684,0.09336257867633034,True
temporal_noise_baseline,zip_code,941xx,355,330,0.005266906026527403,0.004895997151419839,0.10704225352112676,0.10303030303030303,0.15595976380522833,0.15595976380522833,-0.04891751028410157,-0.0529294607749253,0.004011950490823729,False
temporal_noise_baseline,zip_code,276xx,116,139,0.001721017180499095,0.0020622533455980536,0.1896551724137931,0.1510791366906475,0.15595976380522833,0.15595976380522833,0.033695408608564764,-0.004880627114580843,0.03857603572314561,False
temporal_noise_baseline,zip_code,086xx,67,60,0.0009940357852882703,0.0008901813002581526,0.14925373134328357,0.25,0.15595976380522833,0.15595976380522833,-0.006706032461944761,0.09404023619477167,0.10074626865671643,True
temporal_noise_baseline,zip_code,198xx,34,45,0.0005044360701462865,0.0006676359751936144,0.14705882352941177,0.13333333333333333,0.15595976380522833,0.15595976380522833,-0.00890094027581656,-0.022626430471894998,0.013725490196078438,True
temporal_noise_baseline,zip_code,405xx,61,69,0.0009050176552624551,0.0010237084952968755,0.04918032786885246,0.08695652173913043,0.15595976380522833,0.15595976380522833,-0.10677943593637587,-0.0690032420660979,0.037776193870277974,True
temporal_noise_baseline,zip_code,928xx,377,330,0.005593305836622059,0.004895997151419839,0.13793103448275862,0.13636363636363635,0.15595976380522833,0.15595976380522833,-0.01802872932246971,-0.019596127441591976,0.0015673981191222652,False
temporal_noise_baseline,zip_code,925xx,383,391,0.005682323966647874,0.005801014806682294,0.1514360313315927,0.12276214833759591,0.15595976380522833,0.15595976380522833,-0.004523732473635633,-0.03319761546763242,0.028673882993996785,False
temporal_noise_baseline,zip_code,794xx,55,59,0.0008159995252366399,0.00087534494525385,0.09090909090909091,0.1694915254237288,0.15595976380522833,0.15595976380522833,-0.06505067289613742,0.013531761618500476,0.0785824345146379,True
temporal_noise_baseline,zip_code,640xx,135,126,0.0020029079255808433,0.0018693807305421204,0.1259259259259259,0.1349206349206349,0.15595976380522833,0.15595976380522833,-0.030033837879302416,-0.021039128884593417,0.008994708994709,False
temporal_noise_baseline,zip_code,335xx,187,190,0.0027743983858045753,0.002818907450817483,0.2192513368983957,0.1736842105263158,0.15595976380522833,0.15595976380522833,0.06329157309316738,0.017724446721087472,0.04556712637207991,False
temporal_noise_baseline,zip_code,916xx,83,87,0.001231417465357111,0.0012907628853743212,0.21686746987951808,0.21839080459770116,0.15595976380522833,0.15595976380522833,0.06090770607428975,0.06243104079247283,0.0015233347181830836,True
temporal_noise_baseline,zip_code,283xx,185,154,0.0027447256757959703,0.0022847986706625916,0.1945945945945946,0.18831168831168832,0.15595976380522833,0.15595976380522833,0.038634830789366276,0.03235192450645999,0.0062829062829062865,False
temporal_noise_baseline,zip_code,871xx,152,153,0.0022551259606539867,0.002269962315658289,0.17105263157894737,0.1568627450980392,0.15595976380522833,0.15595976380522833,0.015092867773719043,0.0009029812928108838,0.01418988648090816,False
temporal_noise_baseline,zip_code,921xx,492,445,0.007299486662116851,0.0066021779769146315,0.13414634146341464,0.1393258426966292,0.15595976380522833,0.15595976380522833,-0.021813422341813687,-0.016633921108599126,0.005179501233214562,False
temporal_noise_baseline,zip_code,553xx,271,267,0.004020652206165989,0.003961306786148779,0.1070110701107011,0.11610486891385768,0.15595976380522833,0.15595976380522833,-0.04894869369452723,-0.039854894891370646,0.009093798803156583,False
temporal_noise_baseline,zip_code,297xx,62,58,0.0009198540102667576,0.0008605085902495475,0.14516129032258066,0.10344827586206896,0.15595976380522833,0.15595976380522833,-0.010798473482647675,-0.052511487943159366,0.04171301446051169,True
temporal_noise_baseline,zip_code,363xx,50,42,0.0007418177502151272,0.0006231269101807068,0.22,0.2857142857142857,0.15595976380522833,0.15595976380522833,0.06404023619477167,0.12975452190905737,0.0657142857142857,True
temporal_noise_baseline,zip_code,342xx,162,133,0.002403489510697012,0.0019732352155722383,0.17901234567901234,0.12781954887218044,0.15595976380522833,0.15595976380522833,0.023052581873784006,-0.028140214933047886,0.05119279680683189,False
temporal_noise_baseline,zip_code,327xx,261,227,0.003872288656122964,0.003367852585976677,0.1839080459770115,0.13656387665198239,0.15595976380522833,0.15595976380522833,0.027948282171783162,-0.019395887153245944,0.047344169325029106,False
temporal_noise_baseline,zip_code,801xx,194,217,0.0028782528708346934,0.0032194890359336517,0.10309278350515463,0.06912442396313365,0.15595976380522833,0.15595976380522833,-0.052866980300073696,-0.08683533984209468,0.03396835954202099,False
temporal_noise_baseline,zip_code,373xx,78,94,0.0011572356903355983,0.001394617370404439,0.14102564102564102,0.2127659574468085,0.15595976380522833,0.15595976380522833,-0.014934122779587305,0.05680619364158018,0.07174031642116749,True
temporal_noise_baseline,zip_code,240xx,75,79,0.0011127266253226906,0.0011720720453399008,0.17333333333333334,0.21518987341772153,0.15595976380522833,0.15595976380522833,0.01737356952810501,0.0592301096124932,0.04185654008438819,True
temporal_noise_baseline,zip_code,385xx,33,30,0.0004895997151419839,0.0004450906501290763,0.24242424242424243,0.23333333333333334,0.15595976380522833,0.15595976380522833,0.0864644786190141,0.07737356952810501,0.009090909090909094,True
temporal_noise_baseline,zip_code,783xx,24,28,0.00035607252010326105,0.00041541794012047123,0.20833333333333334,0.10714285714285714,0.15595976380522833,0.15595976380522833,0.05237356952810501,-0.04881690666237119,0.1011904761904762,True
temporal_noise_baseline,zip_code,125xx,95,134,0.0014094537254087415,0.0019880715705765406,0.18947368421052632,0.1865671641791045,0.15595976380522833,0.15595976380522833,0.03351392040529799,0.03060740037387616,0.002906520031421833,True
temporal_noise_baseline,zip_code,592xx,8,8,0.00011869084003442034,0.00011869084003442034,0.0,0.125,0.15595976380522833,0.15595976380522833,-0.15595976380522833,-0.03095976380522833,0.125,True
temporal_noise_baseline,zip_code,740xx,138,131,0.002047416990593751,0.001943562505563633,0.13768115942028986,0.20610687022900764,0.15595976380522833,0.15595976380522833,-0.018278604384938474,0.050147106423779314,0.06842571080871779,False
temporal_noise_baseline,zip_code,319xx,35,41,0.000519272425150589,0.0006082905551764042,0.17142857142857143,0.14634146341463414,0.15595976380522833,0.15595976380522833,0.0154688076233431,-0.009618300390594192,0.025087108013937293,True
temporal_noise_baseline,zip_code,321xx,88,94,0.0013055992403786239,0.001394617370404439,0.2159090909090909,0.11702127659574468,0.15595976380522833,0.15595976380522833,0.05994932710386258,-0.038938487209483647,0.09888781431334623,True
temporal_noise_baseline,zip_code,894xx,95,95,0.0014094537254087415,0.0014094537254087415,0.14736842105263157,0.17894736842105263,0.15595976380522833,0.15595976380522833,-0.008591342752596764,0.022987604615824303,0.03157894736842107,True
temporal_noise_baseline,zip_code,855xx,23,27,0.0003412361650989585,0.0004005815851161687,0.21739130434782608,0.07407407407407407,0.15595976380522833,0.15595976380522833,0.06143154054259775,-0.08188568973115426,0.143317230273752,True
temporal_noise_baseline,zip_code,622xx,67,92,0.0009940357852882703,0.001364944660395834,0.22388059701492538,0.17391304347826086,0.15595976380522833,0.15595976380522833,0.06792083320969705,0.017953279673032535,0.049967553536664516,True
temporal_noise_baseline,zip_code,751xx,189,197,0.0028040710958131807,0.002922761935847601,0.13227513227513227,0.116751269035533,0.15595976380522833,0.15595976380522833,-0.023684631530096062,-0.03920849476969533,0.01552386323959927,False
temporal_noise_baseline,zip_code,441xx,208,211,0.003085961840894929,0.0031304709059078364,0.21153846153846154,0.14691943127962084,0.15595976380522833,0.15595976380522833,0.05557869773323321,-0.009040332525607486,0.06461903025884069,False
temporal_noise_baseline,zip_code,980xx,367,371,0.005444942286579033,0.005504287706596243,0.1362397820163488,0.11590296495956873,0.15595976380522833,0.15595976380522833,-0.019719981788879543,-0.0400567988456596,0.02033681705678006,False
temporal_noise_baseline,zip_code,800xx,262,287,0.003887125011127266,0.00425803388623483,0.10687022900763359,0.1254355400696864,0.15595976380522833,0.15595976380522833,-0.049089534797594744,-0.030524223735541922,0.018565311062052822,False
temporal_noise_baseline,zip_code,981xx,245,212,0.003634906976054123,0.003145307260912139,0.10204081632653061,0.10377358490566038,0.15595976380522833,0.15595976380522833,-0.053918947478697715,-0.05218617889956795,0.0017327685791297676,False
temporal_noise_baseline,zip_code,344xx,80,61,0.0011869084003442035,0.0009050176552624551,0.2125,0.2459016393442623,0.15595976380522833,0.15595976380522833,0.056540236194771665,0.08994187553903396,0.033401639344262296,True
temporal_noise_baseline,zip_code,112xx,713,718,0.010578321118067713,0.010652502893089225,0.19074333800841514,0.17270194986072424,0.15595976380522833,0.15595976380522833,0.03478357420318681,0.016742186055495906,0.018041388147690907,False
temporal_noise_baseline,zip_code,136xx,49,61,0.0007269813952108246,0.0009050176552624551,0.20408163265306123,0.21311475409836064,0.15595976380522833,0.15595976380522833,0.0481218688478329,0.05715499029313231,0.009033121445299414,True
temporal_noise_baseline,zip_code,282xx,209,190,0.0031007981958992314,0.002818907450817483,0.1722488038277512,0.1631578947368421,0.15595976380522833,0.15595976380522833,0.016289040022522877,0.007198130931613783,0.009090909090909094,False
temporal_noise_baseline,zip_code,945xx,806,837,0.01195810213346785,0.012418029138601228,0.1327543424317618,0.11947431302270012,0.15595976380522833,0.15595976380522833,-0.02320542137346654,-0.03648545078252821,0.013280029409061672,False
temporal_noise_baseline,zip_code,970xx,225,227,0.003338179875968072,0.003367852585976677,0.1511111111111111,0.12334801762114538,0.15595976380522833,0.15595976380522833,-0.004848652694117217,-0.032611746184082954,0.027763093489965737,False
temporal_noise_baseline,zip_code,760xx,324,292,0.004806979021394024,0.004332215661256343,0.12654320987654322,0.13356164383561644,0.15595976380522833,0.15595976380522833,-0.029416553928685113,-0.022398119969611885,0.007018433959073228,False
temporal_noise_baseline,zip_code,935xx,178,149,0.0026408711907658527,0.002210616895641079,0.12359550561797752,0.16778523489932887,0.15595976380522833,0.15595976380522833,-0.032364258187250805,0.011825471094100537,0.04418972928135134,False
temporal_noise_baseline,zip_code,787xx,240,225,0.0035607252010326105,0.003338179875968072,0.08333333333333333,0.10222222222222223,0.15595976380522833,0.15595976380522833,-0.072626430471895,-0.0537375415830061,0.0188888888888889,False
temporal_noise_baseline,zip_code,065xx,98,88,0.0014539627904216492,0.0013055992403786239,0.12244897959183673,0.13636363636363635,0.15595976380522833,0.15595976380522833,-0.0335107842133916,-0.019596127441591976,0.013914656771799622,True
temporal_noise_baseline,zip_code,550xx,149,142,0.002210616895641079,0.002106762410610961,0.1610738255033557,0.21830985915492956,0.15595976380522833,0.15595976380522833,0.0051140616981273646,0.062350095349701234,0.05723603365157387,False
temporal_noise_baseline,zip_code,115xx,178,172,0.0026408711907658527,0.0025518530607400373,0.14606741573033707,0.1744186046511628,0.15595976380522833,0.15595976380522833,-0.009892348074891255,0.018458840845934466,0.02835118892082572,False
temporal_noise_baseline,zip_code,378xx,73,58,0.0010830539153140856,0.0008605085902495475,0.2191780821917808,0.1896551724137931,0.15595976380522833,0.15595976380522833,0.06321831838655248,0.033695408608564764,0.029522909777987716,True
temporal_noise_baseline,zip_code,853xx,307,324,0.004554760986320881,0.004806979021394024,0.1270358306188925,0.15123456790123457,0.15595976380522833,0.15595976380522833,-0.02892393318633582,-0.004725195903993756,0.024198737282342064,False
temporal_noise_baseline,zip_code,999xx,4,5,5.934542001721017e-05,7.418177502151272e-05,0.0,0.0,0.15595976380522833,0.15595976380522833,-0.15595976380522833,-0.15595976380522833,0.0,True
temporal_noise_baseline,zip_code,021xx,343,331,0.005088869766475772,0.004910833506424142,0.11661807580174927,0.13897280966767372,0.15595976380522833,0.15595976380522833,-0.039341688003479064,-0.016986954137554605,0.02235473386592446,False
temporal_noise_baseline,zip_code,860xx,32,51,0.00047476336013768135,0.0007566541052194297,0.1875,0.23529411764705882,0.15595976380522833,0.15595976380522833,0.03154023619477167,0.07933435384183049,0.04779411764705882,True
temporal_noise_baseline,zip_code,486xx,47,58,0.0006973086852022195,0.0008605085902495475,0.19148936170212766,0.1896551724137931,0.15595976380522833,0.15595976380522833,0.03552959789689933,0.033695408608564764,0.0018341892883345645,True
temporal_noise_baseline,zip_code,301xx,312,295,0.004628942761342393,0.00437672472626925,0.12179487179487179,0.09491525423728814,0.15595976380522833,0.15595976380522833,-0.03416489201035654,-0.06104450956794019,0.026879617557583654,False
temporal_noise_baseline,zip_code,194xx,124,121,0.0018397080205335152,0.0017951989555206078,0.11290322580645161,0.1652892561983471,0.15595976380522833,0.15595976380522833,-0.04305653799877672,0.009329492393118782,0.0523860303918955,False
temporal_noise_baseline,zip_code,957xx,142,152,0.002106762410610961,0.0022551259606539867,0.14788732394366197,0.17763157894736842,0.15595976380522833,0.15595976380522833,-0.00807243986156636,0.02167181514214009,0.02974425500370645,False
temporal_noise_baseline,zip_code,346xx,119,151,0.0017655262455120026,0.002240289605649684,0.17647058823529413,0.15894039735099338,0.15595976380522833,0.15595976380522833,0.0205108244300658,0.0029806335457650546,0.017530190884300745,False
temporal_noise_baseline,zip_code,104xx,449,474,0.0066615233969318415,0.007032432272039406,0.18930957683741648,0.20253164556962025,0.15595976380522833,0.15595976380522833,0.03334981303218815,0.04657188176439192,0.013222068732203773,False
temporal_noise_baseline,zip_code,474xx,29,37,0.00043025429512477377,0.0005489451351591941,0.06896551724137931,0.2702702702702703,0.15595976380522833,0.15595976380522833,-0.08699424656384902,0.11431050646504196,0.20130475302889098,True
temporal_noise_baseline,zip_code,440xx,159,155,0.0023589804456841043,0.0022996350256668944,0.18238993710691823,0.1935483870967742,0.15595976380522833,0.15595976380522833,0.026430173301689897,0.03758862329154586,0.011158449989855962,False
temporal_noise_baseline,zip_code,300xx,579,584,0.008590249547491172,0.008664431322512685,0.12089810017271158,0.1541095890410959,0.15595976380522833,0.15595976380522833,-0.035061663632516754,-0.001850174764132434,0.03321148886838432,False
temporal_noise_baseline,zip_code,953xx,266,274,0.0039464704311444766,0.0040651612711788965,0.16917293233082706,0.18613138686131386,0.15595976380522833,0.15595976380522833,0.013213168525598729,0.030171623056085534,0.016958454530486805,False
temporal_noise_baseline,zip_code,275xx,265,299,0.003931634076140174,0.004436070146286461,0.18867924528301888,0.11705685618729098,0.15595976380522833,0.15595976380522833,0.03271948147779055,-0.038902907617937355,0.0716223890957279,False
temporal_noise_baseline,zip_code,774xx,277,271,0.004109670336191805,0.004020652206165989,0.12274368231046931,0.15129151291512916,0.15595976380522833,0.15595976380522833,-0.03321608149475902,-0.004668250890099174,0.028547830604659846,False
temporal_noise_baseline,zip_code,376xx,61,43,0.0009050176552624551,0.0006379632651850093,0.19672131147540983,0.23255813953488372,0.15595976380522833,0.15595976380522833,0.0407615476701815,0.07659837572965539,0.035836828059473885,True
temporal_noise_baseline,zip_code,968xx,127,122,0.001884217085546423,0.0018100353105249102,0.15748031496062992,0.19672131147540983,0.15595976380522833,0.15595976380522833,0.0015205511554015894,0.0407615476701815,0.03924099651477991,False
temporal_noise_baseline,zip_code,161xx,21,20,0.0003115634550903534,0.0002967271000860509,0.09523809523809523,0.1,0.15595976380522833,0.15595976380522833,-0.0607216685671331,-0.055959763805228324,0.004761904761904773,True
temporal_noise_baseline,zip_code,071xx,90,66,0.0013352719503872288,0.0009791994302839678,0.24444444444444444,0.18181818181818182,0.15595976380522833,0.15595976380522833,0.0884846806392161,0.025858418012953494,0.06262626262626261,True
temporal_noise_baseline,zip_code,463xx,169,144,0.0025073439957271296,0.0021364351206195663,0.16568047337278108,0.16666666666666666,0.15595976380522833,0.15595976380522833,0.009720709567552749,0.010706902861438328,0.0009861932938855789,False
temporal_noise_baseline,zip_code,932xx,137,113,0.0020325806355894482,0.0016765081154861874,0.12408759124087591,0.17699115044247787,0.15595976380522833,0.15595976380522833,-0.031872172564352416,0.021031386637249544,0.05290355920160196,False
temporal_noise_baseline,zip_code,107xx,89,82,0.0013204355953829263,0.0012165811103528085,0.1348314606741573,0.2073170731707317,0.15595976380522833,0.15595976380522833,-0.02112830313107103,0.05135730936550337,0.0724856124965744,True
temporal_noise_baseline,zip_code,117xx,445,425,0.0066021779769146315,0.006305450876828581,0.1842696629213483,0.17176470588235293,0.15595976380522833,0.15595976380522833,0.028309899116119974,0.0158049420771246,0.012504957038995373,False
temporal_noise_baseline,zip_code,546xx,32,39,0.00047476336013768135,0.0005786178451677992,0.125,0.05128205128205128,0.15595976380522833,0.15595976380522833,-0.03095976380522833,-0.10467771252317705,0.07371794871794872,True
temporal_noise_baseline,zip_code,113xx,375,386,0.005563633126613453,0.005726833031660781,0.13066666666666665,0.17098445595854922,0.15595976380522833,0.15595976380522833,-0.025293097138561677,0.01502469215332089,0.040317789291882566,False
temporal_noise_baseline,zip_code,200xx,236,161,0.0035013797810154,0.0023886531556927093,0.1271186440677966,0.08695652173913043,0.15595976380522833,0.15595976380522833,-0.028841119737431725,-0.0690032420660979,0.04016212232866617,False
temporal_noise_baseline,zip_code,820xx,28,40,0.00041541794012047123,0.0005934542001721018,0.03571428571428571,0.1,0.15595976380522833,0.15595976380522833,-0.12024547809094262,-0.055959763805228324,0.0642857142857143,True
temporal_noise_baseline,zip_code,329xx,142,138,0.002106762410610961,0.002047416990593751,0.14084507042253522,0.16666666666666666,0.15595976380522833,0.15595976380522833,-0.015114693382693112,0.010706902861438328,0.02582159624413144,False
temporal_noise_baseline,zip_code,919xx,182,195,0.0027002166107830627,0.0028930892258389957,0.22527472527472528,0.1282051282051282,0.15595976380522833,0.15595976380522833,0.06931496146949695,-0.027754635600100136,0.09706959706959709,False
temporal_noise_baseline,zip_code,450xx,130,112,0.0019287261505593306,0.001661671760481885,0.15384615384615385,0.14285714285714285,0.15595976380522833,0.15595976380522833,-0.002113609959074475,-0.01310262094808548,0.010989010989011005,False
temporal_noise_baseline,zip_code,364xx,14,6,0.00020770897006023561,8.901813002581526e-05,0.14285714285714285,0.16666666666666666,0.15595976380522833,0.15595976380522833,-0.01310262094808548,0.010706902861438328,0.023809523809523808,True
temporal_noise_baseline,zip_code,949xx,96,116,0.0014242900804130442,0.001721017180499095,0.10416666666666667,0.09482758620689655,0.15595976380522833,0.15595976380522833,-0.05179309713856166,-0.06113217759833178,0.009339080459770124,True
temporal_noise_baseline,zip_code,080xx,368,349,0.005459778641583336,0.005177887896501587,0.17119565217391305,0.20057306590257878,0.15595976380522833,0.15595976380522833,0.015235888368684725,0.044613302097350455,0.02937741372866573,False
temporal_noise_baseline,zip_code,844xx,41,30,0.0006082905551764042,0.0004450906501290763,0.04878048780487805,0.16666666666666666,0.15595976380522833,0.15595976380522833,-0.10717927600035028,0.010706902861438328,0.11788617886178861,True
temporal_noise_baseline,zip_code,180xx,136,128,0.002017744280585146,0.0018990534405507254,0.125,0.171875,0.15595976380522833,0.15595976380522833,-0.03095976380522833,0.01591523619477167,0.046875,False
temporal_noise_baseline,zip_code,920xx,334,338,0.004955342571437049,0.005014687991454259,0.1497005988023952,0.15088757396449703,0.15595976380522833,0.15595976380522833,-0.006259165002833134,-0.005072189840731295,0.0011869751621018387,False
temporal_noise_baseline,zip_code,926xx,425,429,0.006305450876828581,0.006364796296845791,0.1223529411764706,0.17715617715617715,0.15595976380522833,0.15595976380522833,-0.033606822628757735,0.021196413350948823,0.05480323597970656,False
temporal_noise_baseline,zip_code,074xx,148,122,0.0021957805406367763,0.0018100353105249102,0.14864864864864866,0.13934426229508196,0.15595976380522833,0.15595976380522833,-0.007311115156579673,-0.016615501510146374,0.009304386353566702,False
temporal_noise_baseline,zip_code,179xx,18,24,0.0002670543900774458,0.00035607252010326105,0.2222222222222222,0.16666666666666666,0.15595976380522833,0.15595976380522833,0.06626245841699388,0.010706902861438328,0.05555555555555555,True
temporal_noise_baseline,zip_code,100xx,567,622,0.008412213287439543,0.009228212812676181,0.13580246913580246,0.1157556270096463,0.15595976380522833,0.15595976380522833,-0.020157294669425868,-0.04020413679558203,0.020046842126156164,False
temporal_noise_baseline,zip_code,305xx,120,130,0.0017803626005163053,0.0019287261505593306,0.16666666666666666,0.09230769230769231,0.15595976380522833,0.15595976380522833,0.010706902861438328,-0.06365207149753602,0.07435897435897434,False
temporal_noise_baseline,zip_code,109xx,134,166,0.0019880715705765406,0.002462834930714222,0.1791044776119403,0.18674698795180722,0.15595976380522833,0.15595976380522833,0.02314471380671196,0.03078722414657889,0.007642510339866931,False
temporal_noise_baseline,zip_code,483xx,229,216,0.0033975252959852825,0.0032046526809293495,0.1703056768558952,0.1527777777777778,0.15595976380522833,0.15595976380522833,0.014345913050666875,-0.0031819860274505396,0.017527899078117415,False
temporal_noise_baseline,zip_code,060xx,213,202,0.003160143615916442,0.0029969437108691138,0.15492957746478872,0.17326732673267325,0.15595976380522833,0.15595976380522833,-0.0010301863404396094,0.017307562927444925,0.018337749267884534,False
temporal_noise_baseline,zip_code,631xx,163,150,0.0024183258657013147,0.0022254532506453813,0.147239263803681,0.19333333333333333,0.15595976380522833,0.15595976380522833,-0.008720500001547338,0.037373569528105,0.04609406952965234,False
temporal_noise_baseline,zip_code,351xx,64,62,0.0009495267202753627,0.0009198540102667576,0.171875,0.16129032258064516,0.15595976380522833,0.15595976380522833,0.01591523619477167,0.005330558775416827,0.010584677419354843,True
temporal_noise_baseline,zip_code,852xx,386,394,0.005726833031660781,0.005845523871695202,0.13989637305699482,0.13959390862944163,0.15595976380522833,0.15595976380522833,-0.016063390748233514,-0.016365855175786703,0.0003024644275531896,False
temporal_noise_baseline,zip_code,151xx,84,89,0.0012462538203614137,0.0013204355953829263,0.16666666666666666,0.24719101123595505,0.15595976380522833,0.15595976380522833,0.010706902861438328,0.09123124743072672,0.08052434456928839,True
temporal_noise_baseline,zip_code,187xx,21,20,0.0003115634550903534,0.0002967271000860509,0.09523809523809523,0.1,0.15595976380522833,0.15595976380522833,-0.0607216685671331,-0.055959763805228324,0.004761904761904773,True
temporal_noise_baseline,zip_code,064xx,237,218,0.003516216136019703,0.0032343253909379545,0.11814345991561181,0.13302752293577982,0.15595976380522833,0.15595976380522833,-0.037816303889616515,-0.022932240869448506,0.014884063020168009,False
temporal_noise_baseline,zip_code,841xx,118,128,0.0017506898905077,0.0018990534405507254,0.11016949152542373,0.1015625,0.15595976380522833,0.15595976380522833,-0.0457902722798046,-0.05439726380522833,0.008606991525423727,False
temporal_noise_baseline,zip_code,303xx,240,234,0.0035607252010326105,0.003471707071006795,0.14166666666666666,0.1111111111111111,0.15595976380522833,0.15595976380522833,-0.014293097138561667,-0.044848652694117225,0.030555555555555558,False
temporal_noise_baseline,zip_code,081xx,26,28,0.00038574523011186614,0.00041541794012047123,0.23076923076923078,0.14285714285714285,0.15595976380522833,0.15595976380522833,0.07480946696400245,-0.01310262094808548,0.08791208791208793,True
temporal_noise_baseline,zip_code,406xx,7,11,0.00010385448503011781,0.00016319990504732798,0.14285714285714285,0.18181818181818182,0.15595976380522833,0.15595976380522833,-0.01310262094808548,0.025858418012953494,0.038961038961038974,True
temporal_noise_baseline,zip_code,211xx,176,154,0.0026111984807572477,0.0022847986706625916,0.1534090909090909,0.13636363636363635,0.15595976380522833,0.15595976380522833,-0.002550672896137418,-0.019596127441591976,0.017045454545454558,False
temporal_noise_baseline,zip_code,915xx,49,30,0.0007269813952108246,0.0004450906501290763,0.1836734693877551,0.1,0.15595976380522833,0.15595976380522833,0.027713705582526782,-0.055959763805228324,0.0836734693877551,True
temporal_noise_baseline,zip_code,054xx,39,30,0.0005786178451677992,0.0004450906501290763,0.10256410256410256,0.2,0.15595976380522833,0.15595976380522833,-0.05339566124112577,0.04404023619477168,0.09743589743589745,True
temporal_noise_baseline,zip_code,770xx,528,460,0.007833595442271742,0.0068247233019791695,0.13446969696969696,0.13478260869565217,0.15595976380522833,0.15595976380522833,-0.02149006683553137,-0.021177155109576157,0.00031291172595521166,False
temporal_noise_baseline,zip_code,554xx,247,247,0.003664579686062728,0.003664579686062728,0.1417004048582996,0.12955465587044535,0.15595976380522833,0.15595976380522833,-0.01425935894692873,-0.026405107934782984,0.012145748987854255,False
temporal_noise_baseline,zip_code,605xx,244,249,0.0036200706210498205,0.003694252396071333,0.13524590163934427,0.14056224899598393,0.15595976380522833,0.15595976380522833,-0.020713862165884056,-0.015397514809244395,0.005316347356639661,False
temporal_noise_baseline,zip_code,940xx,282,297,0.004183852111213317,0.004406397436277855,0.1524822695035461,0.10774410774410774,0.15595976380522833,0.15595976380522833,-0.0034774943016822324,-0.04821565606112059,0.04473816175943836,False
temporal_noise_baseline,zip_code,990xx,24,27,0.00035607252010326105,0.0004005815851161687,0.20833333333333334,0.14814814814814814,0.15595976380522833,0.15595976380522833,0.05237356952810501,-0.00781161565708019,0.0601851851851852,True
temporal_noise_baseline,zip_code,138xx,18,22,0.0002670543900774458,0.00032639981009465596,0.1111111111111111,0.18181818181818182,0.15595976380522833,0.15595976380522833,-0.044848652694117225,0.025858418012953494,0.07070707070707072,True
temporal_noise_baseline,zip_code,465xx,69,82,0.0010237084952968755,0.0012165811103528085,0.14492753623188406,0.18292682926829268,0.15595976380522833,0.15595976380522833,-0.011032227573344267,0.02696706546306435,0.037999293036408616,True
temporal_noise_baseline,zip_code,765xx,114,109,0.0016913444704904899,0.0016171626954689772,0.20175438596491227,0.2018348623853211,0.15595976380522833,0.15595976380522833,0.04579462215968394,0.04587509858009278,8.047642040884262e-05,False
temporal_noise_baseline,zip_code,367xx,14,9,0.00020770897006023561,0.0001335271950387229,0.2857142857142857,0.1111111111111111,0.15595976380522833,0.15595976380522833,0.12975452190905737,-0.044848652694117225,0.1746031746031746,True
temporal_noise_baseline,zip_code,285xx,86,110,0.0012759265303700187,0.0016319990504732797,0.19767441860465115,0.2,0.15595976380522833,0.15595976380522833,0.04171465479942282,0.04404023619477168,0.002325581395348858,True
temporal_noise_baseline,zip_code,325xx,135,132,0.0020029079255808433,0.0019583988605679356,0.18518518518518517,0.14393939393939395,0.15595976380522833,0.15595976380522833,0.029225421379956845,-0.01202036986583438,0.041245791245791225,False
temporal_noise_baseline,zip_code,324xx,57,50,0.0008456722352452449,0.0007418177502151272,0.19298245614035087,0.18,0.15595976380522833,0.15595976380522833,0.03702269233512254,0.024040236194771664,0.012982456140350873,True
temporal_noise_baseline,zip_code,494xx,70,69,0.001038544850301178,0.0010237084952968755,0.12857142857142856,0.08695652173913043,0.15595976380522833,0.15595976380522833,-0.02738833523379977,-0.0690032420660979,0.041614906832298126,True
temporal_noise_baseline,zip_code,236xx,74,71,0.0010978902703183881,0.0010533812053054805,0.22972972972972974,0.22535211267605634,0.15595976380522833,0.15595976380522833,0.07376996592450141,0.06939234887082801,0.004377617053673399,True
temporal_noise_baseline,zip_code,322xx,175,212,0.002596362125752945,0.003145307260912139,0.14285714285714285,0.18867924528301888,0.15595976380522833,0.15595976380522833,-0.01310262094808548,0.03271948147779055,0.04582210242587603,False
temporal_noise_baseline,zip_code,937xx,83,103,0.001231417465357111,0.0015281445654431619,0.13253012048192772,0.22330097087378642,0.15595976380522833,0.15595976380522833,-0.02342964332330061,0.06734120706855809,0.0907708503918587,True
temporal_noise_baseline,zip_code,551xx,172,172,0.0025518530607400373,0.0025518530607400373,0.12790697674418605,0.1569767441860465,0.15595976380522833,0.15595976380522833,-0.028052787061042278,0.0010169803808181832,0.02906976744186046,False
temporal_noise_baseline,zip_code,020xx,87,95,0.0012907628853743212,0.0014094537254087415,0.1839080459770115,0.14736842105263157,0.15595976380522833,0.15595976380522833,0.027948282171783162,-0.008591342752596764,0.036539624924379926,True
temporal_noise_baseline,zip_code,662xx,121,119,0.0017951989555206078,0.0017655262455120026,0.10743801652892562,0.12605042016806722,0.15595976380522833,0.15595976380522833,-0.04852174727630271,-0.029909343637161107,0.0186124036391416,False
temporal_noise_baseline,zip_code,983xx,164,181,0.002433162220705617,0.0026853802557787604,0.1402439024390244,0.1270718232044199,0.15595976380522833,0.15595976380522833,-0.015715861366203926,-0.02888794060080843,0.013172079234604506,False
temporal_noise_baseline,zip_code,076xx,183,185,0.0027150529657873654,0.0027447256757959703,0.16939890710382513,0.12972972972972974,0.15595976380522833,0.15595976380522833,0.0134391432985968,-0.026230034075498593,0.03966917737409539,False
temporal_noise_baseline,zip_code,977xx,51,53,0.0007566541052194297,0.0007863268152280348,0.21568627450980393,0.11320754716981132,0.15595976380522833,0.15595976380522833,0.0597265107045756,-0.042752216635417006,0.10247872733999261,True
temporal_noise_baseline,zip_code,923xx,288,322,0.004272870241239133,0.004777306311385419,0.15625,0.14906832298136646,0.15595976380522833,0.15595976380522833,0.0002902361947716703,-0.006891440823861866,0.007181677018633537,False
temporal_noise_baseline,zip_code,972xx,239,227,0.003545888846028308,0.003367852585976677,0.16736401673640167,0.1277533039647577,0.15595976380522833,0.15595976380522833,0.011404252931173336,-0.028206459840470627,0.03961071277164396,False
temporal_noise_baseline,zip_code,606xx,670,630,0.009940357852882704,0.009346903652710603,0.1208955223880597,0.10634920634920635,0.15595976380522833,0.15595976380522833,-0.03506424141716863,-0.049610557456021984,0.014546316038853355,False
temporal_noise_baseline,zip_code,338xx,122,127,0.0018100353105249102,0.001884217085546423,0.22950819672131148,0.1889763779527559,0.15595976380522833,0.15595976380522833,0.07354843291608315,0.03301661414752757,0.04053181876855558,False
temporal_noise_baseline,zip_code,487xx,25,28,0.0003709088751075636,0.00041541794012047123,0.16,0.21428571428571427,0.15595976380522833,0.15595976380522833,0.004040236194771674,0.058325950480485944,0.05428571428571427,True
temporal_noise_baseline,zip_code,720xx,72,79,0.0010682175603097832,0.0011720720453399008,0.16666666666666666,0.21518987341772153,0.15595976380522833,0.15595976380522833,0.010706902861438328,0.0592301096124932,0.04852320675105487,True
temporal_noise_baseline,zip_code,197xx,76,68,0.0011275629803269933,0.001008872140292573,0.15789473684210525,0.17647058823529413,0.15595976380522833,0.15595976380522833,0.0019349730368769247,0.0205108244300658,0.018575851393188875,True
temporal_noise_baseline,zip_code,608xx,22,30,0.00032639981009465596,0.0004450906501290763,0.09090909090909091,0.2,0.15595976380522833,0.15595976380522833,-0.06505067289613742,0.04404023619477168,0.1090909090909091,True
temporal_noise_baseline,zip_code,230xx,56,62,0.0008308358802409425,0.0009198540102667576,0.21428571428571427,0.1774193548387097,0.15595976380522833,0.15595976380522833,0.058325950480485944,0.021459591033481357,0.03686635944700459,True
temporal_noise_baseline,zip_code,331xx,572,548,0.008486395062461054,0.008130322542357793,0.1590909090909091,0.2116788321167883,0.15595976380522833,0.15595976380522833,0.0031311452856807587,0.05571906831155998,0.052587923025879224,False
temporal_noise_baseline,zip_code,307xx,69,64,0.0010237084952968755,0.0009495267202753627,0.13043478260869565,0.109375,0.15595976380522833,0.15595976380522833,-0.02552498119653268,-0.04658476380522833,0.02105978260869565,True
temporal_noise_baseline,zip_code,565xx,33,27,0.0004895997151419839,0.0004005815851161687,0.06060606060606061,0.2222222222222222,0.15595976380522833,0.15595976380522833,-0.09535370319916772,0.06626245841699388,0.1616161616161616,True
temporal_noise_baseline,zip_code,785xx,121,127,0.0017951989555206078,0.001884217085546423,0.14049586776859505,0.15748031496062992,0.15595976380522833,0.15595976380522833,-0.015463896036633284,0.0015205511554015894,0.016984447192034874,False
temporal_noise_baseline,zip_code,995xx,105,94,0.001557817275451767,0.001394617370404439,0.10476190476190476,0.13829787234042554,0.15595976380522833,0.15595976380522833,-0.051197859043323565,-0.017661891464802792,0.03353596757852077,True
temporal_noise_baseline,zip_code,548xx,30,26,0.0004450906501290763,0.00038574523011186614,0.2,0.15384615384615385,0.15595976380522833,0.15595976380522833,0.04404023619477168,-0.002113609959074475,0.046153846153846156,True
temporal_noise_baseline,zip_code,244xx,25,26,0.0003709088751075636,0.00038574523011186614,0.28,0.19230769230769232,0.15595976380522833,0.15595976380522833,0.1240402361947717,0.03634792850246399,0.08769230769230771,True
temporal_noise_baseline,zip_code,122xx,40,30,0.0005934542001721018,0.0004450906501290763,0.2,0.2,0.15595976380522833,0.15595976380522833,0.04404023619477168,0.04404023619477168,0.0,True
temporal_noise_baseline,zip_code,790xx,29,39,0.00043025429512477377,0.0005786178451677992,0.13793103448275862,0.1282051282051282,0.15595976380522833,0.15595976380522833,-0.01802872932246971,-0.027754635600100136,0.009725906277630425,True
temporal_noise_baseline,zip_code,168xx,26,28,0.00038574523011186614,0.00041541794012047123,0.15384615384615385,0.14285714285714285,0.15595976380522833,0.15595976380522833,-0.002113609959074475,-0.01310262094808548,0.010989010989011005,True
temporal_noise_baseline,zip_code,530xx,111,100,0.0016468354054775822,0.0014836355004302544,0.12612612612612611,0.12,0.15595976380522833,0.15595976380522833,-0.029833637679102215,-0.035959763805228334,0.006126126126126119,False
temporal_noise_baseline,zip_code,062xx,45,47,0.0006676359751936144,0.0006973086852022195,0.17777777777777778,0.0851063829787234,0.15595976380522833,0.15595976380522833,0.021818013972549455,-0.07085338082650493,0.09267139479905438,True
temporal_noise_baseline,zip_code,758xx,12,15,0.00017803626005163053,0.00022254532506453816,0.0,0.06666666666666667,0.15595976380522833,0.15595976380522833,-0.15595976380522833,-0.08929309713856166,0.06666666666666667,True
temporal_noise_baseline,zip_code,891xx,502,514,0.007447850212159876,0.007625886472211507,0.199203187250996,0.20428015564202334,0.15595976380522833,0.15595976380522833,0.043243423445767676,0.04832039183679501,0.005076968391027337,False
temporal_noise_baseline,zip_code,711xx,53,49,0.0007863268152280348,0.0007269813952108246,0.1320754716981132,0.14285714285714285,0.15595976380522833,0.15595976380522833,-0.023884292107115124,-0.01310262094808548,0.010781671159029643,True
temporal_noise_baseline,zip_code,759xx,37,34,0.0005489451351591941,0.0005044360701462865,0.1891891891891892,0.058823529411764705,0.15595976380522833,0.15595976380522833,0.03322942538396087,-0.09713623439346362,0.13036565977742448,True
temporal_noise_baseline,zip_code,347xx,127,147,0.001884217085546423,0.002180944185632474,0.18110236220472442,0.20408163265306123,0.15595976380522833,0.15595976380522833,0.02514259839949609,0.0481218688478329,0.022979270448336808,False
temporal_noise_baseline,zip_code,296xx,130,156,0.0019287261505593306,0.0023144713806711966,0.11538461538461539,0.12179487179487179,0.15595976380522833,0.15595976380522833,-0.04057514842061294,-0.03416489201035654,0.006410256410256401,False
temporal_noise_baseline,zip_code,078xx,107,109,0.001587489985460372,0.0016171626954689772,0.14953271028037382,0.1926605504587156,0.15595976380522833,0.15595976380522833,-0.006427053524854509,0.03670078665348728,0.043127840178341786,False
temporal_noise_baseline,zip_code,410xx,129,113,0.001913889795555028,0.0016765081154861874,0.16279069767441862,0.17699115044247787,0.15595976380522833,0.15595976380522833,0.0068309338691902866,0.021031386637249544,0.014200452768059257,False
temporal_noise_baseline,zip_code,461xx,103,133,0.0015281445654431619,0.0019732352155722383,0.21359223300970873,0.15789473684210525,0.15595976380522833,0.15595976380522833,0.0576324692044804,0.0019349730368769247,0.05569749616760347,False
temporal_noise_baseline,zip_code,114xx,241,286,0.003575561556036913,0.004243197531230527,0.1908713692946058,0.16433566433566432,0.15595976380522833,0.15595976380522833,0.03491160548937747,0.008375900530435992,0.026535704958941475,False
temporal_noise_baseline,zip_code,773xx,297,297,0.004406397436277855,0.004406397436277855,0.1111111111111111,0.13131313131313133,0.15595976380522833,0.15595976380522833,-0.044848652694117225,-0.024646632492097004,0.02020202020202022,False
temporal_noise_baseline,zip_code,333xx,255,255,0.0037832705260971485,0.0037832705260971485,0.16862745098039217,0.20392156862745098,0.15595976380522833,0.15595976380522833,0.012667687175163839,0.04796180482222265,0.03529411764705881,False
temporal_noise_baseline,zip_code,495xx,64,64,0.0009495267202753627,0.0009495267202753627,0.15625,0.109375,0.15595976380522833,0.15595976380522833,0.0002902361947716703,-0.04658476380522833,0.046875,True
temporal_noise_baseline,zip_code,914xx,87,79,0.0012907628853743212,0.0011720720453399008,0.27586206896551724,0.189873417721519,0.15595976380522833,0.15595976380522833,0.11990230516028891,0.03391365391629067,0.08598865124399824,True
temporal_noise_baseline,zip_code,073xx,122,104,0.0018100353105249102,0.0015429809204474646,0.22950819672131148,0.17307692307692307,0.15595976380522833,0.15595976380522833,0.07354843291608315,0.017117159271694743,0.05643127364438841,False
temporal_noise_baseline,zip_code,022xx,4,5,5.934542001721017e-05,7.418177502151272e-05,0.25,0.2,0.15595976380522833,0.15595976380522833,0.09404023619477167,0.04404023619477168,0.04999999999999999,True
temporal_noise_baseline,zip_code,165xx,29,20,0.00043025429512477377,0.0002967271000860509,0.20689655172413793,0.1,0.15595976380522833,0.15595976380522833,0.0509367879189096,-0.055959763805228324,0.10689655172413792,True
temporal_noise_baseline,zip_code,934xx,109,108,0.0016171626954689772,0.0016023263404646747,0.11926605504587157,0.1111111111111111,0.15595976380522833,0.15595976380522833,-0.03669370875935676,-0.044848652694117225,0.008154943934760461,False
temporal_noise_baseline,zip_code,597xx,34,35,0.0005044360701462865,0.000519272425150589,0.11764705882352941,0.14285714285714285,0.15595976380522833,0.15595976380522833,-0.03831270498169892,-0.01310262094808548,0.02521008403361344,True
temporal_noise_baseline,zip_code,781xx,65,75,0.0009643630752796653,0.0011127266253226906,0.15384615384615385,0.10666666666666667,0.15595976380522833,0.15595976380522833,-0.002113609959074475,-0.049293097138561656,0.04717948717948718,True
temporal_noise_baseline,zip_code,341xx,55,49,0.0008159995252366399,0.0007269813952108246,0.14545454545454545,0.20408163265306123,0.15595976380522833,0.15595976380522833,-0.010505218350682882,0.0481218688478329,0.05862708719851578,True
temporal_noise_baseline,zip_code,460xx,112,126,0.001661671760481885,0.0018693807305421204,0.14285714285714285,0.15873015873015872,0.15595976380522833,0.15595976380522833,-0.01310262094808548,0.0027703949249303916,0.015873015873015872,False
temporal_noise_baseline,zip_code,210xx,194,208,0.0028782528708346934,0.003085961840894929,0.13917525773195877,0.15384615384615385,0.15595976380522833,0.15595976380522833,-0.01678450607326956,-0.002113609959074475,0.014670896114195087,False
temporal_noise_baseline,zip_code,152xx,154,178,0.0022847986706625916,0.0026408711907658527,0.08441558441558442,0.1404494382022472,0.15595976380522833,0.15595976380522833,-0.07154417938964391,-0.015510325602981129,0.056033853786662785,False
temporal_noise_baseline,zip_code,755xx,17,19,0.00025221803507314325,0.00028189074508174833,0.17647058823529413,0.2631578947368421,0.15595976380522833,0.15595976380522833,0.0205108244300658,0.10719813093161376,0.08668730650154796,True
temporal_noise_baseline,zip_code,706xx,50,50,0.0007418177502151272,0.0007418177502151272,0.36,0.16,0.15595976380522833,0.15595976380522833,0.20404023619477166,0.004040236194771674,0.19999999999999998,True
temporal_noise_baseline,zip_code,559xx,53,53,0.0007863268152280348,0.0007863268152280348,0.22641509433962265,0.09433962264150944,0.15595976380522833,0.15595976380522833,0.07045533053439432,-0.06162014116371889,0.1320754716981132,True
temporal_noise_baseline,zip_code,436xx,59,58,0.00087534494525385,0.0008605085902495475,0.288135593220339,0.15517241379310345,0.15595976380522833,0.15595976380522833,0.13217582941511066,-0.0007873500121248767,0.13296317942723554,True
temporal_noise_baseline,zip_code,292xx,68,51,0.001008872140292573,0.0007566541052194297,0.08823529411764706,0.1568627450980392,0.15595976380522833,0.15595976380522833,-0.06772446968758127,0.0009029812928108838,0.06862745098039215,True
temporal_noise_baseline,zip_code,657xx,52,44,0.0007714904602237323,0.0006527996201893119,0.17307692307692307,0.13636363636363635,0.15595976380522833,0.15595976380522833,0.017117159271694743,-0.019596127441591976,0.03671328671328672,True
temporal_noise_baseline,zip_code,063xx,74,76,0.0010978902703183881,0.0011275629803269933,0.17567567567567569,0.17105263157894737,0.15595976380522833,0.15595976380522833,0.019715911870447356,0.015092867773719043,0.004623044096728313,True
temporal_noise_baseline,zip_code,843xx,27,29,0.0004005815851161687,0.00043025429512477377,0.1111111111111111,0.20689655172413793,0.15595976380522833,0.15595976380522833,-0.044848652694117225,0.0509367879189096,0.09578544061302682,True
temporal_noise_baseline,zip_code,087xx,101,103,0.0014984718554345569,0.0015281445654431619,0.24752475247524752,0.1650485436893204,0.15595976380522833,0.15595976380522833,0.09156498867001919,0.009088779884092069,0.08247620878592712,False
temporal_noise_baseline,zip_code,810xx,51,50,0.0007566541052194297,0.0007418177502151272,0.13725490196078433,0.2,0.15595976380522833,0.15595976380522833,-0.018704861844444004,0.04404023619477168,0.06274509803921569,True
temporal_noise_baseline,zip_code,148xx,48,49,0.0007121450402065221,0.0007269813952108246,0.14583333333333334,0.14285714285714285,0.15595976380522833,0.15595976380522833,-0.010126430471894987,-0.01310262094808548,0.0029761904761904934,True
temporal_noise_baseline,zip_code,371xx,102,124,0.0015133082104388594,0.0018397080205335152,0.16666666666666666,0.16129032258064516,0.15595976380522833,0.15595976380522833,0.010706902861438328,0.005330558775416827,0.005376344086021501,False
temporal_noise_baseline,zip_code,225xx,58,70,0.0008605085902495475,0.001038544850301178,0.10344827586206896,0.17142857142857143,0.15595976380522833,0.15595976380522833,-0.052511487943159366,0.0154688076233431,0.06798029556650247,True
temporal_noise_baseline,zip_code,612xx,39,45,0.0005786178451677992,0.0006676359751936144,0.1282051282051282,0.044444444444444446,0.15595976380522833,0.15595976380522833,-0.027754635600100136,-0.11151531936078388,0.08376068376068374,True
temporal_noise_baseline,zip_code,922xx,213,198,0.003160143615916442,0.0029375982908519034,0.1643192488262911,0.11616161616161616,0.15595976380522833,0.15595976380522833,0.008359485021062762,-0.03979814764361217,0.04815763266467493,False
temporal_noise_baseline,zip_code,741xx,68,73,0.001008872140292573,0.0010830539153140856,0.22058823529411764,0.1506849315068493,0.15595976380522833,0.15595976380522833,0.06462847148888931,-0.005274832298379023,0.06990330378726833,True
temporal_noise_baseline,zip_code,209xx,82,86,0.0012165811103528085,0.0012759265303700187,0.18292682926829268,0.20930232558139536,0.15595976380522833,0.15595976380522833,0.02696706546306435,0.05334256177616703,0.02637549631310268,True
temporal_noise_baseline,zip_code,908xx,139,148,0.0020622533455980536,0.0021957805406367763,0.14388489208633093,0.12837837837837837,0.15595976380522833,0.15595976380522833,-0.0120748717188974,-0.027581385426849958,0.015506513707952557,False
temporal_noise_baseline,zip_code,111xx,114,103,0.0016913444704904899,0.0015281445654431619,0.14912280701754385,0.11650485436893204,0.15595976380522833,0.15595976380522833,-0.006836956787684478,-0.03945490943629629,0.03261795264861181,False
temporal_noise_baseline,zip_code,218xx,32,33,0.00047476336013768135,0.0004895997151419839,0.15625,0.15151515151515152,0.15595976380522833,0.15595976380522833,0.0002902361947716703,-0.00444461229007681,0.004734848484848481,True
temporal_noise_baseline,zip_code,323xx,83,69,0.001231417465357111,0.0010237084952968755,0.1686746987951807,0.21739130434782608,0.15595976380522833,0.15595976380522833,0.012714934989952381,0.06143154054259775,0.04871660555264537,True
temporal_noise_baseline,zip_code,088xx,289,293,0.004287706596243435,0.004347052016260645,0.13494809688581316,0.15017064846416384,0.15595976380522833,0.15595976380522833,-0.021011666919415167,-0.0057891153410644935,0.015222551578350674,False
temporal_noise_baseline,zip_code,654xx,15,9,0.00022254532506453816,0.0001335271950387229,0.13333333333333333,0.1111111111111111,0.15595976380522833,0.15595976380522833,-0.022626430471894998,-0.044848652694117225,0.022222222222222227,True
temporal_noise_baseline,zip_code,140xx,117,114,0.0017358535355033976,0.0016913444704904899,0.1623931623931624,0.16666666666666666,0.15595976380522833,0.15595976380522833,0.006433398587934069,0.010706902861438328,0.004273504273504258,False
temporal_noise_baseline,zip_code,489xx,31,32,0.0004599270051333788,0.00047476336013768135,0.03225806451612903,0.1875,0.15595976380522833,0.15595976380522833,-0.1237016992890993,0.03154023619477167,0.15524193548387097,True
temporal_noise_baseline,zip_code,069xx,47,40,0.0006973086852022195,0.0005934542001721018,0.1276595744680851,0.125,0.15595976380522833,0.15595976380522833,-0.028300189337143233,-0.03095976380522833,0.0026595744680850963,True
temporal_noise_baseline,zip_code,309xx,34,29,0.0005044360701462865,0.00043025429512477377,0.2647058823529412,0.13793103448275862,0.15595976380522833,0.15595976380522833,0.10874611854771285,-0.01802872932246971,0.12677484787018256,True
temporal_noise_baseline,zip_code,604xx,326,322,0.004836651731402629,0.004777306311385419,0.15950920245398773,0.16149068322981366,0.15595976380522833,0.15595976380522833,0.0035494386487593954,0.005530919424585334,0.001981480775825939,False
temporal_noise_baseline,zip_code,232xx,131,129,0.001943562505563633,0.001913889795555028,0.16793893129770993,0.10852713178294573,0.15595976380522833,0.15595976380522833,0.011979167492481596,-0.047432632022282595,0.05941179951476419,False
temporal_noise_baseline,zip_code,735xx,48,39,0.0007121450402065221,0.0005786178451677992,0.1875,0.20512820512820512,0.15595976380522833,0.15595976380522833,0.03154023619477167,0.04916844132297679,0.01762820512820512,True
temporal_noise_baseline,zip_code,134xx,48,50,0.0007121450402065221,0.0007418177502151272,0.10416666666666667,0.16,0.15595976380522833,0.15595976380522833,-0.05179309713856166,0.004040236194771674,0.05583333333333333,True
temporal_noise_baseline,zip_code,475xx,20,15,0.0002967271000860509,0.00022254532506453816,0.1,0.13333333333333333,0.15595976380522833,0.15595976380522833,-0.055959763805228324,-0.022626430471894998,0.033333333333333326,True
temporal_noise_baseline,zip_code,207xx,266,296,0.0039464704311444766,0.0043915610812735525,0.18421052631578946,0.18243243243243243,0.15595976380522833,0.15595976380522833,0.028250762510561134,0.0264726686272041,0.0017780938833570348,False
temporal_noise_baseline,zip_code,334xx,359,328,0.005326251446544613,0.004866324441411234,0.15041782729805014,0.17073170731707318,0.15595976380522833,0.15595976380522833,-0.005541936507178186,0.014771943511844854,0.02031388001902304,False
temporal_noise_baseline,zip_code,182xx,27,26,0.0004005815851161687,0.00038574523011186614,0.3333333333333333,0.2692307692307692,0.15595976380522833,0.15595976380522833,0.17737356952810499,0.11327100542554089,0.0641025641025641,True
temporal_noise_baseline,zip_code,727xx,92,92,0.001364944660395834,0.001364944660395834,0.1956521739130435,0.13043478260869565,0.15595976380522833,0.15595976380522833,0.03969241010781516,-0.02552498119653268,0.06521739130434784,True
temporal_noise_baseline,zip_code,070xx,581,544,0.008619922257499777,0.008070977122340584,0.17728055077452667,0.17095588235294118,0.15595976380522833,0.15595976380522833,0.021320786969298344,0.01499611854771285,0.006324668421585494,False
temporal_noise_baseline,zip_code,015xx,100,108,0.0014836355004302544,0.0016023263404646747,0.17,0.1574074074074074,0.15595976380522833,0.15595976380522833,0.014040236194771682,0.0014476436021790828,0.0125925925925926,False
temporal_noise_baseline,zip_code,716xx,23,25,0.0003412361650989585,0.0003709088751075636,0.043478260869565216,0.2,0.15595976380522833,0.15595976380522833,-0.11248150293566311,0.04404023619477168,0.1565217391304348,True
temporal_noise_baseline,zip_code,336xx,171,160,0.002537016705735735,0.002373816800688407,0.15204678362573099,0.1625,0.15595976380522833,0.15595976380522833,-0.003912980179497344,0.006540236194771676,0.01045321637426902,False
temporal_noise_baseline,zip_code,294xx,172,144,0.0025518530607400373,0.0021364351206195663,0.08139534883720931,0.1597222222222222,0.15595976380522833,0.15595976380522833,-0.07456441496801902,0.00376245841699388,0.0783268733850129,False
temporal_noise_baseline,zip_code,913xx,398,383,0.005904869291712412,0.005682323966647874,0.14824120603015076,0.1514360313315927,0.15595976380522833,0.15595976380522833,-0.0077185577750775725,-0.004523732473635633,0.003194825301441939,False
temporal_noise_baseline,zip_code,191xx,213,202,0.003160143615916442,0.0029969437108691138,0.1596244131455399,0.19306930693069307,0.15595976380522833,0.15595976380522833,0.0036646493403115765,0.037109543125464745,0.03344489378515317,False
temporal_noise_baseline,zip_code,703xx,63,53,0.0009346903652710602,0.0007863268152280348,0.15873015873015872,0.2641509433962264,0.15595976380522833,0.15595976380522833,0.0027703949249303916,0.10819117959099808,0.10542078466606769,True
temporal_noise_baseline,zip_code,170xx,91,91,0.0013501083053915313,0.0013501083053915313,0.14285714285714285,0.0989010989010989,0.15595976380522833,0.15595976380522833,-0.01310262094808548,-0.05705866490412943,0.04395604395604395,True
temporal_noise_baseline,zip_code,813xx,17,23,0.00025221803507314325,0.0003412361650989585,0.058823529411764705,0.17391304347826086,0.15595976380522833,0.15595976380522833,-0.09713623439346362,0.017953279673032535,0.11508951406649616,True
temporal_noise_baseline,zip_code,532xx,122,104,0.0018100353105249102,0.0015429809204474646,0.16393442622950818,0.25,0.15595976380522833,0.15595976380522833,0.007974662424279855,0.09404023619477167,0.08606557377049182,False
temporal_noise_baseline,zip_code,722xx,41,45,0.0006082905551764042,0.0006676359751936144,0.21951219512195122,0.1111111111111111,0.15595976380522833,0.15595976380522833,0.06355243131672289,-0.044848652694117225,0.10840108401084012,True
temporal_noise_baseline,zip_code,930xx,203,204,0.003011780065873416,0.0030266164208777187,0.12315270935960591,0.1568627450980392,0.15595976380522833,0.15595976380522833,-0.032807054445622416,0.0009029812928108838,0.0337100357384333,False
temporal_noise_baseline,zip_code,208xx,176,179,0.0026111984807572477,0.0026557075457701554,0.11363636363636363,0.1005586592178771,0.15595976380522833,0.15595976380522833,-0.0423234001688647,-0.05540110458735123,0.013077704418486533,False
temporal_noise_baseline,zip_code,018xx,158,181,0.0023441440906798016,0.0026853802557787604,0.18354430379746836,0.16574585635359115,0.15595976380522833,0.15595976380522833,0.02758453999224003,0.009786092548362824,0.017798447443877208,False
temporal_noise_baseline,zip_code,571xx,35,40,0.000519272425150589,0.0005934542001721018,0.2571428571428571,0.15,0.15595976380522833,0.15595976380522833,0.10118309333762879,-0.005959763805228335,0.10714285714285712,True
temporal_noise_baseline,zip_code,802xx,290,336,0.004302542951247737,0.004985015281445655,0.09655172413793103,0.13392857142857142,0.15595976380522833,0.15595976380522833,-0.0594080396672973,-0.022031192376656905,0.03737684729064039,False
temporal_noise_baseline,zip_code,466xx,20,23,0.0002967271000860509,0.0003412361650989585,0.1,0.043478260869565216,0.15595976380522833,0.15595976380522833,-0.055959763805228324,-0.11248150293566311,0.05652173913043479,True
temporal_noise_baseline,zip_code,186xx,33,33,0.0004895997151419839,0.0004895997151419839,0.24242424242424243,0.2727272727272727,0.15595976380522833,0.15595976380522833,0.0864644786190141,0.11676750892204438,0.030303030303030276,True
temporal_noise_baseline,zip_code,786xx,230,250,0.0034123616509895848,0.003709088751075636,0.16521739130434782,0.128,0.15595976380522833,0.15595976380522833,0.009257627499119486,-0.027959763805228327,0.03721739130434781,False
temporal_noise_baseline,zip_code,142xx,147,137,0.002180944185632474,0.0020325806355894482,0.1564625850340136,0.20437956204379562,0.15595976380522833,0.15595976380522833,0.0005028212287852829,0.04841979823856729,0.04791697700978201,False
temporal_noise_baseline,zip_code,959xx,103,120,0.0015281445654431619,0.0017803626005163053,0.13592233009708737,0.16666666666666666,0.15595976380522833,0.15595976380522833,-0.020037433708140956,0.010706902861438328,0.030744336569579284,False
temporal_noise_baseline,zip_code,939xx,84,104,0.0012462538203614137,0.0015429809204474646,0.13095238095238096,0.15384615384615385,0.15595976380522833,0.15595976380522833,-0.02500738285284737,-0.002113609959074475,0.022893772893772896,True
temporal_noise_baseline,zip_code,789xx,12,16,0.00017803626005163053,0.00023738168006884067,0.16666666666666666,0.125,0.15595976380522833,0.15595976380522833,0.010706902861438328,-0.03095976380522833,0.04166666666666666,True
temporal_noise_baseline,zip_code,815xx,33,39,0.0004895997151419839,0.0005786178451677992,0.24242424242424243,0.23076923076923078,0.15595976380522833,0.15595976380522833,0.0864644786190141,0.07480946696400245,0.011655011655011649,True
temporal_noise_baseline,zip_code,906xx,224,186,0.00332334352096377,0.002759562030800273,0.15178571428571427,0.14516129032258066,0.15595976380522833,0.15595976380522833,-0.004174049519514056,-0.010798473482647675,0.006624423963133619,False
temporal_noise_baseline,zip_code,788xx,24,27,0.00035607252010326105,0.0004005815851161687,0.16666666666666666,0.1111111111111111,0.15595976380522833,0.15595976380522833,0.010706902861438328,-0.044848652694117225,0.05555555555555555,True
temporal_noise_baseline,zip_code,851xx,103,88,0.0015281445654431619,0.0013055992403786239,0.17475728155339806,0.14772727272727273,0.15595976380522833,0.15595976380522833,0.018797517748169734,-0.008232491077955595,0.02703000882612533,True
temporal_noise_baseline,zip_code,637xx,17,23,0.00025221803507314325,0.0003412361650989585,0.23529411764705882,0.17391304347826086,0.15595976380522833,0.15595976380522833,0.07933435384183049,0.017953279673032535,0.061381074168797956,True
temporal_noise_baseline,zip_code,226xx,55,62,0.0008159995252366399,0.0009198540102667576,0.16363636363636364,0.14516129032258066,0.15595976380522833,0.15595976380522833,0.007676599831135306,-0.010798473482647675,0.01847507331378298,True
temporal_noise_baseline,zip_code,220xx,132,126,0.0019583988605679356,0.0018693807305421204,0.16666666666666666,0.14285714285714285,0.15595976380522833,0.15595976380522833,0.010706902861438328,-0.01310262094808548,0.023809523809523808,False
temporal_noise_baseline,zip_code,890xx,229,255,0.0033975252959852825,0.0037832705260971485,0.17903930131004367,0.1843137254901961,0.15595976380522833,0.15595976380522833,0.02307953750481534,0.02835396168496776,0.0052744241801524205,False
temporal_noise_baseline,zip_code,857xx,170,176,0.0025221803507314323,0.0026111984807572477,0.14705882352941177,0.14204545454545456,0.15595976380522833,0.15595976380522833,-0.00890094027581656,-0.013914309259773772,0.0050133689839572115,False
temporal_noise_baseline,zip_code,984xx,94,109,0.001394617370404439,0.0016171626954689772,0.19148936170212766,0.1651376146788991,0.15595976380522833,0.15595976380522833,0.03552959789689933,0.009177850873670762,0.026351747023228567,True
temporal_noise_baseline,zip_code,299xx,34,27,0.0005044360701462865,0.0004005815851161687,0.17647058823529413,0.18518518518518517,0.15595976380522833,0.15595976380522833,0.0205108244300658,0.029225421379956845,0.008714596949891046,True
temporal_noise_baseline,zip_code,281xx,104,111,0.0015429809204474646,0.0016468354054775822,0.18269230769230768,0.1891891891891892,0.15595976380522833,0.15595976380522833,0.026732543887079352,0.03322942538396087,0.006496881496881518,False
temporal_noise_baseline,zip_code,539xx,25,24,0.0003709088751075636,0.00035607252010326105,0.08,0.125,0.15595976380522833,0.15595976380522833,-0.07595976380522833,-0.03095976380522833,0.045,True
temporal_noise_baseline,zip_code,037xx,17,15,0.00025221803507314325,0.00022254532506453816,0.058823529411764705,0.06666666666666667,0.15595976380522833,0.15595976380522833,-0.09713623439346362,-0.08929309713856166,0.00784313725490196,True
temporal_noise_baseline,zip_code,370xx,178,156,0.0026408711907658527,0.0023144713806711966,0.1853932584269663,0.1794871794871795,0.15595976380522833,0.15595976380522833,0.02943349462173797,0.023527415681951158,0.005906078939786813,False
temporal_noise_baseline,zip_code,708xx,63,69,0.0009346903652710602,0.0010237084952968755,0.15873015873015872,0.13043478260869565,0.15595976380522833,0.15595976380522833,0.0027703949249303916,-0.02552498119653268,0.028295376121463073,True
temporal_noise_baseline,zip_code,177xx,18,21,0.0002670543900774458,0.0003115634550903534,0.16666666666666666,0.23809523809523808,0.15595976380522833,0.15595976380522833,0.010706902861438328,0.08213547429000975,0.07142857142857142,True
temporal_noise_baseline,zip_code,462xx,158,187,0.0023441440906798016,0.0027743983858045753,0.22784810126582278,0.17647058823529413,0.15595976380522833,0.15595976380522833,0.07188833746059445,0.0205108244300658,0.05137751303052865,False
temporal_noise_baseline,zip_code,366xx,34,47,0.0005044360701462865,0.0006973086852022195,0.17647058823529413,0.14893617021276595,0.15595976380522833,0.15595976380522833,0.0205108244300658,-0.007023593592462379,0.02753441802252818,True
temporal_noise_baseline,zip_code,856xx,96,88,0.0014242900804130442,0.0013055992403786239,0.19791666666666666,0.125,0.15595976380522833,0.15595976380522833,0.04195690286143833,-0.03095976380522833,0.07291666666666666,True
temporal_noise_baseline,zip_code,443xx,48,45,0.0007121450402065221,0.0006676359751936144,0.20833333333333334,0.2222222222222222,0.15595976380522833,0.15595976380522833,0.05237356952810501,0.06626245841699388,0.013888888888888867,True
temporal_noise_baseline,zip_code,541xx,28,32,0.00041541794012047123,0.00047476336013768135,0.25,0.15625,0.15595976380522833,0.15595976380522833,0.09404023619477167,0.0002902361947716703,0.09375,True
temporal_noise_baseline,zip_code,132xx,51,46,0.0007566541052194297,0.000682472330197917,0.2549019607843137,0.2391304347826087,0.15595976380522833,0.15595976380522833,0.09894219697908538,0.08317067097738037,0.015771526001705005,True
temporal_noise_baseline,zip_code,479xx,56,45,0.0008308358802409425,0.0006676359751936144,0.2857142857142857,0.1111111111111111,0.15595976380522833,0.15595976380522833,0.12975452190905737,-0.044848652694117225,0.1746031746031746,True
temporal_noise_baseline,zip_code,288xx,17,24,0.00025221803507314325,0.00035607252010326105,0.058823529411764705,0.16666666666666666,0.15595976380522833,0.15595976380522833,-0.09713623439346362,0.010706902861438328,0.10784313725490195,True
temporal_noise_baseline,zip_code,775xx,216,212,0.0032046526809293495,0.003145307260912139,0.18981481481481483,0.1320754716981132,0.15595976380522833,0.15595976380522833,0.033855051009586495,-0.023884292107115124,0.05773934311670162,False
temporal_noise_baseline,zip_code,748xx,21,27,0.0003115634550903534,0.0004005815851161687,0.14285714285714285,0.25925925925925924,0.15595976380522833,0.15595976380522833,-0.01310262094808548,0.10329949545403092,0.1164021164021164,True
temporal_noise_baseline,zip_code,601xx,325,366,0.004821815376398327,0.005430105931574731,0.19384615384615383,0.16120218579234974,0.15595976380522833,0.15595976380522833,0.037886390040925505,0.0052424219871214095,0.032643968053804095,False
temporal_noise_baseline,zip_code,484xx,77,60,0.0011423993353312958,0.0008901813002581526,0.14285714285714285,0.16666666666666666,0.15595976380522833,0.15595976380522833,-0.01310262094808548,0.010706902861438328,0.023809523809523808,True
temporal_noise_baseline,zip_code,284xx,61,75,0.0009050176552624551,0.0011127266253226906,0.11475409836065574,0.24,0.15595976380522833,0.15595976380522833,-0.04120566544457259,0.08404023619477166,0.12524590163934424,True
temporal_noise_baseline,zip_code,563xx,49,46,0.0007269813952108246,0.000682472330197917,0.1836734693877551,0.15217391304347827,0.15595976380522833,0.15595976380522833,0.027713705582526782,-0.003785850761750059,0.03149955634427684,True
temporal_noise_baseline,zip_code,432xx,159,179,0.0023589804456841043,0.0026557075457701554,0.1509433962264151,0.13966480446927373,0.15595976380522833,0.15595976380522833,-0.005016367578813241,-0.016294959335954595,0.011278591757141354,False
temporal_noise_baseline,zip_code,547xx,32,32,0.00047476336013768135,0.00047476336013768135,0.21875,0.15625,0.15595976380522833,0.15595976380522833,0.06279023619477167,0.0002902361947716703,0.0625,True
temporal_noise_baseline,zip_code,403xx,48,34,0.0007121450402065221,0.0005044360701462865,0.16666666666666666,0.14705882352941177,0.15595976380522833,0.15595976380522833,0.010706902861438328,-0.00890094027581656,0.019607843137254888,True
temporal_noise_baseline,zip_code,030xx,95,124,0.0014094537254087415,0.0018397080205335152,0.07368421052631578,0.12096774193548387,0.15595976380522833,0.15595976380522833,-0.08227555327891255,-0.034992021869744455,0.04728353140916809,True
temporal_noise_baseline,zip_code,121xx,75,67,0.0011127266253226906,0.0009940357852882703,0.18666666666666668,0.16417910447761194,0.15595976380522833,0.15595976380522833,0.030706902861438345,0.008219340672383613,0.022487562189054733,True
temporal_noise_baseline,zip_code,701xx,83,90,0.001231417465357111,0.0013352719503872288,0.0963855421686747,0.2222222222222222,0.15595976380522833,0.15595976380522833,-0.059574221636553626,0.06626245841699388,0.1258366800535475,True
temporal_noise_baseline,zip_code,973xx,129,142,0.001913889795555028,0.002106762410610961,0.08527131782945736,0.1056338028169014,0.15595976380522833,0.15595976380522833,-0.07068844597577097,-0.05032596098832692,0.020362484987444043,False
temporal_noise_baseline,zip_code,850xx,304,282,0.004510251921307973,0.004183852111213317,0.15460526315789475,0.14893617021276595,0.15595976380522833,0.15595976380522833,-0.001354500647333584,-0.007023593592462379,0.005669092945128795,False
temporal_noise_baseline,zip_code,228xx,26,37,0.00038574523011186614,0.0005489451351591941,0.23076923076923078,0.1891891891891892,0.15595976380522833,0.15595976380522833,0.07480946696400245,0.03322942538396087,0.04158004158004158,True
temporal_noise_baseline,zip_code,936xx,102,94,0.0015133082104388594,0.001394617370404439,0.08823529411764706,0.09574468085106383,0.15595976380522833,0.15595976380522833,-0.06772446968758127,-0.0602150829541645,0.007509386733416765,True
temporal_noise_baseline,zip_code,482xx,101,96,0.0014984718554345569,0.0014242900804130442,0.2079207920792079,0.20833333333333334,0.15595976380522833,0.15595976380522833,0.05196102827397958,0.05237356952810501,0.0004125412541254314,True
temporal_noise_baseline,zip_code,452xx,162,189,0.002403489510697012,0.0028040710958131807,0.21604938271604937,0.14814814814814814,0.15595976380522833,0.15595976380522833,0.06008961891082104,-0.00781161565708019,0.06790123456790123,False
temporal_noise_baseline,zip_code,974xx,102,105,0.0015133082104388594,0.001557817275451767,0.1568627450980392,0.1523809523809524,0.15595976380522833,0.15595976380522833,0.0009029812928108838,-0.003578811424275935,0.004481792717086819,False
temporal_noise_baseline,zip_code,847xx,26,41,0.00038574523011186614,0.0006082905551764042,0.23076923076923078,0.1951219512195122,0.15595976380522833,0.15595976380522833,0.07480946696400245,0.03916218741428387,0.03564727954971858,True
temporal_noise_baseline,zip_code,196xx,43,46,0.0006379632651850093,0.000682472330197917,0.27906976744186046,0.17391304347826086,0.15595976380522833,0.15595976380522833,0.12311000363663213,0.017953279673032535,0.1051567239635996,True
temporal_noise_baseline,zip_code,061xx,64,58,0.0009495267202753627,0.0008605085902495475,0.140625,0.20689655172413793,0.15595976380522833,0.15595976380522833,-0.01533476380522833,0.0509367879189096,0.06627155172413793,True
temporal_noise_baseline,zip_code,320xx,104,124,0.0015429809204474646,0.0018397080205335152,0.17307692307692307,0.1774193548387097,0.15595976380522833,0.15595976380522833,0.017117159271694743,0.021459591033481357,0.004342431761786614,False
temporal_noise_baseline,zip_code,287xx,79,88,0.0011720720453399008,0.0013055992403786239,0.12658227848101267,0.17045454545454544,0.15595976380522833,0.15595976380522833,-0.029377485324215663,0.014494781649317112,0.043872266973532775,True
temporal_noise_baseline,zip_code,176xx,30,27,0.0004450906501290763,0.0004005815851161687,0.13333333333333333,0.07407407407407407,0.15595976380522833,0.15595976380522833,-0.022626430471894998,-0.08188568973115426,0.05925925925925926,True
temporal_noise_baseline,zip_code,312xx,18,26,0.0002670543900774458,0.00038574523011186614,0.2222222222222222,0.15384615384615385,0.15595976380522833,0.15595976380522833,0.06626245841699388,-0.002113609959074475,0.06837606837606836,True
temporal_noise_baseline,zip_code,648xx,41,31,0.0006082905551764042,0.0004599270051333788,0.12195121951219512,0.16129032258064516,0.15595976380522833,0.15595976380522833,-0.03400854429303321,0.005330558775416827,0.03933910306845004,True
temporal_noise_baseline,zip_code,190xx,222,223,0.0032936708109551644,0.003308507165959467,0.18468468468468469,0.13452914798206278,0.15595976380522833,0.15595976380522833,0.028724920879456356,-0.02143061582316555,0.050155536702621906,False
temporal_noise_baseline,zip_code,079xx,46,56,0.000682472330197917,0.0008308358802409425,0.17391304347826086,0.14285714285714285,0.15595976380522833,0.15595976380522833,0.017953279673032535,-0.01310262094808548,0.031055900621118016,True
temporal_noise_baseline,zip_code,057xx,9,10,0.0001335271950387229,0.00014836355004302544,0.1111111111111111,0.2,0.15595976380522833,0.15595976380522833,-0.044848652694117225,0.04404023619477168,0.0888888888888889,True
temporal_noise_baseline,zip_code,544xx,49,48,0.0007269813952108246,0.0007121450402065221,0.1836734693877551,0.125,0.15595976380522833,0.15595976380522833,0.027713705582526782,-0.03095976380522833,0.05867346938775511,True
temporal_noise_baseline,zip_code,761xx,178,195,0.0026408711907658527,0.0028930892258389957,0.21910112359550563,0.14871794871794872,0.15595976380522833,0.15595976380522833,0.0631413597902773,-0.007241815087279613,0.07038317487755691,False
temporal_noise_baseline,zip_code,607xx,36,32,0.0005341087801548916,0.00047476336013768135,0.2777777777777778,0.0625,0.15595976380522833,0.15595976380522833,0.12181801397254946,-0.09345976380522833,0.2152777777777778,True
temporal_noise_baseline,zip_code,352xx,92,98,0.001364944660395834,0.0014539627904216492,0.14130434782608695,0.14285714285714285,0.15595976380522833,0.15595976380522833,-0.014655415979141384,-0.01310262094808548,0.0015527950310559036,True
temporal_noise_baseline,zip_code,490xx,104,89,0.0015429809204474646,0.0013204355953829263,0.16346153846153846,0.21348314606741572,0.15595976380522833,0.15595976380522833,0.007501774656310134,0.057523382262187395,0.05002160760587726,True
temporal_noise_baseline,zip_code,272xx,99,105,0.0014687991454259517,0.001557817275451767,0.16161616161616163,0.14285714285714285,0.15595976380522833,0.15595976380522833,0.0056563978109333,-0.01310262094808548,0.01875901875901878,True
temporal_noise_baseline,zip_code,535xx,91,91,0.0013501083053915313,0.0013501083053915313,0.0989010989010989,0.12087912087912088,0.15595976380522833,0.15595976380522833,-0.05705866490412943,-0.03508064292610745,0.021978021978021983,True
temporal_noise_baseline,zip_code,630xx,111,143,0.0016468354054775822,0.0021215987656152636,0.16216216216216217,0.13986013986013987,0.15595976380522833,0.15595976380522833,0.0062023983569338415,-0.01609962394508846,0.0223020223020223,False
temporal_noise_baseline,zip_code,764xx,18,21,0.0002670543900774458,0.0003115634550903534,0.05555555555555555,0.047619047619047616,0.15595976380522833,0.15595976380522833,-0.10040420824967278,-0.10834071618618071,0.007936507936507936,True
temporal_noise_baseline,zip_code,310xx,99,97,0.0014687991454259517,0.0014391264354173467,0.16161616161616163,0.14432989690721648,0.15595976380522833,0.15595976380522833,0.0056563978109333,-0.011629866898011848,0.017286264708945148,True
temporal_noise_baseline,zip_code,265xx,37,33,0.0005489451351591941,0.0004895997151419839,0.10810810810810811,0.09090909090909091,0.15595976380522833,0.15595976380522833,-0.047851655697120216,-0.06505067289613742,0.017199017199017202,True
temporal_noise_baseline,zip_code,560xx,49,49,0.0007269813952108246,0.0007269813952108246,0.12244897959183673,0.30612244897959184,0.15595976380522833,0.15595976380522833,-0.0335107842133916,0.1501626851743635,0.1836734693877551,True
temporal_noise_baseline,zip_code,477xx,22,25,0.00032639981009465596,0.0003709088751075636,0.18181818181818182,0.12,0.15595976380522833,0.15595976380522833,0.025858418012953494,-0.035959763805228334,0.06181818181818183,True
temporal_noise_baseline,zip_code,458xx,45,46,0.0006676359751936144,0.000682472330197917,0.2,0.10869565217391304,0.15595976380522833,0.15595976380522833,0.04404023619477168,-0.04726411163131529,0.09130434782608697,True
temporal_noise_baseline,zip_code,103xx,146,151,0.0021661078306281713,0.002240289605649684,0.1506849315068493,0.2185430463576159,0.15595976380522833,0.15595976380522833,-0.005274832298379023,0.06258328255238757,0.0678581148507666,False
temporal_noise_baseline,zip_code,214xx,24,28,0.00035607252010326105,0.00041541794012047123,0.2916666666666667,0.14285714285714285,0.15595976380522833,0.15595976380522833,0.13570690286143836,-0.01310262094808548,0.14880952380952384,True
temporal_noise_baseline,zip_code,224xx,70,66,0.001038544850301178,0.0009791994302839678,0.15714285714285714,0.15151515151515152,0.15595976380522833,0.15595976380522833,0.00118309333762881,-0.00444461229007681,0.00562770562770562,True
temporal_noise_baseline,zip_code,380xx,103,85,0.0015281445654431619,0.0012610901753657162,0.23300970873786409,0.21176470588235294,0.15595976380522833,0.15595976380522833,0.07704994493263576,0.05580494207712461,0.021245002855511147,True
temporal_noise_baseline,zip_code,028xx,178,200,0.0026408711907658527,0.0029672710008605088,0.11797752808988764,0.105,0.15595976380522833,0.15595976380522833,-0.03798223571534069,-0.050959763805228334,0.012977528089887641,False
temporal_noise_baseline,zip_code,989xx,61,63,0.0009050176552624551,0.0009346903652710602,0.13114754098360656,0.14285714285714285,0.15595976380522833,0.15595976380522833,-0.024812222821621766,-0.01310262094808548,0.011709601873536285,True
temporal_noise_baseline,zip_code,752xx,235,225,0.0034865434260110974,0.003338179875968072,0.14042553191489363,0.1288888888888889,0.15595976380522833,0.15595976380522833,-0.015534231890334704,-0.027070874916339444,0.01153664302600474,False
temporal_noise_baseline,zip_code,549xx,66,63,0.0009791994302839678,0.0009346903652710602,0.13636363636363635,0.15873015873015872,0.15595976380522833,0.15595976380522833,-0.019596127441591976,0.0027703949249303916,0.022366522366522368,True
temporal_noise_baseline,zip_code,430xx,192,227,0.0028485801608260884,0.003367852585976677,0.11979166666666667,0.16299559471365638,0.15595976380522833,0.15595976380522833,-0.03616809713856166,0.007035830908428048,0.043203928046989706,False
temporal_noise_baseline,zip_code,674xx,28,34,0.00041541794012047123,0.0005044360701462865,0.14285714285714285,0.14705882352941177,0.15595976380522833,0.15595976380522833,-0.01310262094808548,-0.00890094027581656,0.00420168067226892,True
temporal_noise_baseline,zip_code,379xx,70,85,0.001038544850301178,0.0012610901753657162,0.21428571428571427,0.18823529411764706,0.15595976380522833,0.15595976380522833,0.058325950480485944,0.032275530312418726,0.026050420168067218,True
temporal_noise_baseline,zip_code,745xx,11,8,0.00016319990504732798,0.00011869084003442034,0.2727272727272727,0.125,0.15595976380522833,0.15595976380522833,0.11676750892204438,-0.03095976380522833,0.1477272727272727,True
temporal_noise_baseline,zip_code,442xx,135,123,0.0020029079255808433,0.0018248716655292127,0.24444444444444444,0.15447154471544716,0.15595976380522833,0.15595976380522833,0.0884846806392161,-0.0014882190897811676,0.08997289972899727,False
temporal_noise_baseline,zip_code,106xx,30,35,0.0004450906501290763,0.000519272425150589,0.1,0.08571428571428572,0.15595976380522833,0.15595976380522833,-0.055959763805228324,-0.07024547809094261,0.01428571428571429,True
temporal_noise_baseline,zip_code,828xx,10,9,0.00014836355004302544,0.0001335271950387229,0.3,0.1111111111111111,0.15595976380522833,0.15595976380522833,0.14404023619477166,-0.044848652694117225,0.18888888888888888,True
temporal_noise_baseline,zip_code,882xx,36,35,0.0005341087801548916,0.000519272425150589,0.1388888888888889,0.14285714285714285,0.15595976380522833,0.15595976380522833,-0.017070874916339435,-0.01310262094808548,0.003968253968253954,True
temporal_noise_baseline,zip_code,215xx,18,19,0.0002670543900774458,0.00028189074508174833,0.2222222222222222,0.21052631578947367,0.15595976380522833,0.15595976380522833,0.06626245841699388,0.05456655198424534,0.011695906432748537,True
temporal_noise_baseline,zip_code,431xx,117,98,0.0017358535355033976,0.0014539627904216492,0.1452991452991453,0.14285714285714285,0.15595976380522833,0.15595976380522833,-0.01066061850608302,-0.01310262094808548,0.002442002442002461,True
temporal_noise_baseline,zip_code,271xx,41,54,0.0006082905551764042,0.0008011631702323374,0.17073170731707318,0.09259259259259259,0.15595976380522833,0.15595976380522833,0.014771943511844854,-0.06336717121263574,0.0781391147244806,True
temporal_noise_baseline,zip_code,286xx,95,99,0.0014094537254087415,0.0014687991454259517,0.17894736842105263,0.21212121212121213,0.15595976380522833,0.15595976380522833,0.022987604615824303,0.0561614483159838,0.033173843700159494,True
temporal_noise_baseline,zip_code,910xx,75,93,0.0011127266253226906,0.0013797810154001365,0.16,0.08602150537634409,0.15595976380522833,0.15595976380522833,0.004040236194771674,-0.06993825842888424,0.07397849462365591,True
temporal_noise_baseline,zip_code,997xx,26,36,0.00038574523011186614,0.0005341087801548916,0.19230769230769232,0.19444444444444445,0.15595976380522833,0.15595976380522833,0.03634792850246399,0.03848468063921612,0.002136752136752129,True
temporal_noise_baseline,zip_code,421xx,36,31,0.0005341087801548916,0.0004599270051333788,0.19444444444444445,0.06451612903225806,0.15595976380522833,0.15595976380522833,0.03848468063921612,-0.09144363477297027,0.12992831541218638,True
temporal_noise_baseline,zip_code,144xx,74,74,0.0010978902703183881,0.0010978902703183881,0.16216216216216217,0.20270270270270271,0.15595976380522833,0.15595976380522833,0.0062023983569338415,0.046742938897474384,0.04054054054054054,True
temporal_noise_baseline,zip_code,618xx,53,45,0.0007863268152280348,0.0006676359751936144,0.22641509433962265,0.15555555555555556,0.15595976380522833,0.15595976380522833,0.07045533053439432,-0.0004042082496727717,0.07085953878406709,True
temporal_noise_baseline,zip_code,660xx,136,119,0.002017744280585146,0.0017655262455120026,0.11029411764705882,0.14285714285714285,0.15595976380522833,0.15595976380522833,-0.04566564615816951,-0.01310262094808548,0.03256302521008403,False
temporal_noise_baseline,zip_code,496xx,38,34,0.0005637814901634967,0.0005044360701462865,0.02631578947368421,0.029411764705882353,0.15595976380522833,0.15595976380522833,-0.12964397433154412,-0.12654799909934597,0.0030959752321981504,True
temporal_noise_baseline,zip_code,481xx,341,320,0.005059197056467167,0.004747633601376814,0.16422287390029325,0.175,0.15595976380522833,0.15595976380522833,0.008263110095064918,0.01904023619477166,0.01077712609970674,False
temporal_noise_baseline,zip_code,991xx,29,29,0.00043025429512477377,0.00043025429512477377,0.20689655172413793,0.13793103448275862,0.15595976380522833,0.15595976380522833,0.0509367879189096,-0.01802872932246971,0.06896551724137931,True
temporal_noise_baseline,zip_code,291xx,44,31,0.0006527996201893119,0.0004599270051333788,0.13636363636363635,0.12903225806451613,0.15595976380522833,0.15595976380522833,-0.019596127441591976,-0.026927505740712204,0.007331378299120228,True
temporal_noise_baseline,zip_code,769xx,17,26,0.00025221803507314325,0.00038574523011186614,0.11764705882352941,0.07692307692307693,0.15595976380522833,0.15595976380522833,-0.03831270498169892,-0.0790366868821514,0.04072398190045248,True
temporal_noise_baseline,zip_code,471xx,58,37,0.0008605085902495475,0.0005489451351591941,0.1724137931034483,0.08108108108108109,0.15595976380522833,0.15595976380522833,0.016454029298219958,-0.07487868272414724,0.0913327120223672,True
temporal_noise_baseline,zip_code,806xx,54,70,0.0008011631702323374,0.001038544850301178,0.07407407407407407,0.12857142857142856,0.15595976380522833,0.15595976380522833,-0.08188568973115426,-0.02738833523379977,0.05449735449735449,True
temporal_noise_baseline,zip_code,233xx,61,60,0.0009050176552624551,0.0008901813002581526,0.21311475409836064,0.2,0.15595976380522833,0.15595976380522833,0.05715499029313231,0.04404023619477168,0.013114754098360631,True
temporal_noise_baseline,zip_code,254xx,72,65,0.0010682175603097832,0.0009643630752796653,0.1111111111111111,0.13846153846153847,0.15595976380522833,0.15595976380522833,-0.044848652694117225,-0.01749822534368986,0.027350427350427364,True
temporal_noise_baseline,zip_code,141xx,45,65,0.0006676359751936144,0.0009643630752796653,0.2222222222222222,0.2,0.15595976380522833,0.15595976380522833,0.06626245841699388,0.04404023619477168,0.0222222222222222,True
temporal_noise_baseline,zip_code,189xx,61,85,0.0009050176552624551,0.0012610901753657162,0.14754098360655737,0.10588235294117647,0.15595976380522833,0.15595976380522833,-0.008418780198670955,-0.05007741086405186,0.041658630665380905,True
temporal_noise_baseline,zip_code,864xx,45,53,0.0006676359751936144,0.0007863268152280348,0.1111111111111111,0.2641509433962264,0.15595976380522833,0.15595976380522833,-0.044848652694117225,0.10819117959099808,0.1530398322851153,True
temporal_noise_baseline,zip_code,350xx,95,64,0.0014094537254087415,0.0009495267202753627,0.15789473684210525,0.09375,0.15595976380522833,0.15595976380522833,0.0019349730368769247,-0.06220976380522833,0.06414473684210525,True
temporal_noise_baseline,zip_code,985xx,121,108,0.0017951989555206078,0.0016023263404646747,0.1652892561983471,0.14814814814814814,0.15595976380522833,0.15595976380522833,0.009329492393118782,-0.00781161565708019,0.017141108050198972,False
temporal_noise_baseline,zip_code,383xx,31,32,0.0004599270051333788,0.00047476336013768135,0.1935483870967742,0.375,0.15595976380522833,0.15595976380522833,0.03758862329154586,0.21904023619477167,0.1814516129032258,True
temporal_noise_baseline,zip_code,456xx,44,55,0.0006527996201893119,0.0008159995252366399,0.25,0.21818181818181817,0.15595976380522833,0.15595976380522833,0.09404023619477167,0.06222205437658984,0.03181818181818183,True
temporal_noise_baseline,zip_code,368xx,51,57,0.0007566541052194297,0.0008456722352452449,0.11764705882352941,0.2631578947368421,0.15595976380522833,0.15595976380522833,-0.03831270498169892,0.10719813093161376,0.14551083591331268,True
temporal_noise_baseline,zip_code,128xx,55,70,0.0008159995252366399,0.001038544850301178,0.2,0.18571428571428572,0.15595976380522833,0.15595976380522833,0.04404023619477168,0.02975452190905739,0.01428571428571429,True
temporal_noise_baseline,zip_code,127xx,23,21,0.0003412361650989585,0.0003115634550903534,0.13043478260869565,0.09523809523809523,0.15595976380522833,0.15595976380522833,-0.02552498119653268,-0.0607216685671331,0.035196687370600416,True
temporal_noise_baseline,zip_code,798xx,11,9,0.00016319990504732798,0.0001335271950387229,0.0,0.2222222222222222,0.15595976380522833,0.15595976380522833,-0.15595976380522833,0.06626245841699388,0.2222222222222222,True
temporal_noise_baseline,zip_code,943xx,21,20,0.0003115634550903534,0.0002967271000860509,0.09523809523809523,0.1,0.15595976380522833,0.15595976380522833,-0.0607216685671331,-0.055959763805228324,0.004761904761904773,True
temporal_noise_baseline,zip_code,313xx,37,54,0.0005489451351591941,0.0008011631702323374,0.08108108108108109,0.18518518518518517,0.15595976380522833,0.15595976380522833,-0.07487868272414724,0.029225421379956845,0.10410410410410409,True
temporal_noise_baseline,zip_code,317xx,53,62,0.0007863268152280348,0.0009198540102667576,0.16981132075471697,0.0967741935483871,0.15595976380522833,0.15595976380522833,0.013851556949488641,-0.059185570256841236,0.07303712720632988,True
temporal_noise_baseline,zip_code,804xx,49,53,0.0007269813952108246,0.0007863268152280348,0.20408163265306123,0.1509433962264151,0.15595976380522833,0.15595976380522833,0.0481218688478329,-0.005016367578813241,0.05313823642664614,True
temporal_noise_baseline,zip_code,907xx,209,202,0.0031007981958992314,0.0029969437108691138,0.15311004784688995,0.15346534653465346,0.15595976380522833,0.15595976380522833,-0.0028497159583383835,-0.002494417270574867,0.0003552986877635167,False
temporal_noise_baseline,zip_code,809xx,142,142,0.002106762410610961,0.002106762410610961,0.1619718309859155,0.13380281690140844,0.15595976380522833,0.15595976380522833,0.0060120671806871695,-0.02215694690381989,0.02816901408450706,False
temporal_noise_baseline,zip_code,295xx,84,86,0.0012462538203614137,0.0012759265303700187,0.17857142857142858,0.19767441860465115,0.15595976380522833,0.15595976380522833,0.022611664766200246,0.04171465479942282,0.019102990033222578,True
temporal_noise_baseline,zip_code,023xx,95,126,0.0014094537254087415,0.0018693807305421204,0.15789473684210525,0.12698412698412698,0.15595976380522833,0.15595976380522833,0.0019349730368769247,-0.028975636821101353,0.030910609857978277,True
temporal_noise_baseline,zip_code,077xx,151,166,0.002240289605649684,0.002462834930714222,0.18543046357615894,0.1746987951807229,0.15595976380522833,0.15595976380522833,0.029470699770930614,0.01873903137549457,0.010731668395436045,False
temporal_noise_baseline,zip_code,255xx,20,28,0.0002967271000860509,0.00041541794012047123,0.25,0.10714285714285714,0.15595976380522833,0.15595976380522833,0.09404023619477167,-0.04881690666237119,0.14285714285714285,True
temporal_noise_baseline,zip_code,328xx,223,232,0.003308507165959467,0.00344203436099819,0.13901345291479822,0.15517241379310345,0.15595976380522833,0.15595976380522833,-0.01694631089043011,-0.0007873500121248767,0.016158960878305234,False
temporal_noise_baseline,zip_code,944xx,51,56,0.0007566541052194297,0.0008308358802409425,0.11764705882352941,0.10714285714285714,0.15595976380522833,0.15595976380522833,-0.03831270498169892,-0.04881690666237119,0.010504201680672273,True
temporal_noise_baseline,zip_code,337xx,175,188,0.002596362125752945,0.002789234740808878,0.16,0.17553191489361702,0.15595976380522833,0.15595976380522833,0.004040236194771674,0.019572151088388695,0.015531914893617021,False
temporal_noise_baseline,zip_code,723xx,32,30,0.00047476336013768135,0.0004450906501290763,0.15625,0.16666666666666666,0.15595976380522833,0.15595976380522833,0.0002902361947716703,0.010706902861438328,0.010416666666666657,True
temporal_noise_baseline,zip_code,010xx,107,104,0.001587489985460372,0.0015429809204474646,0.21495327102803738,0.1346153846153846,0.15595976380522833,0.15595976380522833,0.05899350722280905,-0.02134437918984372,0.08033788641265277,False
temporal_noise_baseline,zip_code,234xx,120,139,0.0017803626005163053,0.0020622533455980536,0.25,0.18705035971223022,0.15595976380522833,0.15595976380522833,0.09404023619477167,0.03109059590700189,0.06294964028776978,False
temporal_noise_baseline,zip_code,372xx,92,82,0.001364944660395834,0.0012165811103528085,0.18478260869565216,0.18292682926829268,0.15595976380522833,0.15595976380522833,0.028822844890423832,0.02696706546306435,0.001855779427359483,True
temporal_noise_baseline,zip_code,641xx,126,124,0.0018693807305421204,0.0018397080205335152,0.14285714285714285,0.11290322580645161,0.15595976380522833,0.15595976380522833,-0.01310262094808548,-0.04305653799877672,0.02995391705069124,False
temporal_noise_baseline,zip_code,488xx,103,107,0.0015281445654431619,0.001587489985460372,0.14563106796116504,0.17757009345794392,0.15595976380522833,0.15595976380522833,-0.01032869584406329,0.021610329652715587,0.03193902549677888,False
temporal_noise_baseline,zip_code,757xx,45,45,0.0006676359751936144,0.0006676359751936144,0.1111111111111111,0.1111111111111111,0.15595976380522833,0.15595976380522833,-0.044848652694117225,-0.044848652694117225,0.0,True
temporal_noise_baseline,zip_code,016xx,37,33,0.0005489451351591941,0.0004895997151419839,0.08108108108108109,0.2727272727272727,0.15595976380522833,0.15595976380522833,-0.07487868272414724,0.11676750892204438,0.19164619164619162,True
temporal_noise_baseline,zip_code,782xx,235,211,0.0034865434260110974,0.0031304709059078364,0.11914893617021277,0.16587677725118483,0.15595976380522833,0.15595976380522833,-0.03681082763501556,0.009917013445956496,0.046727841080972055,False
temporal_noise_baseline,zip_code,754xx,77,64,0.0011423993353312958,0.0009495267202753627,0.18181818181818182,0.15625,0.15595976380522833,0.15595976380522833,0.025858418012953494,0.0002902361947716703,0.025568181818181823,True
temporal_noise_baseline,zip_code,617xx,44,42,0.0006527996201893119,0.0006231269101807068,0.045454545454545456,0.14285714285714285,0.15595976380522833,0.15595976380522833,-0.11050521835068287,-0.01310262094808548,0.0974025974025974,True
temporal_noise_baseline,zip_code,967xx,271,274,0.004020652206165989,0.0040651612711788965,0.16236162361623616,0.17153284671532848,0.15595976380522833,0.15595976380522833,0.006401859811007826,0.01557308291010015,0.009171223099092324,False
temporal_noise_baseline,zip_code,713xx,23,22,0.0003412361650989585,0.00032639981009465596,0.13043478260869565,0.09090909090909091,0.15595976380522833,0.15595976380522833,-0.02552498119653268,-0.06505067289613742,0.03952569169960474,True
temporal_noise_baseline,zip_code,880xx,42,44,0.0006231269101807068,0.0006527996201893119,0.14285714285714285,0.1590909090909091,0.15595976380522833,0.15595976380522833,-0.01310262094808548,0.0031311452856807587,0.01623376623376624,True
temporal_noise_baseline,zip_code,805xx,136,142,0.002017744280585146,0.002106762410610961,0.08823529411764706,0.07746478873239436,0.15595976380522833,0.15595976380522833,-0.06772446968758127,-0.07849497507283397,0.010770505385252704,False
temporal_noise_baseline,zip_code,146xx,100,87,0.0014836355004302544,0.0012907628853743212,0.11,0.16091954022988506,0.15595976380522833,0.15595976380522833,-0.04595976380522833,0.0049597764246567255,0.050919540229885055,True
temporal_noise_baseline,zip_code,792xx,5,8,7.418177502151272e-05,0.00011869084003442034,0.4,0.25,0.15595976380522833,0.15595976380522833,0.2440402361947717,0.09404023619477167,0.15000000000000002,True
temporal_noise_baseline,zip_code,678xx,28,16,0.00041541794012047123,0.00023738168006884067,0.25,0.0625,0.15595976380522833,0.15595976380522833,0.09404023619477167,-0.09345976380522833,0.1875,True
temporal_noise_baseline,zip_code,454xx,66,71,0.0009791994302839678,0.0010533812053054805,0.19696969696969696,0.08450704225352113,0.15595976380522833,0.15595976380522833,0.04100993316446863,-0.0714527215517072,0.11246265471617584,True
temporal_noise_baseline,zip_code,531xx,122,124,0.0018100353105249102,0.0018397080205335152,0.14754098360655737,0.1532258064516129,0.15595976380522833,0.15595976380522833,-0.008418780198670955,-0.002733957353615424,0.005684822845055532,False
temporal_noise_baseline,zip_code,274xx,77,59,0.0011423993353312958,0.00087534494525385,0.16883116883116883,0.13559322033898305,0.15595976380522833,0.15595976380522833,0.012871405025940502,-0.02036654346624528,0.03323794849218578,True
temporal_noise_baseline,zip_code,814xx,26,23,0.00038574523011186614,0.0003412361650989585,0.11538461538461539,0.08695652173913043,0.15595976380522833,0.15595976380522833,-0.04057514842061294,-0.0690032420660979,0.02842809364548496,True
temporal_noise_baseline,zip_code,280xx,167,150,0.0024776712857185247,0.0022254532506453813,0.17365269461077845,0.14,0.15595976380522833,0.15595976380522833,0.017692930805550122,-0.015959763805228316,0.03365269461077844,False
temporal_noise_baseline,zip_code,298xx,31,40,0.0004599270051333788,0.0005934542001721018,0.0967741935483871,0.125,0.15595976380522833,0.15595976380522833,-0.059185570256841236,-0.03095976380522833,0.028225806451612906,True
temporal_noise_baseline,zip_code,453xx,80,74,0.0011869084003442035,0.0010978902703183881,0.1625,0.14864864864864866,0.15595976380522833,0.15595976380522833,0.006540236194771676,-0.007311115156579673,0.013851351351351349,True
temporal_noise_baseline,zip_code,129xx,43,35,0.0006379632651850093,0.000519272425150589,0.18604651162790697,0.11428571428571428,0.15595976380522833,0.15595976380522833,0.030086747822678644,-0.04167404951951405,0.07176079734219269,True
temporal_noise_baseline,zip_code,540xx,27,22,0.0004005815851161687,0.00032639981009465596,0.14814814814814814,0.13636363636363635,0.15595976380522833,0.15595976380522833,-0.00781161565708019,-0.019596127441591976,0.011784511784511786,True
temporal_noise_baseline,zip_code,123xx,47,45,0.0006973086852022195,0.0006676359751936144,0.0851063829787234,0.2,0.15595976380522833,0.15595976380522833,-0.07085338082650493,0.04404023619477168,0.11489361702127661,True
temporal_noise_baseline,zip_code,473xx,40,40,0.0005934542001721018,0.0005934542001721018,0.125,0.25,0.15595976380522833,0.15595976380522833,-0.03095976380522833,0.09404023619477167,0.125,True
temporal_noise_baseline,zip_code,221xx,144,143,0.0021364351206195663,0.0021215987656152636,0.1111111111111111,0.1258741258741259,0.15595976380522833,0.15595976380522833,-0.044848652694117225,-0.030085637931102444,0.014763014763014781,False
temporal_noise_baseline,zip_code,365xx,60,45,0.0008901813002581526,0.0006676359751936144,0.16666666666666666,0.17777777777777778,0.15595976380522833,0.15595976380522833,0.010706902861438328,0.021818013972549455,0.011111111111111127,True
temporal_noise_baseline,zip_code,729xx,33,36,0.0004895997151419839,0.0005341087801548916,0.21212121212121213,0.16666666666666666,0.15595976380522833,0.15595976380522833,0.0561614483159838,0.010706902861438328,0.04545454545454547,True
temporal_noise_baseline,zip_code,017xx,86,85,0.0012759265303700187,0.0012610901753657162,0.13953488372093023,0.1411764705882353,0.15595976380522833,0.15595976380522833,-0.0164248800842981,-0.014783293216993038,0.0016415868673050615,True
temporal_noise_baseline,zip_code,952xx,103,94,0.0015281445654431619,0.001394617370404439,0.1941747572815534,0.20212765957446807,0.15595976380522833,0.15595976380522833,0.038214993476325065,0.04616789576923974,0.007952902292914676,True
temporal_noise_baseline,zip_code,173xx,61,70,0.0009050176552624551,0.001038544850301178,0.09836065573770492,0.14285714285714285,0.15595976380522833,0.15595976380522833,-0.057599108067523414,-0.01310262094808548,0.04449648711943793,True
temporal_noise_baseline,zip_code,374xx,34,33,0.0005044360701462865,0.0004895997151419839,0.20588235294117646,0.21212121212121213,0.15595976380522833,0.15595976380522833,0.04992258913594813,0.0561614483159838,0.006238859180035666,True
temporal_noise_baseline,zip_code,874xx,31,24,0.0004599270051333788,0.00035607252010326105,0.16129032258064516,0.20833333333333334,0.15595976380522833,0.15595976380522833,0.005330558775416827,0.05237356952810501,0.047043010752688186,True
temporal_noise_baseline,zip_code,217xx,149,132,0.002210616895641079,0.0019583988605679356,0.174496644295302,0.2196969696969697,0.15595976380522833,0.15595976380522833,0.01853688049007368,0.06373720589174137,0.045200325401667685,False
temporal_noise_baseline,zip_code,238xx,84,85,0.0012462538203614137,0.0012610901753657162,0.17857142857142858,0.2,0.15595976380522833,0.15595976380522833,0.022611664766200246,0.04404023619477168,0.021428571428571436,True
temporal_noise_baseline,zip_code,950xx,224,231,0.00332334352096377,0.0034271980059938875,0.15178571428571427,0.16017316017316016,0.15595976380522833,0.15595976380522833,-0.004174049519514056,0.004213396367931832,0.008387445887445888,False
temporal_noise_baseline,zip_code,731xx,107,113,0.001587489985460372,0.0016765081154861874,0.18691588785046728,0.1415929203539823,0.15595976380522833,0.15595976380522833,0.030956124045238953,-0.01436684345124603,0.045322967496484984,False
temporal_noise_baseline,zip_code,451xx,71,64,0.0010533812053054805,0.0009495267202753627,0.16901408450704225,0.09375,0.15595976380522833,0.15595976380522833,0.01305432070181392,-0.06220976380522833,0.07526408450704225,True
temporal_noise_baseline,zip_code,636xx,7,15,0.00010385448503011781,0.00022254532506453816,0.0,0.26666666666666666,0.15595976380522833,0.15595976380522833,-0.15595976380522833,0.11070690286143833,0.26666666666666666,True
temporal_noise_baseline,zip_code,193xx,79,98,0.0011720720453399008,0.0014539627904216492,0.12658227848101267,0.15306122448979592,0.15595976380522833,0.15595976380522833,-0.029377485324215663,-0.002898539315432408,0.026478946008783255,True
temporal_noise_baseline,zip_code,433xx,30,33,0.0004450906501290763,0.0004895997151419839,0.23333333333333334,0.09090909090909091,0.15595976380522833,0.15595976380522833,0.07737356952810501,-0.06505067289613742,0.14242424242424243,True
temporal_noise_baseline,zip_code,469xx,50,34,0.0007418177502151272,0.0005044360701462865,0.32,0.11764705882352941,0.15595976380522833,0.15595976380522833,0.16404023619477168,-0.03831270498169892,0.2023529411764706,True
temporal_noise_baseline,zip_code,314xx,41,54,0.0006082905551764042,0.0008011631702323374,0.0975609756097561,0.16666666666666666,0.15595976380522833,0.15595976380522833,-0.05839878819547223,0.010706902861438328,0.06910569105691056,True
temporal_noise_baseline,zip_code,036xx,6,3,8.901813002581526e-05,4.450906501290763e-05,0.16666666666666666,0.3333333333333333,0.15595976380522833,0.15595976380522833,0.010706902861438328,0.17737356952810499,0.16666666666666666,True
temporal_noise_baseline,zip_code,633xx,100,113,0.0014836355004302544,0.0016765081154861874,0.11,0.22123893805309736,0.15595976380522833,0.15595976380522833,-0.04595976380522833,0.06527917424786903,0.11123893805309736,False
temporal_noise_baseline,zip_code,656xx,32,28,0.00047476336013768135,0.00041541794012047123,0.125,0.14285714285714285,0.15595976380522833,0.15595976380522833,-0.03095976380522833,-0.01310262094808548,0.01785714285714285,True
temporal_noise_baseline,zip_code,326xx,69,67,0.0010237084952968755,0.0009940357852882703,0.08695652173913043,0.23880597014925373,0.15595976380522833,0.15595976380522833,-0.0690032420660979,0.0828462063440254,0.1518494484101233,True
temporal_noise_baseline,zip_code,971xx,92,80,0.001364944660395834,0.0011869084003442035,0.07608695652173914,0.125,0.15595976380522833,0.15595976380522833,-0.0798728072834892,-0.03095976380522833,0.048913043478260865,True
temporal_noise_baseline,zip_code,672xx,82,77,0.0012165811103528085,0.0011423993353312958,0.17073170731707318,0.2077922077922078,0.15595976380522833,0.15595976380522833,0.014771943511844854,0.051832443986979476,0.03706050047513462,True
temporal_noise_baseline,zip_code,147xx,29,32,0.00043025429512477377,0.00047476336013768135,0.41379310344827586,0.15625,0.15595976380522833,0.15595976380522833,0.25783333964304755,0.0002902361947716703,0.2575431034482759,True
temporal_noise_baseline,zip_code,242xx,35,30,0.000519272425150589,0.0004450906501290763,0.2857142857142857,0.23333333333333334,0.15595976380522833,0.15595976380522833,0.12975452190905737,0.07737356952810501,0.05238095238095236,True
temporal_noise_baseline,zip_code,464xx,16,25,0.00023738168006884067,0.0003709088751075636,0.1875,0.4,0.15595976380522833,0.15595976380522833,0.03154023619477167,0.2440402361947717,0.21250000000000002,True
temporal_noise_baseline,zip_code,567xx,18,18,0.0002670543900774458,0.0002670543900774458,0.16666666666666666,0.16666666666666666,0.15595976380522833,0.15595976380522833,0.010706902861438328,0.010706902861438328,0.0,True
temporal_noise_baseline,zip_code,181xx,47,15,0.0006973086852022195,0.00022254532506453816,0.2553191489361702,0.13333333333333333,0.15595976380522833,0.15595976380522833,0.09935938513094186,-0.022626430471894998,0.12198581560283686,True
temporal_noise_baseline,zip_code,707xx,72,75,0.0010682175603097832,0.0011127266253226906,0.19444444444444445,0.16,0.15595976380522833,0.15595976380522833,0.03848468063921612,0.004040236194771674,0.034444444444444444,True
temporal_noise_baseline,zip_code,206xx,118,86,0.0017506898905077,0.0012759265303700187,0.15254237288135594,0.1744186046511628,0.15595976380522833,0.15595976380522833,-0.0034173909238723876,0.018458840845934466,0.021876231769806853,True
temporal_noise_baseline,zip_code,497xx,35,24,0.000519272425150589,0.00035607252010326105,0.11428571428571428,0.2916666666666667,0.15595976380522833,0.15595976380522833,-0.04167404951951405,0.13570690286143836,0.17738095238095242,True
temporal_noise_baseline,zip_code,808xx,35,36,0.000519272425150589,0.0005341087801548916,0.08571428571428572,0.19444444444444445,0.15595976380522833,0.15595976380522833,-0.07024547809094261,0.03848468063921612,0.10873015873015873,True
temporal_noise_baseline,zip_code,895xx,80,95,0.0011869084003442035,0.0014094537254087415,0.1125,0.14736842105263157,0.15595976380522833,0.15595976380522833,-0.04345976380522833,-0.008591342752596764,0.03486842105263156,True
temporal_noise_baseline,zip_code,993xx,69,76,0.0010237084952968755,0.0011275629803269933,0.13043478260869565,0.13157894736842105,0.15595976380522833,0.15595976380522833,-0.02552498119653268,-0.024380816436807284,0.0011441647597253968,True
temporal_noise_baseline,zip_code,032xx,45,34,0.0006676359751936144,0.0005044360701462865,0.044444444444444446,0.17647058823529413,0.15595976380522833,0.15595976380522833,-0.11151531936078388,0.0205108244300658,0.13202614379084968,True
temporal_noise_baseline,zip_code,982xx,190,219,0.002818907450817483,0.0032491617459422567,0.14736842105263157,0.1643835616438356,0.15595976380522833,0.15595976380522833,-0.008591342752596764,0.008423797838607278,0.017015140591204042,False
temporal_noise_baseline,zip_code,019xx,98,109,0.0014539627904216492,0.0016171626954689772,0.15306122448979592,0.11926605504587157,0.15595976380522833,0.15595976380522833,-0.002898539315432408,-0.03669370875935676,0.033795169443924356,True
temporal_noise_baseline,zip_code,784xx,41,42,0.0006082905551764042,0.0006231269101807068,0.0975609756097561,0.11904761904761904,0.15595976380522833,0.15595976380522833,-0.05839878819547223,-0.03691214475760929,0.02148664343786294,True
temporal_noise_baseline,zip_code,357xx,67,53,0.0009940357852882703,0.0007863268152280348,0.208955223880597,0.2641509433962264,0.15595976380522833,0.15595976380522833,0.05299546007536868,0.10819117959099808,0.055195719515629404,True
temporal_noise_baseline,zip_code,153xx,30,42,0.0004450906501290763,0.0006231269101807068,0.13333333333333333,0.35714285714285715,0.15595976380522833,0.15595976380522833,-0.022626430471894998,0.20118309333762882,0.22380952380952382,True
temporal_noise_baseline,zip_code,766xx,29,25,0.00043025429512477377,0.0003709088751075636,0.20689655172413793,0.0,0.15595976380522833,0.15595976380522833,0.0509367879189096,-0.15595976380522833,0.20689655172413793,True
temporal_noise_baseline,zip_code,905xx,63,46,0.0009346903652710602,0.000682472330197917,0.12698412698412698,0.08695652173913043,0.15595976380522833,0.15595976380522833,-0.028975636821101353,-0.0690032420660979,0.040027605244996545,True
temporal_noise_baseline,zip_code,418xx,7,3,0.00010385448503011781,4.450906501290763e-05,0.14285714285714285,0.6666666666666666,0.15595976380522833,0.15595976380522833,-0.01310262094808548,0.5107069028614383,0.5238095238095237,True
temporal_noise_baseline,zip_code,710xx,19,19,0.00028189074508174833,0.00028189074508174833,0.21052631578947367,0.3157894736842105,0.15595976380522833,0.15595976380522833,0.05456655198424534,0.15982970987898218,0.10526315789473684,True
temporal_noise_baseline,zip_code,558xx,28,23,0.00041541794012047123,0.0003412361650989585,0.14285714285714285,0.13043478260869565,0.15595976380522833,0.15595976380522833,-0.01310262094808548,-0.02552498119653268,0.0124223602484472,True
temporal_noise_baseline,zip_code,199xx,71,63,0.0010533812053054805,0.0009346903652710602,0.16901408450704225,0.15873015873015872,0.15595976380522833,0.15595976380522833,0.01305432070181392,0.0027703949249303916,0.010283925776883529,True
temporal_noise_baseline,zip_code,439xx,24,30,0.00035607252010326105,0.0004450906501290763,0.125,0.2,0.15595976380522833,0.15595976380522833,-0.03095976380522833,0.04404023619477168,0.07500000000000001,True
temporal_noise_baseline,zip_code,400xx,33,40,0.0004895997151419839,0.0005934542001721018,0.18181818181818182,0.175,0.15595976380522833,0.15595976380522833,0.025858418012953494,0.01904023619477166,0.006818181818181834,True
temporal_noise_baseline,zip_code,992xx,67,71,0.0009940357852882703,0.0010533812053054805,0.19402985074626866,0.1267605633802817,0.15595976380522833,0.15595976380522833,0.03807008694104033,-0.029199200424946642,0.06726928736598697,True
temporal_noise_baseline,zip_code,241xx,47,31,0.0006973086852022195,0.0004599270051333788,0.14893617021276595,0.06451612903225806,0.15595976380522833,0.15595976380522833,-0.007023593592462379,-0.09144363477297027,0.08442004118050789,True
temporal_noise_baseline,zip_code,420xx,24,21,0.00035607252010326105,0.0003115634550903534,0.16666666666666666,0.14285714285714285,0.15595976380522833,0.15595976380522833,0.010706902861438328,-0.01310262094808548,0.023809523809523808,True
temporal_noise_baseline,zip_code,261xx,14,29,0.00020770897006023561,0.00043025429512477377,0.14285714285714285,0.06896551724137931,0.15595976380522833,0.15595976380522833,-0.01310262094808548,-0.08699424656384902,0.07389162561576354,True
temporal_noise_baseline,zip_code,846xx,32,37,0.00047476336013768135,0.0005489451351591941,0.09375,0.16216216216216217,0.15595976380522833,0.15595976380522833,-0.06220976380522833,0.0062023983569338415,0.06841216216216217,True
temporal_noise_baseline,zip_code,223xx,119,97,0.0017655262455120026,0.0014391264354173467,0.16806722689075632,0.18556701030927836,0.15595976380522833,0.15595976380522833,0.012107463085527986,0.029607246504050028,0.01749978341852204,True
temporal_noise_baseline,zip_code,083xx,54,68,0.0008011631702323374,0.001008872140292573,0.25925925925925924,0.23529411764705882,0.15595976380522833,0.15595976380522833,0.10329949545403092,0.07933435384183049,0.023965141612200425,True
temporal_noise_baseline,zip_code,290xx,78,87,0.0011572356903355983,0.0012907628853743212,0.10256410256410256,0.06896551724137931,0.15595976380522833,0.15595976380522833,-0.05339566124112577,-0.08699424656384902,0.03359858532272325,True
temporal_noise_baseline,zip_code,976xx,18,20,0.0002670543900774458,0.0002967271000860509,0.2222222222222222,0.1,0.15595976380522833,0.15595976380522833,0.06626245841699388,-0.055959763805228324,0.1222222222222222,True
temporal_noise_baseline,zip_code,730xx,129,114,0.001913889795555028,0.0016913444704904899,0.14728682170542637,0.21052631578947367,0.15595976380522833,0.15595976380522833,-0.008672942099801961,0.05456655198424534,0.0632394940840473,False
temporal_noise_baseline,zip_code,050xx,13,6,0.00019287261505593307,8.901813002581526e-05,0.0,0.0,0.15595976380522833,0.15595976380522833,-0.15595976380522833,-0.15595976380522833,0.0,True
temporal_noise_baseline,zip_code,610xx,41,51,0.0006082905551764042,0.0007566541052194297,0.21951219512195122,0.09803921568627451,0.15595976380522833,0.15595976380522833,0.06355243131672289,-0.05792054811895382,0.12147297943567671,True
temporal_noise_baseline,zip_code,075xx,47,42,0.0006973086852022195,0.0006231269101807068,0.14893617021276595,0.23809523809523808,0.15595976380522833,0.15595976380522833,-0.007023593592462379,0.08213547429000975,0.08915906788247213,True
temporal_noise_baseline,zip_code,246xx,12,8,0.00017803626005163053,0.00011869084003442034,0.3333333333333333,0.5,0.15595976380522833,0.15595976380522833,0.17737356952810499,0.34404023619477164,0.16666666666666666,True
temporal_noise_baseline,zip_code,614xx,15,25,0.00022254532506453816,0.0003709088751075636,0.06666666666666667,0.12,0.15595976380522833,0.15595976380522833,-0.08929309713856166,-0.035959763805228334,0.05333333333333333,True
temporal_noise_baseline,zip_code,178xx,28,28,0.00041541794012047123,0.00041541794012047123,0.21428571428571427,0.14285714285714285,0.15595976380522833,0.15595976380522833,0.058325950480485944,-0.01310262094808548,0.07142857142857142,True
temporal_noise_baseline,zip_code,027xx,123,115,0.0018248716655292127,0.0017061808254947924,0.16260162601626016,0.12173913043478261,0.15595976380522833,0.15595976380522833,0.006641862211031829,-0.034220633370445716,0.040862495581477545,False
temporal_noise_baseline,zip_code,237xx,21,20,0.0003115634550903534,0.0002967271000860509,0.2857142857142857,0.25,0.15595976380522833,0.15595976380522833,0.12975452190905737,0.09404023619477167,0.0357142857142857,True
temporal_noise_baseline,zip_code,085xx,63,91,0.0009346903652710602,0.0013501083053915313,0.1746031746031746,0.14285714285714285,0.15595976380522833,0.15595976380522833,0.018643410797946264,-0.01310262094808548,0.031746031746031744,True
temporal_noise_baseline,zip_code,627xx,34,18,0.0005044360701462865,0.0002670543900774458,0.14705882352941177,0.1111111111111111,0.15595976380522833,0.15595976380522833,-0.00890094027581656,-0.044848652694117225,0.035947712418300665,True
temporal_noise_baseline,zip_code,293xx,45,66,0.0006676359751936144,0.0009791994302839678,0.08888888888888889,0.09090909090909091,0.15595976380522833,0.15595976380522833,-0.06707087491633944,-0.06505067289613742,0.0020202020202020193,True
temporal_noise_baseline,zip_code,728xx,14,20,0.00020770897006023561,0.0002967271000860509,0.21428571428571427,0.15,0.15595976380522833,0.15595976380522833,0.058325950480485944,-0.005959763805228335,0.06428571428571428,True
temporal_noise_baseline,zip_code,251xx,13,7,0.00019287261505593307,0.00010385448503011781,0.0,0.2857142857142857,0.15595976380522833,0.15595976380522833,-0.15595976380522833,0.12975452190905737,0.2857142857142857,True
temporal_noise_baseline,zip_code,279xx,33,33,0.0004895997151419839,0.0004895997151419839,0.18181818181818182,0.18181818181818182,0.15595976380522833,0.15595976380522833,0.025858418012953494,0.025858418012953494,0.0,True
temporal_noise_baseline,zip_code,029xx,94,83,0.001394617370404439,0.001231417465357111,0.2127659574468085,0.1686746987951807,0.15595976380522833,0.15595976380522833,0.05680619364158018,0.012714934989952381,0.0440912586516278,True
temporal_noise_baseline,zip_code,068xx,103,115,0.0015281445654431619,0.0017061808254947924,0.14563106796116504,0.1391304347826087,0.15595976380522833,0.15595976380522833,-0.01032869584406329,-0.016829329022619632,0.006500633178556342,False
temporal_noise_baseline,zip_code,986xx,150,130,0.0022254532506453813,0.0019287261505593306,0.1,0.14615384615384616,0.15595976380522833,0.15595976380522833,-0.055959763805228324,-0.009805917651382168,0.046153846153846156,False
temporal_noise_baseline,zip_code,024xx,81,69,0.001201744755348506,0.0010237084952968755,0.16049382716049382,0.057971014492753624,0.15595976380522833,0.15595976380522833,0.0045340633552654885,-0.0979887493124747,0.10252281266774019,True
temporal_noise_baseline,zip_code,171xx,31,36,0.0004599270051333788,0.0005341087801548916,0.22580645161290322,0.25,0.15595976380522833,0.15595976380522833,0.06984668780767489,0.09404023619477167,0.02419354838709678,True
temporal_noise_baseline,zip_code,933xx,128,120,0.0018990534405507254,0.0017803626005163053,0.1953125,0.16666666666666666,0.15595976380522833,0.15595976380522833,0.03935273619477167,0.010706902861438328,0.028645833333333343,False
temporal_noise_baseline,zip_code,184xx,32,44,0.00047476336013768135,0.0006527996201893119,0.15625,0.18181818181818182,0.15595976380522833,0.15595976380522833,0.0002902361947716703,0.025858418012953494,0.025568181818181823,True
temporal_noise_baseline,zip_code,927xx,117,116,0.0017358535355033976,0.001721017180499095,0.1452991452991453,0.16379310344827586,0.15595976380522833,0.15595976380522833,-0.01066061850608302,0.007833339643047527,0.018493958149130546,False
temporal_noise_baseline,zip_code,434xx,32,30,0.00047476336013768135,0.0004450906501290763,0.1875,0.23333333333333334,0.15595976380522833,0.15595976380522833,0.03154023619477167,0.07737356952810501,0.04583333333333334,True
temporal_noise_baseline,zip_code,229xx,58,58,0.0008605085902495475,0.0008605085902495475,0.1206896551724138,0.13793103448275862,0.15595976380522833,0.15595976380522833,-0.03527010863281453,-0.01802872932246971,0.01724137931034482,True
temporal_noise_baseline,zip_code,734xx,9,14,0.0001335271950387229,0.00020770897006023561,0.1111111111111111,0.35714285714285715,0.15595976380522833,0.15595976380522833,-0.044848652694117225,0.20118309333762882,0.24603174603174605,True
temporal_noise_baseline,zip_code,219xx,27,28,0.0004005815851161687,0.00041541794012047123,0.2222222222222222,0.21428571428571427,0.15595976380522833,0.15595976380522833,0.06626245841699388,0.058325950480485944,0.007936507936507936,True
temporal_noise_baseline,zip_code,756xx,40,35,0.0005934542001721018,0.000519272425150589,0.125,0.14285714285714285,0.15595976380522833,0.15595976380522833,-0.03095976380522833,-0.01310262094808548,0.01785714285714285,True
temporal_noise_baseline,zip_code,416xx,4,5,5.934542001721017e-05,7.418177502151272e-05,0.0,0.4,0.15595976380522833,0.15595976380522833,-0.15595976380522833,0.2440402361947717,0.4,True
temporal_noise_baseline,zip_code,721xx,67,67,0.0009940357852882703,0.0009940357852882703,0.2537313432835821,0.08955223880597014,0.15595976380522833,0.15595976380522833,0.09777157947835377,-0.06640752499925819,0.16417910447761197,True
temporal_noise_baseline,zip_code,316xx,38,20,0.0005637814901634967,0.0002967271000860509,0.15789473684210525,0.05,0.15595976380522833,0.15595976380522833,0.0019349730368769247,-0.10595976380522833,0.10789473684210525,True
temporal_noise_baseline,zip_code,358xx,38,41,0.0005637814901634967,0.0006082905551764042,0.15789473684210525,0.17073170731707318,0.15595976380522833,0.15595976380522833,0.0019349730368769247,0.014771943511844854,0.01283697047496793,True
temporal_noise_baseline,zip_code,167xx,5,9,7.418177502151272e-05,0.0001335271950387229,0.2,0.2222222222222222,0.15595976380522833,0.15595976380522833,0.04404023619477168,0.06626245841699388,0.0222222222222222,True
temporal_noise_baseline,zip_code,611xx,43,32,0.0006379632651850093,0.00047476336013768135,0.23255813953488372,0.15625,0.15595976380522833,0.15595976380522833,0.07659837572965539,0.0002902361947716703,0.07630813953488372,True
temporal_noise_baseline,zip_code,793xx,23,30,0.0003412361650989585,0.0004450906501290763,0.13043478260869565,0.06666666666666667,0.15595976380522833,0.15595976380522833,-0.02552498119653268,-0.08929309713856166,0.06376811594202898,True
temporal_noise_baseline,zip_code,131xx,58,40,0.0008605085902495475,0.0005934542001721018,0.15517241379310345,0.1,0.15595976380522833,0.15595976380522833,-0.0007873500121248767,-0.055959763805228324,0.05517241379310345,True
temporal_noise_baseline,zip_code,827xx,24,23,0.00035607252010326105,0.0003412361650989585,0.16666666666666666,0.17391304347826086,0.15595976380522833,0.15595976380522833,0.010706902861438328,0.017953279673032535,0.007246376811594207,True
temporal_noise_baseline,zip_code,946xx,140,129,0.002077089700602356,0.001913889795555028,0.09285714285714286,0.14728682170542637,0.15595976380522833,0.15595976380522833,-0.06310262094808547,-0.008672942099801961,0.05442967884828351,False
temporal_noise_baseline,zip_code,384xx,20,20,0.0002967271000860509,0.0002967271000860509,0.05,0.2,0.15595976380522833,0.15595976380522833,-0.10595976380522833,0.04404023619477168,0.15000000000000002,True
temporal_noise_baseline,zip_code,130xx,118,106,0.0017506898905077,0.0015726536304560695,0.17796610169491525,0.19811320754716982,0.15595976380522833,0.15595976380522833,0.022006337889686922,0.04215344374194149,0.02014710585225457,False
temporal_noise_baseline,zip_code,381xx,103,104,0.0015281445654431619,0.0015429809204474646,0.18446601941747573,0.14423076923076922,0.15595976380522833,0.15595976380522833,0.0285062556122474,-0.011728994574459112,0.04023525018670651,False
temporal_noise_baseline,zip_code,480xx,265,264,0.003931634076140174,0.003916797721135871,0.19622641509433963,0.15151515151515152,0.15595976380522833,0.15595976380522833,0.040266651289111305,-0.00444461229007681,0.044711263579188115,False
temporal_noise_baseline,zip_code,996xx,39,41,0.0005786178451677992,0.0006082905551764042,0.23076923076923078,0.14634146341463414,0.15595976380522833,0.15595976380522833,0.07480946696400245,-0.009618300390594192,0.08442776735459664,True
temporal_noise_baseline,zip_code,651xx,15,10,0.00022254532506453816,0.00014836355004302544,0.13333333333333333,0.2,0.15595976380522833,0.15595976380522833,-0.022626430471894998,0.04404023619477168,0.06666666666666668,True
temporal_noise_baseline,zip_code,797xx,66,48,0.0009791994302839678,0.0007121450402065221,0.12121212121212122,0.125,0.15595976380522833,0.15595976380522833,-0.034747642593107114,-0.03095976380522833,0.0037878787878787845,True
temporal_noise_baseline,zip_code,066xx,54,72,0.0008011631702323374,0.0010682175603097832,0.1111111111111111,0.2361111111111111,0.15595976380522833,0.15595976380522833,-0.044848652694117225,0.08015134730588278,0.125,True
temporal_noise_baseline,zip_code,025xx,32,32,0.00047476336013768135,0.00047476336013768135,0.09375,0.1875,0.15595976380522833,0.15595976380522833,-0.06220976380522833,0.03154023619477167,0.09375,True
temporal_noise_baseline,zip_code,445xx,26,26,0.00038574523011186614,0.00038574523011186614,0.15384615384615385,0.2692307692307692,0.15595976380522833,0.15595976380522833,-0.002113609959074475,0.11327100542554089,0.11538461538461536,True
temporal_noise_baseline,zip_code,468xx,51,55,0.0007566541052194297,0.0008159995252366399,0.1568627450980392,0.23636363636363636,0.15595976380522833,0.15595976380522833,0.0009029812928108838,0.08040387255840803,0.07950089126559715,True
temporal_noise_baseline,zip_code,661xx,28,28,0.00041541794012047123,0.00041541794012047123,0.17857142857142858,0.07142857142857142,0.15595976380522833,0.15595976380522833,0.022611664766200246,-0.0845311923766569,0.10714285714285715,True
temporal_noise_baseline,zip_code,822xx,5,2,7.418177502151272e-05,2.9672710008605084e-05,0.0,0.0,0.15595976380522833,0.15595976380522833,-0.15595976380522833,-0.15595976380522833,0.0,True
temporal_noise_baseline,zip_code,626xx,30,31,0.0004450906501290763,0.0004599270051333788,0.03333333333333333,0.0967741935483871,0.15595976380522833,0.15595976380522833,-0.122626430471895,-0.059185570256841236,0.06344086021505377,True
temporal_noise_baseline,zip_code,570xx,32,34,0.00047476336013768135,0.0005044360701462865,0.125,0.20588235294117646,0.15595976380522833,0.15595976380522833,-0.03095976380522833,0.04992258913594813,0.08088235294117646,True
temporal_noise_baseline,zip_code,763xx,35,26,0.000519272425150589,0.00038574523011186614,0.3142857142857143,0.11538461538461539,0.15595976380522833,0.15595976380522833,0.15832595048048595,-0.04057514842061294,0.1989010989010989,True
temporal_noise_baseline,zip_code,485xx,21,18,0.0003115634550903534,0.0002670543900774458,0.2857142857142857,0.16666666666666666,0.15595976380522833,0.15595976380522833,0.12975452190905737,0.010706902861438328,0.11904761904761904,True
temporal_noise_baseline,zip_code,499xx,15,14,0.00022254532506453816,0.00020770897006023561,0.2,0.07142857142857142,0.15595976380522833,0.15595976380522833,0.04404023619477168,-0.0845311923766569,0.1285714285714286,True
temporal_noise_baseline,zip_code,339xx,137,159,0.0020325806355894482,0.0023589804456841043,0.1678832116788321,0.1509433962264151,0.15595976380522833,0.15595976380522833,0.011923447873603776,-0.005016367578813241,0.016939815452417017,False
temporal_noise_baseline,zip_code,779xx,20,20,0.0002967271000860509,0.0002967271000860509,0.0,0.2,0.15595976380522833,0.15595976380522833,-0.15595976380522833,0.04404023619477168,0.2,True
temporal_noise_baseline,zip_code,595xx,10,8,0.00014836355004302544,0.00011869084003442034,0.0,0.125,0.15595976380522833,0.15595976380522833,-0.15595976380522833,-0.03095976380522833,0.125,True
temporal_noise_baseline,zip_code,491xx,18,20,0.0002670543900774458,0.0002967271000860509,0.16666666666666666,0.1,0.15595976380522833,0.15595976380522833,0.010706902861438328,-0.055959763805228324,0.06666666666666665,True
temporal_noise_baseline,zip_code,644xx,16,19,0.00023738168006884067,0.00028189074508174833,0.25,0.05263157894736842,0.15595976380522833,0.15595976380522833,0.09404023619477167,-0.10332818485785991,0.19736842105263158,True
temporal_noise_baseline,zip_code,126xx,21,15,0.0003115634550903534,0.00022254532506453816,0.19047619047619047,0.26666666666666666,0.15595976380522833,0.15595976380522833,0.034516426670962136,0.11070690286143833,0.0761904761904762,True
temporal_noise_baseline,zip_code,026xx,34,34,0.0005044360701462865,0.0005044360701462865,0.20588235294117646,0.2647058823529412,0.15595976380522833,0.15595976380522833,0.04992258913594813,0.10874611854771285,0.05882352941176472,True
temporal_noise_baseline,zip_code,954xx,119,128,0.0017655262455120026,0.0018990534405507254,0.14285714285714285,0.1171875,0.15595976380522833,0.15595976380522833,-0.01310262094808548,-0.03877226380522833,0.02566964285714285,False
temporal_noise_baseline,zip_code,778xx,52,37,0.0007714904602237323,0.0005489451351591941,0.1346153846153846,0.10810810810810811,0.15595976380522833,0.15595976380522833,-0.02134437918984372,-0.047851655697120216,0.026507276507276495,True
temporal_noise_baseline,zip_code,823xx,5,6,7.418177502151272e-05,8.901813002581526e-05,0.0,0.16666666666666666,0.15595976380522833,0.15595976380522833,-0.15595976380522833,0.010706902861438328,0.16666666666666666,True
temporal_noise_baseline,zip_code,602xx,15,23,0.00022254532506453816,0.0003412361650989585,0.2,0.13043478260869565,0.15595976380522833,0.15595976380522833,0.04404023619477168,-0.02552498119653268,0.06956521739130436,True
temporal_noise_baseline,zip_code,404xx,21,20,0.0003115634550903534,0.0002967271000860509,0.14285714285714285,0.15,0.15595976380522833,0.15595976380522833,-0.01310262094808548,-0.005959763805228335,0.007142857142857145,True
temporal_noise_baseline,zip_code,175xx,51,49,0.0007566541052194297,0.0007269813952108246,0.13725490196078433,0.16326530612244897,0.15595976380522833,0.15595976380522833,-0.018704861844444004,0.007305542317220637,0.02601040416166464,True
temporal_noise_baseline,zip_code,119xx,68,63,0.001008872140292573,0.0009346903652710602,0.1323529411764706,0.1111111111111111,0.15595976380522833,0.15595976380522833,-0.02360682262875774,-0.044848652694117225,0.021241830065359485,True
temporal_noise_baseline,zip_code,156xx,59,57,0.00087534494525385,0.0008456722352452449,0.23728813559322035,0.19298245614035087,0.15595976380522833,0.15595976380522833,0.08132837178799202,0.03702269233512254,0.04430567945286948,True
temporal_noise_baseline,zip_code,277xx,45,56,0.0006676359751936144,0.0008308358802409425,0.2222222222222222,0.07142857142857142,0.15595976380522833,0.15595976380522833,0.06626245841699388,-0.0845311923766569,0.15079365079365079,True
temporal_noise_baseline,zip_code,356xx,62,39,0.0009198540102667576,0.0005786178451677992,0.3225806451612903,0.1794871794871795,0.15595976380522833,0.15595976380522833,0.16662088135606198,0.023527415681951158,0.14309346567411083,True
temporal_noise_baseline,zip_code,108xx,30,29,0.0004450906501290763,0.00043025429512477377,0.06666666666666667,0.13793103448275862,0.15595976380522833,0.15595976380522833,-0.08929309713856166,-0.01802872932246971,0.07126436781609195,True
temporal_noise_baseline,zip_code,273xx,84,88,0.0012462538203614137,0.0013055992403786239,0.21428571428571427,0.22727272727272727,0.15595976380522833,0.15595976380522833,0.058325950480485944,0.07131296346749894,0.012987012987012991,True
temporal_noise_baseline,zip_code,863xx,47,44,0.0006973086852022195,0.0006527996201893119,0.19148936170212766,0.2727272727272727,0.15595976380522833,0.15595976380522833,0.03552959789689933,0.11676750892204438,0.08123791102514505,True
temporal_noise_baseline,zip_code,052xx,3,6,4.450906501290763e-05,8.901813002581526e-05,0.0,0.0,0.15595976380522833,0.15595976380522833,-0.15595976380522833,-0.15595976380522833,0.0,True
temporal_noise_baseline,zip_code,216xx,36,40,0.0005341087801548916,0.0005934542001721018,0.16666666666666666,0.2,0.15595976380522833,0.15595976380522833,0.010706902861438328,0.04404023619477168,0.033333333333333354,True
temporal_noise_baseline,zip_code,666xx,52,37,0.0007714904602237323,0.0005489451351591941,0.25,0.21621621621621623,0.15595976380522833,0.15595976380522833,0.09404023619477167,0.0602564524109879,0.03378378378378377,True
temporal_noise_baseline,zip_code,652xx,46,40,0.000682472330197917,0.0005934542001721018,0.2391304347826087,0.175,0.15595976380522833,0.15595976380522833,0.08317067097738037,0.01904023619477166,0.06413043478260871,True
temporal_noise_baseline,zip_code,564xx,24,19,0.00035607252010326105,0.00028189074508174833,0.16666666666666666,0.15789473684210525,0.15595976380522833,0.15595976380522833,0.010706902861438328,0.0019349730368769247,0.008771929824561403,True
temporal_noise_baseline,zip_code,596xx,16,19,0.00023738168006884067,0.00028189074508174833,0.125,0.2631578947368421,0.15595976380522833,0.15595976380522833,-0.03095976380522833,0.10719813093161376,0.1381578947368421,True
temporal_noise_baseline,zip_code,082xx,62,71,0.0009198540102667576,0.0010533812053054805,0.22580645161290322,0.19718309859154928,0.15595976380522833,0.15595976380522833,0.06984668780767489,0.04122333478632095,0.028623353021353937,True
temporal_noise_baseline,zip_code,110xx,72,48,0.0010682175603097832,0.0007121450402065221,0.1111111111111111,0.1875,0.15595976380522833,0.15595976380522833,-0.044848652694117225,0.03154023619477167,0.0763888888888889,True
temporal_noise_baseline,zip_code,160xx,35,41,0.000519272425150589,0.0006082905551764042,0.2,0.0975609756097561,0.15595976380522833,0.15595976380522833,0.04404023619477168,-0.05839878819547223,0.10243902439024391,True
temporal_noise_baseline,zip_code,145xx,69,69,0.0010237084952968755,0.0010237084952968755,0.13043478260869565,0.14492753623188406,0.15595976380522833,0.15595976380522833,-0.02552498119653268,-0.011032227573344267,0.014492753623188415,True
temporal_noise_baseline,zip_code,670xx,35,34,0.000519272425150589,0.0005044360701462865,0.05714285714285714,0.029411764705882353,0.15595976380522833,0.15595976380522833,-0.0988169066623712,-0.12654799909934597,0.027731092436974775,True
temporal_noise_baseline,zip_code,472xx,36,31,0.0005341087801548916,0.0004599270051333788,0.1388888888888889,0.16129032258064516,0.15595976380522833,0.15595976380522833,-0.017070874916339435,0.005330558775416827,0.022401433691756262,True
temporal_noise_baseline,zip_code,195xx,40,55,0.0005934542001721018,0.0008159995252366399,0.15,0.18181818181818182,0.15595976380522833,0.15595976380522833,-0.005959763805228335,0.025858418012953494,0.03181818181818183,True
temporal_noise_baseline,zip_code,647xx,21,19,0.0003115634550903534,0.00028189074508174833,0.2857142857142857,0.15789473684210525,0.15595976380522833,0.15595976380522833,0.12975452190905737,0.0019349730368769247,0.12781954887218044,True
temporal_noise_baseline,zip_code,988xx,41,60,0.0006082905551764042,0.0008901813002581526,0.14634146341463414,0.13333333333333333,0.15595976380522833,0.15595976380522833,-0.009618300390594192,-0.022626430471894998,0.013008130081300806,True
temporal_noise_baseline,zip_code,767xx,19,21,0.00028189074508174833,0.0003115634550903534,0.21052631578947367,0.09523809523809523,0.15595976380522833,0.15595976380522833,0.05456655198424534,-0.0607216685671331,0.11528822055137844,True
temporal_noise_baseline,zip_code,033xx,15,16,0.00022254532506453816,0.00023738168006884067,0.2,0.125,0.15595976380522833,0.15595976380522833,0.04404023619477168,-0.03095976380522833,0.07500000000000001,True
temporal_noise_baseline,zip_code,543xx,25,30,0.0003709088751075636,0.0004450906501290763,0.08,0.1,0.15595976380522833,0.15595976380522833,-0.07595976380522833,-0.055959763805228324,0.020000000000000004,True
temporal_noise_baseline,zip_code,447xx,34,40,0.0005044360701462865,0.0005934542001721018,0.14705882352941177,0.275,0.15595976380522833,0.15595976380522833,-0.00890094027581656,0.11904023619477169,0.12794117647058825,True
temporal_noise_baseline,zip_code,577xx,32,32,0.00047476336013768135,0.00047476336013768135,0.15625,0.0625,0.15595976380522833,0.15595976380522833,0.0002902361947716703,-0.09345976380522833,0.09375,True
temporal_noise_baseline,zip_code,796xx,19,17,0.00028189074508174833,0.00025221803507314325,0.05263157894736842,0.17647058823529413,0.15595976380522833,0.15595976380522833,-0.10332818485785991,0.0205108244300658,0.12383900928792571,True
temporal_noise_baseline,zip_code,467xx,49,49,0.0007269813952108246,0.0007269813952108246,0.16326530612244897,0.1836734693877551,0.15595976380522833,0.15595976380522833,0.007305542317220637,0.027713705582526782,0.020408163265306145,True
temporal_noise_baseline,zip_code,222xx,63,90,0.0009346903652710602,0.0013352719503872288,0.07936507936507936,0.14444444444444443,0.15595976380522833,0.15595976380522833,-0.07659468444014897,-0.011515319360783899,0.06507936507936507,True
temporal_noise_baseline,zip_code,598xx,32,31,0.00047476336013768135,0.0004599270051333788,0.03125,0.12903225806451613,0.15595976380522833,0.15595976380522833,-0.12470976380522833,-0.026927505740712204,0.09778225806451613,True
temporal_noise_baseline,zip_code,185xx,24,25,0.00035607252010326105,0.0003709088751075636,0.375,0.16,0.15595976380522833,0.15595976380522833,0.21904023619477167,0.004040236194771674,0.215,True
temporal_noise_baseline,zip_code,056xx,14,12,0.00020770897006023561,0.00017803626005163053,0.14285714285714285,0.08333333333333333,0.15595976380522833,0.15595976380522833,-0.01310262094808548,-0.072626430471895,0.05952380952380952,True
temporal_noise_baseline,zip_code,444xx,47,47,0.0006973086852022195,0.0006973086852022195,0.10638297872340426,0.0851063829787234,0.15595976380522833,0.15595976380522833,-0.049576785081824074,-0.07085338082650493,0.021276595744680854,True
temporal_noise_baseline,zip_code,762xx,126,145,0.0018693807305421204,0.0021512714756238686,0.1746031746031746,0.16551724137931034,0.15595976380522833,0.15595976380522833,0.018643410797946264,0.009557477574082013,0.009085933223864251,False
temporal_noise_baseline,zip_code,435xx,56,52,0.0008308358802409425,0.0007714904602237323,0.14285714285714285,0.19230769230769232,0.15595976380522833,0.15595976380522833,-0.01310262094808548,0.03634792850246399,0.04945054945054947,True
temporal_noise_baseline,zip_code,961xx,35,31,0.000519272425150589,0.0004599270051333788,0.14285714285714285,0.12903225806451613,0.15595976380522833,0.15595976380522833,-0.01310262094808548,-0.026927505740712204,0.013824884792626724,True
temporal_noise_baseline,zip_code,231xx,90,93,0.0013352719503872288,0.0013797810154001365,0.2111111111111111,0.1935483870967742,0.15595976380522833,0.15595976380522833,0.05515134730588278,0.03758862329154586,0.017562724014336922,True
temporal_noise_baseline,zip_code,718xx,25,15,0.0003709088751075636,0.00022254532506453816,0.2,0.06666666666666667,0.15595976380522833,0.15595976380522833,0.04404023619477168,-0.08929309713856166,0.13333333333333336,True
temporal_noise_baseline,zip_code,904xx,31,31,0.0004599270051333788,0.0004599270051333788,0.0967741935483871,0.16129032258064516,0.15595976380522833,0.15595976380522833,-0.059185570256841236,0.005330558775416827,0.06451612903225806,True
temporal_noise_baseline,zip_code,816xx,51,53,0.0007566541052194297,0.0007863268152280348,0.13725490196078433,0.1509433962264151,0.15595976380522833,0.15595976380522833,-0.018704861844444004,-0.005016367578813241,0.013688494265630763,True
temporal_noise_baseline,zip_code,315xx,44,48,0.0006527996201893119,0.0007121450402065221,0.18181818181818182,0.14583333333333334,0.15595976380522833,0.15595976380522833,0.025858418012953494,-0.010126430471894987,0.03598484848484848,True
temporal_noise_baseline,zip_code,449xx,19,22,0.00028189074508174833,0.00032639981009465596,0.15789473684210525,0.09090909090909091,0.15595976380522833,0.15595976380522833,0.0019349730368769247,-0.06505067289613742,0.06698564593301434,True
temporal_noise_baseline,zip_code,712xx,50,41,0.0007418177502151272,0.0006082905551764042,0.2,0.07317073170731707,0.15595976380522833,0.15595976380522833,0.04404023619477168,-0.08278903209791126,0.12682926829268293,True
temporal_noise_baseline,zip_code,362xx,30,36,0.0004450906501290763,0.0005341087801548916,0.13333333333333333,0.3333333333333333,0.15595976380522833,0.15595976380522833,-0.022626430471894998,0.17737356952810499,0.19999999999999998,True
temporal_noise_baseline,zip_code,260xx,29,28,0.00043025429512477377,0.00041541794012047123,0.034482758620689655,0.07142857142857142,0.15595976380522833,0.15595976380522833,-0.12147700518453868,-0.0845311923766569,0.03694581280788177,True
temporal_noise_baseline,zip_code,013xx,18,19,0.0002670543900774458,0.00028189074508174833,0.2777777777777778,0.2631578947368421,0.15595976380522833,0.15595976380522833,0.12181801397254946,0.10719813093161376,0.0146198830409357,True
temporal_noise_baseline,zip_code,795xx,16,14,0.00023738168006884067,0.00020770897006023561,0.0625,0.21428571428571427,0.15595976380522833,0.15595976380522833,-0.09345976380522833,0.058325950480485944,0.15178571428571427,True
temporal_noise_baseline,zip_code,870xx,29,25,0.00043025429512477377,0.0003709088751075636,0.1724137931034483,0.24,0.15595976380522833,0.15595976380522833,0.016454029298219958,0.08404023619477166,0.0675862068965517,True
temporal_noise_baseline,zip_code,011xx,30,27,0.0004450906501290763,0.0004005815851161687,0.26666666666666666,0.2222222222222222,0.15595976380522833,0.15595976380522833,0.11070690286143833,0.06626245841699388,0.04444444444444445,True
temporal_noise_baseline,zip_code,911xx,49,51,0.0007269813952108246,0.0007566541052194297,0.12244897959183673,0.19607843137254902,0.15595976380522833,0.15595976380522833,-0.0335107842133916,0.04011866756732069,0.07362945178071229,True
temporal_noise_baseline,zip_code,183xx,39,33,0.0005786178451677992,0.0004895997151419839,0.20512820512820512,0.09090909090909091,0.15595976380522833,0.15595976380522833,0.04916844132297679,-0.06505067289613742,0.11421911421911421,True
temporal_noise_baseline,zip_code,252xx,8,8,0.00011869084003442034,0.00011869084003442034,0.125,0.25,0.15595976380522833,0.15595976380522833,-0.03095976380522833,0.09404023619477167,0.125,True
temporal_noise_baseline,zip_code,826xx,33,32,0.0004895997151419839,0.00047476336013768135,0.030303030303030304,0.125,0.15595976380522833,0.15595976380522833,-0.12565673350219803,-0.03095976380522833,0.0946969696969697,True
temporal_noise_baseline,zip_code,960xx,56,57,0.0008308358802409425,0.0008456722352452449,0.16071428571428573,0.24561403508771928,0.15595976380522833,0.15595976380522833,0.0047545219090573965,0.08965427128249095,0.08489974937343356,True
temporal_noise_baseline,zip_code,912xx,60,68,0.0008901813002581526,0.001008872140292573,0.16666666666666666,0.14705882352941177,0.15595976380522833,0.15595976380522833,0.010706902861438328,-0.00890094027581656,0.019607843137254888,True
temporal_noise_baseline,zip_code,749xx,14,12,0.00020770897006023561,0.00017803626005163053,0.07142857142857142,0.3333333333333333,0.15595976380522833,0.15595976380522833,-0.0845311923766569,0.17737356952810499,0.26190476190476186,True
temporal_noise_baseline,zip_code,667xx,33,34,0.0004895997151419839,0.0005044360701462865,0.06060606060606061,0.11764705882352941,0.15595976380522833,0.15595976380522833,-0.09535370319916772,-0.03831270498169892,0.0570409982174688,True
temporal_noise_baseline,zip_code,270xx,34,47,0.0005044360701462865,0.0006973086852022195,0.2647058823529412,0.1702127659574468,0.15595976380522833,0.15595976380522833,0.10874611854771285,0.014253002152218475,0.09449311639549438,True
temporal_noise_baseline,zip_code,725xx,8,9,0.00011869084003442034,0.0001335271950387229,0.0,0.1111111111111111,0.15595976380522833,0.15595976380522833,-0.15595976380522833,-0.044848652694117225,0.1111111111111111,True
temporal_noise_baseline,zip_code,089xx,29,22,0.00043025429512477377,0.00032639981009465596,0.1724137931034483,0.2727272727272727,0.15595976380522833,0.15595976380522833,0.016454029298219958,0.11676750892204438,0.10031347962382442,True
temporal_noise_baseline,zip_code,306xx,84,77,0.0012462538203614137,0.0011423993353312958,0.17857142857142858,0.14285714285714285,0.15595976380522833,0.15595976380522833,0.022611664766200246,-0.01310262094808548,0.035714285714285726,True
temporal_noise_baseline,zip_code,776xx,30,31,0.0004450906501290763,0.0004599270051333788,0.3333333333333333,0.06451612903225806,0.15595976380522833,0.15595976380522833,0.17737356952810499,-0.09144363477297027,0.26881720430107525,True
temporal_noise_baseline,zip_code,422xx,6,12,8.901813002581526e-05,0.00017803626005163053,0.16666666666666666,0.3333333333333333,0.15595976380522833,0.15595976380522833,0.010706902861438328,0.17737356952810499,0.16666666666666666,True
temporal_noise_baseline,zip_code,239xx,13,14,0.00019287261505593307,0.00020770897006023561,0.23076923076923078,0.21428571428571427,0.15595976380522833,0.15595976380522833,0.07480946696400245,0.058325950480485944,0.016483516483516508,True
temporal_noise_baseline,zip_code,620xx,45,46,0.0006676359751936144,0.000682472330197917,0.06666666666666667,0.1956521739130435,0.15595976380522833,0.15595976380522833,-0.08929309713856166,0.03969241010781516,0.1289855072463768,True
temporal_noise_baseline,zip_code,133xx,23,27,0.0003412361650989585,0.0004005815851161687,0.13043478260869565,0.18518518518518517,0.15595976380522833,0.15595976380522833,-0.02552498119653268,0.029225421379956845,0.054750402576489526,True
temporal_noise_baseline,zip_code,084xx,13,7,0.00019287261505593307,0.00010385448503011781,0.0,0.14285714285714285,0.15595976380522833,0.15595976380522833,-0.15595976380522833,-0.01310262094808548,0.14285714285714285,True
temporal_noise_baseline,zip_code,955xx,20,29,0.0002967271000860509,0.00043025429512477377,0.15,0.1724137931034483,0.15595976380522833,0.15595976380522833,-0.005959763805228335,0.016454029298219958,0.022413793103448293,True
temporal_noise_baseline,zip_code,124xx,33,41,0.0004895997151419839,0.0006082905551764042,0.21212121212121213,0.21951219512195122,0.15595976380522833,0.15595976380522833,0.0561614483159838,0.06355243131672289,0.007390983000739093,True
temporal_noise_baseline,zip_code,875xx,31,43,0.0004599270051333788,0.0006379632651850093,0.06451612903225806,0.11627906976744186,0.15595976380522833,0.15595976380522833,-0.09144363477297027,-0.03968069403778647,0.051762940735183796,True
temporal_noise_baseline,zip_code,658xx,26,35,0.00038574523011186614,0.000519272425150589,0.23076923076923078,0.17142857142857143,0.15595976380522833,0.15595976380522833,0.07480946696400245,0.0154688076233431,0.05934065934065935,True
temporal_noise_baseline,zip_code,243xx,13,22,0.00019287261505593307,0.00032639981009465596,0.3076923076923077,0.0,0.15595976380522833,0.15595976380522833,0.15173254388707938,-0.15595976380522833,0.3076923076923077,True
temporal_noise_baseline,zip_code,665xx,25,22,0.0003709088751075636,0.00032639981009465596,0.16,0.09090909090909091,0.15595976380522833,0.15595976380522833,0.004040236194771674,-0.06505067289613742,0.06909090909090909,True
temporal_noise_baseline,zip_code,457xx,20,21,0.0002967271000860509,0.0003115634550903534,0.15,0.14285714285714285,0.15595976380522833,0.15595976380522833,-0.005959763805228335,-0.01310262094808548,0.007142857142857145,True
temporal_noise_baseline,zip_code,594xx,34,23,0.0005044360701462865,0.0003412361650989585,0.14705882352941177,0.13043478260869565,0.15595976380522833,0.15595976380522833,-0.00890094027581656,-0.02552498119653268,0.01662404092071612,True
temporal_noise_baseline,zip_code,791xx,55,52,0.0008159995252366399,0.0007714904602237323,0.16363636363636364,0.15384615384615385,0.15595976380522833,0.15595976380522833,0.007676599831135306,-0.002113609959074475,0.00979020979020978,True
temporal_noise_baseline,zip_code,717xx,17,11,0.00025221803507314325,0.00016319990504732798,0.17647058823529413,0.2727272727272727,0.15595976380522833,0.15595976380522833,0.0205108244300658,0.11676750892204438,0.09625668449197858,True
temporal_noise_baseline,zip_code,898xx,33,29,0.0004895997151419839,0.00043025429512477377,0.09090909090909091,0.1724137931034483,0.15595976380522833,0.15595976380522833,-0.06505067289613742,0.016454029298219958,0.08150470219435738,True
temporal_noise_baseline,zip_code,772xx,8,6,0.00011869084003442034,8.901813002581526e-05,0.25,0.0,0.15595976380522833,0.15595976380522833,0.09404023619477167,-0.15595976380522833,0.25,True
temporal_noise_baseline,zip_code,975xx,56,58,0.0008308358802409425,0.0008605085902495475,0.14285714285714285,0.1206896551724138,0.15595976380522833,0.15595976380522833,-0.01310262094808548,-0.03527010863281453,0.02216748768472905,True
temporal_noise_baseline,zip_code,137xx,21,27,0.0003115634550903534,0.0004005815851161687,0.14285714285714285,0.2222222222222222,0.15595976380522833,0.15595976380522833,-0.01310262094808548,0.06626245841699388,0.07936507936507936,True
temporal_noise_baseline,zip_code,825xx,13,7,0.00019287261505593307,0.00010385448503011781,0.15384615384615385,0.14285714285714285,0.15595976380522833,0.15595976380522833,-0.002113609959074475,-0.01310262094808548,0.010989010989011005,True
temporal_noise_baseline,zip_code,257xx,16,11,0.00023738168006884067,0.00016319990504732798,0.1875,0.2727272727272727,0.15595976380522833,0.15595976380522833,0.03154023619477167,0.11676750892204438,0.08522727272727271,True
temporal_noise_baseline,zip_code,101xx,24,25,0.00035607252010326105,0.0003709088751075636,0.125,0.04,0.15595976380522833,0.15595976380522833,-0.03095976380522833,-0.11595976380522832,0.08499999999999999,True
temporal_noise_baseline,zip_code,829xx,22,28,0.00032639981009465596,0.00041541794012047123,0.045454545454545456,0.17857142857142858,0.15595976380522833,0.15595976380522833,-0.11050521835068287,0.022611664766200246,0.13311688311688313,True
temporal_noise_baseline,zip_code,671xx,15,25,0.00022254532506453816,0.0003709088751075636,0.06666666666666667,0.04,0.15595976380522833,0.15595976380522833,-0.08929309713856166,-0.11595976380522832,0.026666666666666658,True
temporal_noise_baseline,zip_code,253xx,30,16,0.0004450906501290763,0.00023738168006884067,0.1,0.0,0.15595976380522833,0.15595976380522833,-0.055959763805228324,-0.15595976380522833,0.1,True
temporal_noise_baseline,zip_code,264xx,5,3,7.418177502151272e-05,4.450906501290763e-05,0.4,0.3333333333333333,0.15595976380522833,0.15595976380522833,0.2440402361947717,0.17737356952810499,0.06666666666666671,True
temporal_noise_baseline,zip_code,714xx,27,24,0.0004005815851161687,0.00035607252010326105,0.07407407407407407,0.20833333333333334,0.15595976380522833,0.15595976380522833,-0.08188568973115426,0.05237356952810501,0.13425925925925927,True
temporal_noise_baseline,zip_code,169xx,6,9,8.901813002581526e-05,0.0001335271950387229,0.3333333333333333,0.0,0.15595976380522833,0.15595976380522833,0.17737356952810499,-0.15595976380522833,0.3333333333333333,True
temporal_noise_baseline,zip_code,545xx,12,19,0.00017803626005163053,0.00028189074508174833,0.25,0.21052631578947367,0.15595976380522833,0.15595976380522833,0.09404023619477167,0.05456655198424534,0.03947368421052633,True
temporal_noise_baseline,zip_code,645xx,20,16,0.0002967271000860509,0.00023738168006884067,0.3,0.0625,0.15595976380522833,0.15595976380522833,0.14404023619477166,-0.09345976380522833,0.2375,True
temporal_noise_baseline,zip_code,149xx,5,9,7.418177502151272e-05,0.0001335271950387229,0.0,0.1111111111111111,0.15595976380522833,0.15595976380522833,-0.15595976380522833,-0.044848652694117225,0.1111111111111111,True
temporal_noise_baseline,zip_code,650xx,25,21,0.0003709088751075636,0.0003115634550903534,0.2,0.14285714285714285,0.15595976380522833,0.15595976380522833,0.04404023619477168,-0.01310262094808548,0.05714285714285716,True
temporal_noise_baseline,zip_code,918xx,28,20,0.00041541794012047123,0.0002967271000860509,0.14285714285714285,0.15,0.15595976380522833,0.15595976380522833,-0.01310262094808548,-0.005959763805228335,0.007142857142857145,True
temporal_noise_baseline,zip_code,931xx,52,57,0.0007714904602237323,0.0008456722352452449,0.15384615384615385,0.07017543859649122,0.15595976380522833,0.15595976380522833,-0.002113609959074475,-0.0857843252087371,0.08367071524966263,True
temporal_noise_baseline,zip_code,448xx,58,48,0.0008605085902495475,0.0007121450402065221,0.15517241379310345,0.22916666666666666,0.15595976380522833,0.15595976380522833,-0.0007873500121248767,0.07320690286143833,0.0739942528735632,True
temporal_noise_baseline,zip_code,831xx,2,11,2.9672710008605084e-05,0.00016319990504732798,0.5,0.18181818181818182,0.15595976380522833,0.15595976380522833,0.34404023619477164,0.025858418012953494,0.3181818181818181,True
temporal_noise_baseline,zip_code,628xx,30,23,0.0004450906501290763,0.0003412361650989585,0.16666666666666666,0.17391304347826086,0.15595976380522833,0.15595976380522833,0.010706902861438328,0.017953279673032535,0.007246376811594207,True
temporal_noise_baseline,zip_code,360xx,53,66,0.0007863268152280348,0.0009791994302839678,0.18867924528301888,0.2727272727272727,0.15595976380522833,0.15595976380522833,0.03271948147779055,0.11676750892204438,0.08404802744425383,True
temporal_noise_baseline,zip_code,278xx,60,83,0.0008901813002581526,0.001231417465357111,0.11666666666666667,0.1927710843373494,0.15595976380522833,0.15595976380522833,-0.03929309713856166,0.03681132053212108,0.07610441767068274,True
temporal_noise_baseline,zip_code,780xx,67,71,0.0009940357852882703,0.0010533812053054805,0.13432835820895522,0.14084507042253522,0.15595976380522833,0.15595976380522833,-0.021631405596273107,-0.015114693382693112,0.006516712213579995,True
temporal_noise_baseline,zip_code,377xx,47,44,0.0006973086852022195,0.0006527996201893119,0.19148936170212766,0.22727272727272727,0.15595976380522833,0.15595976380522833,0.03552959789689933,0.07131296346749894,0.03578336557059961,True
temporal_noise_baseline,zip_code,492xx,66,51,0.0009791994302839678,0.0007566541052194297,0.18181818181818182,0.29411764705882354,0.15595976380522833,0.15595976380522833,0.025858418012953494,0.1381578832535952,0.11229946524064172,True
temporal_noise_baseline,zip_code,354xx,41,34,0.0006082905551764042,0.0005044360701462865,0.12195121951219512,0.058823529411764705,0.15595976380522833,0.15595976380522833,-0.03400854429303321,-0.09713623439346362,0.06312769010043041,True
temporal_noise_baseline,zip_code,116xx,25,40,0.0003709088751075636,0.0005934542001721018,0.28,0.175,0.15595976380522833,0.15595976380522833,0.1240402361947717,0.01904023619477166,0.10500000000000004,True
temporal_noise_baseline,zip_code,655xx,21,22,0.0003115634550903534,0.00032639981009465596,0.0,0.2727272727272727,0.15595976380522833,0.15595976380522833,-0.15595976380522833,0.11676750892204438,0.2727272727272727,True
temporal_noise_baseline,zip_code,557xx,34,36,0.0005044360701462865,0.0005341087801548916,0.14705882352941177,0.16666666666666666,0.15595976380522833,0.15595976380522833,-0.00890094027581656,0.010706902861438328,0.019607843137254888,True
temporal_noise_baseline,zip_code,812xx,16,14,0.00023738168006884067,0.00020770897006023561,0.125,0.14285714285714285,0.15595976380522833,0.15595976380522833,-0.03095976380522833,-0.01310262094808548,0.01785714285714285,True
temporal_noise_baseline,zip_code,498xx,18,20,0.0002670543900774458,0.0002967271000860509,0.16666666666666666,0.15,0.15595976380522833,0.15595976380522833,0.010706902861438328,-0.005959763805228335,0.016666666666666663,True
temporal_noise_baseline,zip_code,619xx,15,15,0.00022254532506453816,0.00022254532506453816,0.4,0.06666666666666667,0.15595976380522833,0.15595976380522833,0.2440402361947717,-0.08929309713856166,0.33333333333333337,True
temporal_noise_baseline,zip_code,382xx,15,15,0.00022254532506453816,0.00022254532506453816,0.26666666666666666,0.06666666666666667,0.15595976380522833,0.15595976380522833,0.11070690286143833,-0.08929309713856166,0.2,True
temporal_noise_baseline,zip_code,881xx,16,12,0.00023738168006884067,0.00017803626005163053,0.25,0.25,0.15595976380522833,0.15595976380522833,0.09404023619477167,0.09404023619477167,0.0,True
temporal_noise_baseline,zip_code,978xx,37,34,0.0005489451351591941,0.0005044360701462865,0.13513513513513514,0.08823529411764706,0.15595976380522833,0.15595976380522833,-0.020824628670093187,-0.06772446968758127,0.04689984101748808,True
temporal_noise_baseline,zip_code,726xx,21,17,0.0003115634550903534,0.00025221803507314325,0.09523809523809523,0.29411764705882354,0.15595976380522833,0.15595976380522833,-0.0607216685671331,0.1381578832535952,0.1988795518207283,True
temporal_noise_baseline,zip_code,572xx,11,14,0.00016319990504732798,0.00020770897006023561,0.0,0.35714285714285715,0.15595976380522833,0.15595976380522833,-0.15595976380522833,0.20118309333762882,0.35714285714285715,True
temporal_noise_baseline,zip_code,427xx,23,19,0.0003412361650989585,0.00028189074508174833,0.17391304347826086,0.15789473684210525,0.15595976380522833,0.15595976380522833,0.017953279673032535,0.0019349730368769247,0.01601830663615561,True
temporal_noise_baseline,zip_code,859xx,15,9,0.00022254532506453816,0.0001335271950387229,0.2,0.0,0.15595976380522833,0.15595976380522833,0.04404023619477168,-0.15595976380522833,0.2,True
temporal_noise_baseline,zip_code,072xx,33,45,0.0004895997151419839,0.0006676359751936144,0.21212121212121213,0.2,0.15595976380522833,0.15595976380522833,0.0561614483159838,0.04404023619477168,0.012121212121212116,True
temporal_noise_baseline,zip_code,979xx,5,5,7.418177502151272e-05,7.418177502151272e-05,0.4,0.2,0.15595976380522833,0.15595976380522833,0.2440402361947717,0.04404023619477168,0.2,True
temporal_noise_baseline,zip_code,308xx,55,48,0.0008159995252366399,0.0007121450402065221,0.16363636363636364,0.14583333333333334,0.15595976380522833,0.15595976380522833,0.007676599831135306,-0.010126430471894987,0.017803030303030293,True
temporal_noise_baseline,zip_code,603xx,20,11,0.0002967271000860509,0.00016319990504732798,0.15,0.09090909090909091,0.15595976380522833,0.15595976380522833,-0.005959763805228335,-0.06505067289613742,0.05909090909090908,True
temporal_noise_baseline,zip_code,493xx,43,43,0.0006379632651850093,0.0006379632651850093,0.18604651162790697,0.18604651162790697,0.15595976380522833,0.15595976380522833,0.030086747822678644,0.030086747822678644,0.0,True
temporal_noise_baseline,zip_code,166xx,28,31,0.00041541794012047123,0.0004599270051333788,0.17857142857142858,0.16129032258064516,0.15595976380522833,0.15595976380522833,0.022611664766200246,0.005330558775416827,0.01728110599078342,True
temporal_noise_baseline,zip_code,635xx,11,3,0.00016319990504732798,4.450906501290763e-05,0.09090909090909091,0.0,0.15595976380522833,0.15595976380522833,-0.06505067289613742,-0.15595976380522833,0.09090909090909091,True
temporal_noise_baseline,zip_code,163xx,21,26,0.0003115634550903534,0.00038574523011186614,0.2857142857142857,0.19230769230769232,0.15595976380522833,0.15595976380522833,0.12975452190905737,0.03634792850246399,0.09340659340659338,True
temporal_noise_baseline,zip_code,668xx,14,12,0.00020770897006023561,0.00017803626005163053,0.14285714285714285,0.5833333333333334,0.15595976380522833,0.15595976380522833,-0.01310262094808548,0.427373569528105,0.44047619047619047,True
temporal_noise_baseline,zip_code,704xx,90,76,0.0013352719503872288,0.0011275629803269933,0.15555555555555556,0.21052631578947367,0.15595976380522833,0.15595976380522833,-0.0004042082496727717,0.05456655198424534,0.054970760233918115,True
temporal_noise_baseline,zip_code,591xx,22,37,0.00032639981009465596,0.0005489451351591941,0.09090909090909091,0.1891891891891892,0.15595976380522833,0.15595976380522833,-0.06505067289613742,0.03322942538396087,0.09828009828009829,True
temporal_noise_baseline,zip_code,437xx,27,49,0.0004005815851161687,0.0007269813952108246,0.2222222222222222,0.14285714285714285,0.15595976380522833,0.15595976380522833,0.06626245841699388,-0.01310262094808548,0.07936507936507936,True
temporal_noise_baseline,zip_code,012xx,25,24,0.0003709088751075636,0.00035607252010326105,0.2,0.20833333333333334,0.15595976380522833,0.15595976380522833,0.04404023619477168,0.05237356952810501,0.008333333333333331,True
temporal_noise_baseline,zip_code,719xx,28,20,0.00041541794012047123,0.0002967271000860509,0.2857142857142857,0.15,0.15595976380522833,0.15595976380522833,0.12975452190905737,-0.005959763805228335,0.1357142857142857,True
temporal_noise_baseline,zip_code,135xx,10,15,0.00014836355004302544,0.00022254532506453816,0.1,0.2,0.15595976380522833,0.15595976380522833,-0.055959763805228324,0.04404023619477168,0.1,True
temporal_noise_baseline,zip_code,673xx,10,10,0.00014836355004302544,0.00014836355004302544,0.3,0.3,0.15595976380522833,0.15595976380522833,0.14404023619477166,0.14404023619477166,0.0,True
temporal_noise_baseline,zip_code,038xx,73,73,0.0010830539153140856,0.0010830539153140856,0.0684931506849315,0.1232876712328767,0.15595976380522833,0.15595976380522833,-0.08746661312029683,-0.032672092572351624,0.0547945205479452,True
temporal_noise_baseline,zip_code,629xx,34,25,0.0005044360701462865,0.0003709088751075636,0.17647058823529413,0.04,0.15595976380522833,0.15595976380522833,0.0205108244300658,-0.11595976380522832,0.13647058823529412,True
temporal_noise_baseline,zip_code,947xx,36,34,0.0005341087801548916,0.0005044360701462865,0.1111111111111111,0.08823529411764706,0.15595976380522833,0.15595976380522833,-0.044848652694117225,-0.06772446968758127,0.02287581699346404,True
temporal_noise_baseline,zip_code,811xx,15,14,0.00022254532506453816,0.00020770897006023561,0.06666666666666667,0.21428571428571427,0.15595976380522833,0.15595976380522833,-0.08929309713856166,0.058325950480485944,0.1476190476190476,True
temporal_noise_baseline,zip_code,332xx,6,3,8.901813002581526e-05,4.450906501290763e-05,0.16666666666666666,0.3333333333333333,0.15595976380522833,0.15595976380522833,0.010706902861438328,0.17737356952810499,0.16666666666666666,True
temporal_noise_baseline,zip_code,395xx,1,0,1.4836355004302542e-05,0.0,1.0,,0.15595976380522833,0.15595976380522833,0.8440402361947716,,,True
temporal_noise_baseline,zip_code,903xx,36,32,0.0005341087801548916,0.00047476336013768135,0.19444444444444445,0.0625,0.15595976380522833,0.15595976380522833,0.03848468063921612,-0.09345976380522833,0.13194444444444445,True
temporal_noise_baseline,zip_code,537xx,49,37,0.0007269813952108246,0.0005489451351591941,0.16326530612244897,0.08108108108108109,0.15595976380522833,0.15595976380522833,0.007305542317220637,-0.07487868272414724,0.08218422504136788,True
temporal_noise_baseline,zip_code,414xx,2,0,2.9672710008605084e-05,0.0,0.0,,0.15595976380522833,0.15595976380522833,-0.15595976380522833,,,True
temporal_noise_baseline,zip_code,014xx,39,40,0.0005786178451677992,0.0005934542001721018,0.1282051282051282,0.2,0.15595976380522833,0.15595976380522833,-0.027754635600100136,0.04404023619477168,0.07179487179487182,True
temporal_noise_baseline,zip_code,159xx,26,20,0.00038574523011186614,0.0002967271000860509,0.19230769230769232,0.15,0.15595976380522833,0.15595976380522833,0.03634792850246399,-0.005959763805228335,0.042307692307692324,True
temporal_noise_baseline,zip_code,897xx,18,18,0.0002670543900774458,0.0002670543900774458,0.3333333333333333,0.16666666666666666,0.15595976380522833,0.15595976380522833,0.17737356952810499,0.010706902861438328,0.16666666666666666,True
temporal_noise_baseline,zip_code,744xx,18,36,0.0002670543900774458,0.0005341087801548916,0.2222222222222222,0.1111111111111111,0.15595976380522833,0.15595976380522833,0.06626245841699388,-0.044848652694117225,0.1111111111111111,True
temporal_noise_baseline,zip_code,174xx,26,36,0.00038574523011186614,0.0005341087801548916,0.038461538461538464,0.25,0.15595976380522833,0.15595976380522833,-0.11749822534368987,0.09404023619477167,0.21153846153846154,True
temporal_noise_baseline,zip_code,777xx,9,15,0.0001335271950387229,0.00022254532506453816,0.1111111111111111,0.26666666666666666,0.15595976380522833,0.15595976380522833,-0.044848652694117225,0.11070690286143833,0.15555555555555556,True
temporal_noise_baseline,zip_code,423xx,16,25,0.00023738168006884067,0.0003709088751075636,0.1875,0.16,0.15595976380522833,0.15595976380522833,0.03154023619477167,0.004040236194771674,0.027499999999999997,True
temporal_noise_baseline,zip_code,401xx,27,23,0.0004005815851161687,0.0003412361650989585,0.14814814814814814,0.21739130434782608,0.15595976380522833,0.15595976380522833,-0.00781161565708019,0.06143154054259775,0.06924315619967794,True
temporal_noise_baseline,zip_code,884xx,2,3,2.9672710008605084e-05,4.450906501290763e-05,0.0,0.0,0.15595976380522833,0.15595976380522833,-0.15595976380522833,-0.15595976380522833,0.0,True
temporal_noise_baseline,zip_code,803xx,31,19,0.0004599270051333788,0.00028189074508174833,0.0967741935483871,0.10526315789473684,0.15595976380522833,0.15595976380522833,-0.059185570256841236,-0.05069660591049149,0.008488964346349742,True
temporal_noise_baseline,zip_code,566xx,20,13,0.0002967271000860509,0.00019287261505593307,0.05,0.0,0.15595976380522833,0.15595976380522833,-0.10595976380522833,-0.15595976380522833,0.05,True
temporal_noise_baseline,zip_code,262xx,11,16,0.00016319990504732798,0.00023738168006884067,0.0,0.0,0.15595976380522833,0.15595976380522833,-0.15595976380522833,-0.15595976380522833,0.0,True
temporal_noise_baseline,zip_code,561xx,10,16,0.00014836355004302544,0.00023738168006884067,0.1,0.1875,0.15595976380522833,0.15595976380522833,-0.055959763805228324,0.03154023619477167,0.0875,True
temporal_noise_baseline,zip_code,424xx,11,14,0.00016319990504732798,0.00020770897006023561,0.0,0.07142857142857142,0.15595976380522833,0.15595976380522833,-0.15595976380522833,-0.0845311923766569,0.07142857142857142,True
temporal_noise_baseline,zip_code,873xx,10,5,0.00014836355004302544,7.418177502151272e-05,0.2,0.0,0.15595976380522833,0.15595976380522833,0.04404023619477168,-0.15595976380522833,0.2,True
temporal_noise_baseline,zip_code,893xx,3,8,4.450906501290763e-05,0.00011869084003442034,0.3333333333333333,0.125,0.15595976380522833,0.15595976380522833,0.17737356952810499,-0.03095976380522833,0.20833333333333331,True
temporal_noise_baseline,zip_code,235xx,45,23,0.0006676359751936144,0.0003412361650989585,0.17777777777777778,0.17391304347826086,0.15595976380522833,0.15595976380522833,0.021818013972549455,0.017953279673032535,0.00386473429951692,True
temporal_noise_baseline,zip_code,562xx,18,37,0.0002670543900774458,0.0005489451351591941,0.05555555555555555,0.2972972972972973,0.15595976380522833,0.15595976380522833,-0.10040420824967278,0.14133753349206898,0.24174174174174176,True
temporal_noise_baseline,zip_code,877xx,9,5,0.0001335271950387229,7.418177502151272e-05,0.2222222222222222,0.2,0.15595976380522833,0.15595976380522833,0.06626245841699388,0.04404023619477168,0.0222222222222222,True
temporal_noise_baseline,zip_code,263xx,15,21,0.00022254532506453816,0.0003115634550903534,0.13333333333333333,0.19047619047619047,0.15595976380522833,0.15595976380522833,-0.022626430471894998,0.034516426670962136,0.057142857142857134,True
temporal_noise_baseline,zip_code,438xx,11,14,0.00016319990504732798,0.00020770897006023561,0.18181818181818182,0.42857142857142855,0.15595976380522833,0.15595976380522833,0.025858418012953494,0.27261166476620025,0.24675324675324675,True
temporal_noise_baseline,zip_code,534xx,22,16,0.00032639981009465596,0.00023738168006884067,0.5,0.1875,0.15595976380522833,0.15595976380522833,0.34404023619477164,0.03154023619477167,0.3125,True
temporal_noise_baseline,zip_code,304xx,31,19,0.0004599270051333788,0.00028189074508174833,0.16129032258064516,0.15789473684210525,0.15595976380522833,0.15595976380522833,0.005330558775416827,0.0019349730368769247,0.0033955857385399024,True
temporal_noise_baseline,zip_code,638xx,17,14,0.00025221803507314325,0.00020770897006023561,0.29411764705882354,0.42857142857142855,0.15595976380522833,0.15595976380522833,0.1381578832535952,0.27261166476620025,0.13445378151260504,True
temporal_noise_baseline,zip_code,259xx,5,9,7.418177502151272e-05,0.0001335271950387229,0.2,0.1111111111111111,0.15595976380522833,0.15595976380522833,0.04404023619477168,-0.044848652694117225,0.0888888888888889,True
temporal_noise_baseline,zip_code,256xx,4,7,5.934542001721017e-05,0.00010385448503011781,0.25,0.0,0.15595976380522833,0.15595976380522833,0.09404023619477167,-0.15595976380522833,0.25,True
temporal_noise_baseline,zip_code,470xx,23,18,0.0003412361650989585,0.0002670543900774458,0.043478260869565216,0.1111111111111111,0.15595976380522833,0.15595976380522833,-0.11248150293566311,-0.044848652694117225,0.06763285024154589,True
temporal_noise_baseline,zip_code,155xx,13,15,0.00019287261505593307,0.00022254532506453816,0.07692307692307693,0.26666666666666666,0.15595976380522833,0.15595976380522833,-0.0790366868821514,0.11070690286143833,0.18974358974358974,True
temporal_noise_baseline,zip_code,998xx,19,16,0.00028189074508174833,0.00023738168006884067,0.10526315789473684,0.0625,0.15595976380522833,0.15595976380522833,-0.05069660591049149,-0.09345976380522833,0.042763157894736836,True
temporal_noise_baseline,zip_code,158xx,14,18,0.00020770897006023561,0.0002670543900774458,0.07142857142857142,0.2222222222222222,0.15595976380522833,0.15595976380522833,-0.0845311923766569,0.06626245841699388,0.15079365079365079,True
temporal_noise_baseline,zip_code,845xx,10,6,0.00014836355004302544,8.901813002581526e-05,0.1,0.0,0.15595976380522833,0.15595976380522833,-0.055959763805228324,-0.15595976380522833,0.1,True
temporal_noise_baseline,zip_code,737xx,11,11,0.00016319990504732798,0.00016319990504732798,0.2727272727272727,0.18181818181818182,0.15595976380522833,0.15595976380522833,0.11676750892204438,0.025858418012953494,0.09090909090909088,True
temporal_noise_baseline,zip_code,599xx,22,25,0.00032639981009465596,0.0003709088751075636,0.09090909090909091,0.04,0.15595976380522833,0.15595976380522833,-0.06505067289613742,-0.11595976380522832,0.050909090909090904,True
temporal_noise_baseline,zip_code,361xx,36,38,0.0005341087801548916,0.0005637814901634967,0.19444444444444445,0.21052631578947367,0.15595976380522833,0.15595976380522833,0.03848468063921612,0.05456655198424534,0.016081871345029225,True
temporal_noise_baseline,zip_code,318xx,17,18,0.00025221803507314325,0.0002670543900774458,0.11764705882352941,0.16666666666666666,0.15595976380522833,0.15595976380522833,-0.03831270498169892,0.010706902861438328,0.04901960784313725,True
temporal_noise_baseline,zip_code,615xx,39,30,0.0005786178451677992,0.0004450906501290763,0.10256410256410256,0.1,0.15595976380522833,0.15595976380522833,-0.05339566124112577,-0.055959763805228324,0.002564102564102555,True
temporal_noise_baseline,zip_code,653xx,19,19,0.00028189074508174833,0.00028189074508174833,0.3157894736842105,0.15789473684210525,0.15595976380522833,0.15595976380522833,0.15982970987898218,0.0019349730368769247,0.15789473684210525,True
temporal_noise_baseline,zip_code,031xx,31,41,0.0004599270051333788,0.0006082905551764042,0.16129032258064516,0.07317073170731707,0.15595976380522833,0.15595976380522833,0.005330558775416827,-0.08278903209791126,0.08811959087332809,True
temporal_noise_baseline,zip_code,613xx,24,18,0.00035607252010326105,0.0002670543900774458,0.125,0.16666666666666666,0.15595976380522833,0.15595976380522833,-0.03095976380522833,0.010706902861438328,0.04166666666666666,True
temporal_noise_baseline,zip_code,034xx,19,17,0.00028189074508174833,0.00025221803507314325,0.15789473684210525,0.23529411764705882,0.15595976380522833,0.15595976380522833,0.0019349730368769247,0.07933435384183049,0.07739938080495357,True
temporal_noise_baseline,zip_code,542xx,8,16,0.00011869084003442034,0.00023738168006884067,0.125,0.1875,0.15595976380522833,0.15595976380522833,-0.03095976380522833,0.03154023619477167,0.0625,True
temporal_noise_baseline,zip_code,478xx,23,24,0.0003412361650989585,0.00035607252010326105,0.13043478260869565,0.125,0.15595976380522833,0.15595976380522833,-0.02552498119653268,-0.03095976380522833,0.0054347826086956486,True
temporal_noise_baseline,zip_code,248xx,5,4,7.418177502151272e-05,5.934542001721017e-05,0.0,0.25,0.15595976380522833,0.15595976380522833,-0.15595976380522833,0.09404023619477167,0.25,True
temporal_noise_baseline,zip_code,035xx,11,4,0.00016319990504732798,5.934542001721017e-05,0.2727272727272727,0.5,0.15595976380522833,0.15595976380522833,0.11676750892204438,0.34404023619477164,0.22727272727272727,True
temporal_noise_baseline,zip_code,476xx,18,25,0.0002670543900774458,0.0003709088751075636,0.2222222222222222,0.04,0.15595976380522833,0.15595976380522833,0.06626245841699388,-0.11595976380522832,0.1822222222222222,True
temporal_noise_baseline,zip_code,355xx,20,24,0.0002967271000860509,0.00035607252010326105,0.15,0.25,0.15595976380522833,0.15595976380522833,-0.005959763805228335,0.09404023619477167,0.1,True
temporal_noise_baseline,zip_code,455xx,14,16,0.00020770897006023561,0.00023738168006884067,0.07142857142857142,0.1875,0.15595976380522833,0.15595976380522833,-0.0845311923766569,0.03154023619477167,0.11607142857142858,True
temporal_noise_baseline,zip_code,747xx,9,5,0.0001335271950387229,7.418177502151272e-05,0.1111111111111111,0.2,0.15595976380522833,0.15595976380522833,-0.044848652694117225,0.04404023619477168,0.0888888888888889,True
temporal_noise_baseline,zip_code,738xx,7,8,0.00010385448503011781,0.00011869084003442034,0.2857142857142857,0.125,0.15595976380522833,0.15595976380522833,0.12975452190905737,-0.03095976380522833,0.1607142857142857,True
temporal_noise_baseline,zip_code,639xx,8,5,0.00011869084003442034,7.418177502151272e-05,0.25,0.0,0.15595976380522833,0.15595976380522833,0.09404023619477167,-0.15595976380522833,0.25,True
temporal_noise_baseline,zip_code,883xx,10,13,0.00014836355004302544,0.00019287261505593307,0.1,0.3076923076923077,0.15595976380522833,0.15595976380522833,-0.055959763805228324,0.15173254388707938,0.2076923076923077,True
temporal_noise_baseline,zip_code,590xx,13,13,0.00019287261505593307,0.00019287261505593307,0.0,0.07692307692307693,0.15595976380522833,0.15595976380522833,-0.15595976380522833,-0.0790366868821514,0.07692307692307693,True
temporal_noise_baseline,zip_code,574xx,12,8,0.00017803626005163053,0.00011869084003442034,0.25,0.25,0.15595976380522833,0.15595976380522833,0.09404023619477167,0.09404023619477167,0.0,True
temporal_noise_baseline,zip_code,154xx,30,22,0.0004450906501290763,0.00032639981009465596,0.1,0.18181818181818182,0.15595976380522833,0.15595976380522833,-0.055959763805228324,0.025858418012953494,0.08181818181818182,True
temporal_noise_baseline,zip_code,743xx,17,10,0.00025221803507314325,0.00014836355004302544,0.11764705882352941,0.2,0.15595976380522833,0.15595976380522833,-0.03831270498169892,0.04404023619477168,0.0823529411764706,True
temporal_noise_baseline,zip_code,426xx,5,5,7.418177502151272e-05,7.418177502151272e-05,0.2,0.4,0.15595976380522833,0.15595976380522833,0.04404023619477168,0.2440402361947717,0.2,True
temporal_noise_baseline,zip_code,838xx,1,0,1.4836355004302542e-05,0.0,0.0,,0.15595976380522833,0.15595976380522833,-0.15595976380522833,,,True
temporal_noise_baseline,zip_code,164xx,13,20,0.00019287261505593307,0.0002967271000860509,0.15384615384615385,0.05,0.15595976380522833,0.15595976380522833,-0.002113609959074475,-0.10595976380522833,0.10384615384615385,True
temporal_noise_baseline,zip_code,609xx,36,29,0.0005341087801548916,0.00043025429512477377,0.08333333333333333,0.1724137931034483,0.15595976380522833,0.15595976380522833,-0.072626430471895,0.016454029298219958,0.08908045977011496,True
temporal_noise_baseline,zip_code,664xx,11,16,0.00016319990504732798,0.00023738168006884067,0.18181818181818182,0.125,0.15595976380522833,0.15595976380522833,0.025858418012953494,-0.03095976380522833,0.05681818181818182,True
temporal_noise_baseline,zip_code,573xx,13,13,0.00019287261505593307,0.00019287261505593307,0.23076923076923078,0.3076923076923077,0.15595976380522833,0.15595976380522833,0.07480946696400245,0.15173254388707938,0.07692307692307693,True
temporal_noise_baseline,zip_code,118xx,16,18,0.00023738168006884067,0.0002670543900774458,0.25,0.1111111111111111,0.15595976380522833,0.15595976380522833,0.09404023619477167,-0.044848652694117225,0.1388888888888889,True
temporal_noise_baseline,zip_code,162xx,24,22,0.00035607252010326105,0.00032639981009465596,0.125,0.045454545454545456,0.15595976380522833,0.15595976380522833,-0.03095976380522833,-0.11050521835068287,0.07954545454545454,True
temporal_noise_baseline,zip_code,768xx,12,8,0.00017803626005163053,0.00011869084003442034,0.0,0.25,0.15595976380522833,0.15595976380522833,-0.15595976380522833,0.09404023619477167,0.25,True
temporal_noise_baseline,zip_code,143xx,18,14,0.0002670543900774458,0.00020770897006023561,0.2222222222222222,0.2857142857142857,0.15595976380522833,0.15595976380522833,0.06626245841699388,0.12975452190905737,0.06349206349206349,True
temporal_noise_baseline,zip_code,227xx,27,17,0.0004005815851161687,0.00025221803507314325,0.2222222222222222,0.11764705882352941,0.15595976380522833,0.15595976380522833,0.06626245841699388,-0.03831270498169892,0.1045751633986928,True
temporal_noise_baseline,zip_code,624xx,18,11,0.0002670543900774458,0.00016319990504732798,0.05555555555555555,0.09090909090909091,0.15595976380522833,0.15595976380522833,-0.10040420824967278,-0.06505067289613742,0.03535353535353536,True
temporal_noise_baseline,zip_code,051xx,6,3,8.901813002581526e-05,4.450906501290763e-05,0.0,0.0,0.15595976380522833,0.15595976380522833,-0.15595976380522833,-0.15595976380522833,0.0,True
temporal_noise_baseline,zip_code,616xx,25,35,0.0003709088751075636,0.000519272425150589,0.16,0.14285714285714285,0.15595976380522833,0.15595976380522833,0.004040236194771674,-0.01310262094808548,0.017142857142857154,True
temporal_noise_baseline,zip_code,623xx,9,11,0.0001335271950387229,0.00016319990504732798,0.1111111111111111,0.18181818181818182,0.15595976380522833,0.15595976380522833,-0.044848652694117225,0.025858418012953494,0.07070707070707072,True
temporal_noise_baseline,zip_code,188xx,7,13,0.00010385448503011781,0.00019287261505593307,0.2857142857142857,0.07692307692307693,0.15595976380522833,0.15595976380522833,0.12975452190905737,-0.0790366868821514,0.20879120879120877,True
temporal_noise_baseline,zip_code,830xx,4,12,5.934542001721017e-05,0.00017803626005163053,0.25,0.08333333333333333,0.15595976380522833,0.15595976380522833,0.09404023619477167,-0.072626430471895,0.16666666666666669,True
temporal_noise_baseline,zip_code,157xx,16,11,0.00023738168006884067,0.00016319990504732798,0.1875,0.18181818181818182,0.15595976380522833,0.15595976380522833,0.03154023619477167,0.025858418012953494,0.005681818181818177,True
temporal_noise_baseline,zip_code,391xx,1,0,1.4836355004302542e-05,0.0,0.0,,0.15595976380522833,0.15595976380522833,-0.15595976380522833,,,True
temporal_noise_baseline,zip_code,249xx,8,15,0.00011869084003442034,0.00022254532506453816,0.0,0.06666666666666667,0.15595976380522833,0.15595976380522833,-0.15595976380522833,-0.08929309713856166,0.06666666666666667,True
temporal_noise_baseline,zip_code,675xx,16,18,0.00023738168006884067,0.0002670543900774458,0.0,0.1111111111111111,0.15595976380522833,0.15595976380522833,-0.15595976380522833,-0.044848652694117225,0.1111111111111111,True
temporal_noise_baseline,zip_code,739xx,4,3,5.934542001721017e-05,4.450906501290763e-05,0.25,0.3333333333333333,0.15595976380522833,0.15595976380522833,0.09404023619477167,0.17737356952810499,0.08333333333333331,True
temporal_noise_baseline,zip_code,969xx,1,0,1.4836355004302542e-05,0.0,1.0,,0.15595976380522833,0.15595976380522833,0.8440402361947716,,,True
temporal_noise_baseline,zip_code,359xx,28,31,0.00041541794012047123,0.0004599270051333788,0.10714285714285714,0.1935483870967742,0.15595976380522833,0.15595976380522833,-0.04881690666237119,0.03758862329154586,0.08640552995391705,True
temporal_noise_baseline,zip_code,634xx,11,9,0.00016319990504732798,0.0001335271950387229,0.2727272727272727,0.1111111111111111,0.15595976380522833,0.15595976380522833,0.11676750892204438,-0.044848652694117225,0.1616161616161616,True
temporal_noise_baseline,zip_code,266xx,5,7,7.418177502151272e-05,0.00010385448503011781,0.0,0.0,0.15595976380522833,0.15595976380522833,-0.15595976380522833,-0.15595976380522833,0.0,True
temporal_noise_baseline,zip_code,090xx,2,2,2.9672710008605084e-05,2.9672710008605084e-05,1.0,0.0,0.15595976380522833,0.15595976380522833,0.8440402361947716,-0.15595976380522833,1.0,True
temporal_noise_baseline,zip_code,102xx,6,8,8.901813002581526e-05,0.00011869084003442034,0.0,0.125,0.15595976380522833,0.15595976380522833,-0.15595976380522833,-0.03095976380522833,0.125,True
temporal_noise_baseline,zip_code,676xx,11,8,0.00016319990504732798,0.00011869084003442034,0.0,0.0,0.15595976380522833,0.15595976380522833,-0.15595976380522833,-0.15595976380522833,0.0,True
temporal_noise_baseline,zip_code,538xx,2,8,2.9672710008605084e-05,0.00011869084003442034,0.0,0.125,0.15595976380522833,0.15595976380522833,-0.15595976380522833,-0.03095976380522833,0.125,True
temporal_noise_baseline,zip_code,593xx,7,10,0.00010385448503011781,0.00014836355004302544,0.0,0.1,0.15595976380522833,0.15595976380522833,-0.15595976380522833,-0.055959763805228324,0.1,True
temporal_noise_baseline,zip_code,250xx,11,8,0.00016319990504732798,0.00011869084003442034,0.36363636363636365,0.0,0.15595976380522833,0.15595976380522833,0.20767659983113532,-0.15595976380522833,0.36363636363636365,True
temporal_noise_baseline,zip_code,398xx,13,11,0.00019287261505593307,0.00016319990504732798,0.15384615384615385,0.09090909090909091,0.15595976380522833,0.15595976380522833,-0.002113609959074475,-0.06505067289613742,0.06293706293706294,True
temporal_noise_baseline,zip_code,407xx,8,12,0.00011869084003442034,0.00017803626005163053,0.375,0.25,0.15595976380522833,0.15595976380522833,0.21904023619477167,0.09404023619477167,0.125,True
temporal_noise_baseline,zip_code,824xx,11,6,0.00016319990504732798,8.901813002581526e-05,0.2727272727272727,0.3333333333333333,0.15595976380522833,0.15595976380522833,0.11676750892204438,0.17737356952810499,0.06060606060606061,True
temporal_noise_baseline,zip_code,258xx,11,15,0.00016319990504732798,0.00022254532506453816,0.0,0.2,0.15595976380522833,0.15595976380522833,-0.15595976380522833,0.04404023619477168,0.2,True
temporal_noise_baseline,zip_code,575xx,5,5,7.418177502151272e-05,7.418177502151272e-05,0.4,0.0,0.15595976380522833,0.15595976380522833,0.2440402361947717,-0.15595976380522833,0.4,True
temporal_noise_baseline,zip_code,736xx,8,4,0.00011869084003442034,5.934542001721017e-05,0.25,0.25,0.15595976380522833,0.15595976380522833,0.09404023619477167,0.09404023619477167,0.0,True
temporal_noise_baseline,zip_code,643xx,1,0,1.4836355004302542e-05,0.0,1.0,,0.15595976380522833,0.15595976380522833,0.8440402361947716,,,True
temporal_noise_baseline,zip_code,677xx,7,4,0.00010385448503011781,5.934542001721017e-05,0.0,0.25,0.15595976380522833,0.15595976380522833,-0.15595976380522833,0.09404023619477167,0.25,True
temporal_noise_baseline,zip_code,289xx,2,3,2.9672710008605084e-05,4.450906501290763e-05,0.0,0.3333333333333333,0.15595976380522833,0.15595976380522833,-0.15595976380522833,0.17737356952810499,0.3333333333333333,True
temporal_noise_baseline,zip_code,807xx,16,13,0.00023738168006884067,0.00019287261505593307,0.25,0.15384615384615385,0.15595976380522833,0.15595976380522833,0.09404023619477167,-0.002113609959074475,0.09615384615384615,True
temporal_noise_baseline,zip_code,415xx,4,5,5.934542001721017e-05,7.418177502151272e-05,0.25,0.6,0.15595976380522833,0.15595976380522833,0.09404023619477167,0.4440402361947716,0.35,True
temporal_noise_baseline,zip_code,247xx,5,6,7.418177502151272e-05,8.901813002581526e-05,0.0,0.16666666666666666,0.15595976380522833,0.15595976380522833,-0.15595976380522833,0.010706902861438328,0.16666666666666666,True
temporal_noise_baseline,zip_code,139xx,9,13,0.0001335271950387229,0.00019287261505593307,0.2222222222222222,0.3076923076923077,0.15595976380522833,0.15595976380522833,0.06626245841699388,0.15173254388707938,0.0854700854700855,True
temporal_noise_baseline,zip_code,058xx,6,10,8.901813002581526e-05,0.00014836355004302544,0.3333333333333333,0.0,0.15595976380522833,0.15595976380522833,0.17737356952810499,-0.15595976380522833,0.3333333333333333,True
temporal_noise_baseline,zip_code,413xx,4,4,5.934542001721017e-05,5.934542001721017e-05,0.25,0.0,0.15595976380522833,0.15595976380522833,0.09404023619477167,-0.15595976380522833,0.25,True
temporal_noise_baseline,zip_code,425xx,6,9,8.901813002581526e-05,0.0001335271950387229,0.16666666666666666,0.3333333333333333,0.15595976380522833,0.15595976380522833,0.010706902861438328,0.17737356952810499,0.16666666666666666,True
temporal_noise_baseline,zip_code,669xx,8,3,0.00011869084003442034,4.450906501290763e-05,0.125,0.3333333333333333,0.15595976380522833,0.15595976380522833,-0.03095976380522833,0.17737356952810499,0.20833333333333331,True
temporal_noise_baseline,zip_code,679xx,8,3,0.00011869084003442034,4.450906501290763e-05,0.0,0.0,0.15595976380522833,0.15595976380522833,-0.15595976380522833,-0.15595976380522833,0.0,True
temporal_noise_baseline,zip_code,746xx,6,5,8.901813002581526e-05,7.418177502151272e-05,0.0,0.6,0.15595976380522833,0.15595976380522833,-0.15595976380522833,0.4440402361947716,0.6,True
temporal_noise_baseline,zip_code,386xx,1,0,1.4836355004302542e-05,0.0,0.0,,0.15595976380522833,0.15595976380522833,-0.15595976380522833,,,True
temporal_noise_baseline,zip_code,753xx,2,4,2.9672710008605084e-05,5.934542001721017e-05,0.5,0.0,0.15595976380522833,0.15595976380522833,0.34404023619477164,-0.15595976380522833,0.5,True
temporal_noise_baseline,zip_code,646xx,5,11,7.418177502151272e-05,0.00016319990504732798,0.2,0.18181818181818182,0.15595976380522833,0.15595976380522833,0.04404023619477168,0.025858418012953494,0.018181818181818188,True
temporal_noise_baseline,zip_code,879xx,2,2,2.9672710008605084e-05,2.9672710008605084e-05,0.0,0.0,0.15595976380522833,0.15595976380522833,-0.15595976380522833,-0.15595976380522833,0.0,True
temporal_noise_baseline,zip_code,865xx,6,7,8.901813002581526e-05,0.00010385448503011781,0.16666666666666666,0.0,0.15595976380522833,0.15595976380522833,0.010706902861438328,-0.15595976380522833,0.16666666666666666,True
temporal_noise_baseline,zip_code,408xx,2,1,2.9672710008605084e-05,1.4836355004302542e-05,0.5,0.0,0.15595976380522833,0.15595976380522833,0.34404023619477164,-0.15595976380522833,0.5,True
temporal_noise_baseline,zip_code,409xx,2,5,2.9672710008605084e-05,7.418177502151272e-05,0.5,0.4,0.15595976380522833,0.15595976380522833,0.34404023619477164,0.2440402361947717,0.09999999999999995,True
temporal_noise_baseline,zip_code,053xx,4,1,5.934542001721017e-05,1.4836355004302542e-05,0.0,0.0,0.15595976380522833,0.15595976380522833,-0.15595976380522833,-0.15595976380522833,0.0,True
temporal_noise_baseline,zip_code,268xx,6,4,8.901813002581526e-05,5.934542001721017e-05,0.3333333333333333,0.0,0.15595976380522833,0.15595976380522833,0.17737356952810499,-0.15595976380522833,0.3333333333333333,True
temporal_noise_baseline,zip_code,962xx,1,1,1.4836355004302542e-05,1.4836355004302542e-05,0.0,0.0,0.15595976380522833,0.15595976380522833,-0.15595976380522833,-0.15595976380522833,0.0,True
temporal_noise_baseline,zip_code,267xx,7,15,0.00010385448503011781,0.00022254532506453816,0.14285714285714285,0.26666666666666666,0.15595976380522833,0.15595976380522833,-0.01310262094808548,0.11070690286143833,0.12380952380952381,True
temporal_noise_baseline,zip_code,412xx,3,7,4.450906501290763e-05,0.00010385448503011781,0.0,0.42857142857142855,0.15595976380522833,0.15595976380522833,-0.15595976380522833,0.27261166476620025,0.4285714285714286,True
temporal_noise_baseline,zip_code,681xx,1,0,1.4836355004302542e-05,0.0,0.0,,0.15595976380522833,0.15595976380522833,-0.15595976380522833,,,True
temporal_noise_baseline,zip_code,576xx,1,0,1.4836355004302542e-05,0.0,0.0,,0.15595976380522833,0.15595976380522833,-0.15595976380522833,,,True
temporal_noise_baseline,zip_code,994xx,2,2,2.9672710008605084e-05,2.9672710008605084e-05,0.5,0.0,0.15595976380522833,0.15595976380522833,0.34404023619477164,-0.15595976380522833,0.5,True
temporal_noise_baseline,zip_code,942xx,1,0,1.4836355004302542e-05,0.0,0.0,,0.15595976380522833,0.15595976380522833,-0.15595976380522833,,,True
temporal_noise_baseline,zip_code,049xx,1,0,1.4836355004302542e-05,0.0,0.0,,0.15595976380522833,0.15595976380522833,-0.15595976380522833,,,True
temporal_noise_baseline,zip_code,836xx,1,0,1.4836355004302542e-05,0.0,0.0,,0.15595976380522833,0.15595976380522833,-0.15595976380522833,,,True
temporal_noise_baseline,zip_code,094xx,1,3,1.4836355004302542e-05,4.450906501290763e-05,1.0,0.0,0.15595976380522833,0.15595976380522833,0.8440402361947716,-0.15595976380522833,1.0,True
temporal_noise_baseline,zip_code,417xx,2,2,2.9672710008605084e-05,2.9672710008605084e-05,0.5,0.0,0.15595976380522833,0.15595976380522833,0.34404023619477164,-0.15595976380522833,0.5,True
temporal_noise_baseline,zip_code,369xx,2,1,2.9672710008605084e-05,1.4836355004302542e-05,0.0,0.0,0.15595976380522833,0.15595976380522833,-0.15595976380522833,-0.15595976380522833,0.0,True
temporal_noise_baseline,zip_code,621xx,1,0,1.4836355004302542e-05,0.0,0.0,,0.15595976380522833,0.15595976380522833,-0.15595976380522833,,,True
temporal_noise_baseline,zip_code,059xx,2,0,2.9672710008605084e-05,0.0,0.0,,0.15595976380522833,0.15595976380522833,-0.15595976380522833,,,True
temporal_noise_baseline,zip_code,963xx,2,4,2.9672710008605084e-05,5.934542001721017e-05,0.5,0.0,0.15595976380522833,0.15595976380522833,0.34404023619477164,-0.15595976380522833,0.5,True
temporal_noise_baseline,zip_code,394xx,1,0,1.4836355004302542e-05,0.0,0.0,,0.15595976380522833,0.15595976380522833,-0.15595976380522833,,,True
cross_segment_noise_baseline,emp_length,2 years,3331,3259,0.08262023464047424,0.08083438747922712,0.161513059141399,0.15587603559374041,0.16362824614926705,0.16365304958206217,-0.002115187007868058,-0.007777013988321757,0.005661826980453699,False
cross_segment_noise_baseline,emp_length,3 years,2940,3040,0.0729220924175906,0.07540243569710048,0.16122448979591836,0.1569078947368421,0.16362824614926705,0.16365304958206217,-0.0024037563533486905,-0.006745154845220064,0.004341398491871373,False
cross_segment_noise_baseline,emp_length,10+ years,14082,14101,0.3492819406205819,0.34975320584368874,0.15992046584292005,0.1584284802496277,0.16362824614926705,0.16365304958206217,-0.003707780306346997,-0.005224569332434481,0.001516789026087484,False
cross_segment_noise_baseline,emp_length,4 years,2079,1976,0.05156633678101049,0.049011583203115314,0.16257816257816257,0.15688259109311742,0.16362824614926705,0.16365304958206217,-0.0010500835711044765,-0.006770458488944753,0.005720374917840276,False
cross_segment_noise_baseline,emp_length,7 years,2536,2441,0.06290150556837067,0.06054517945283627,0.16246056782334384,0.16919295370749693,0.16362824614926705,0.16365304958206217,-0.0011676783259232104,0.005539904125434758,0.0067075824513579685,False
cross_segment_noise_baseline,emp_length,NI,1578,1592,0.03913981695066597,0.03948706500979736,0.21419518377693283,0.18969849246231155,0.16362824614926705,0.16365304958206217,0.05056693762766579,0.026045442880249375,0.02452149474741641,False
cross_segment_noise_baseline,emp_length,1 year,2270,2306,0.05630379244487437,0.05719671602549793,0.1581497797356828,0.15611448395490027,0.16362824614926705,0.16365304958206217,-0.005478466413584238,-0.007538565627161903,0.0020600992135776652,False
cross_segment_noise_baseline,emp_length,5 years,2835,2825,0.07031773197410522,0.07006969764615423,0.15343915343915343,0.16,0.16362824614926705,0.16365304958206217,-0.010189092710113618,-0.003653049582062168,0.00653604312805145,False
cross_segment_noise_baseline,emp_length,9 years,1595,1606,0.03956147530818265,0.03983431306892874,0.17366771159874608,0.16936488169364883,0.16362824614926705,0.16365304958206217,0.010039465449479035,0.005711832111586657,0.004327633337892378,False
cross_segment_noise_baseline,emp_length,6 years,2389,2455,0.059255400947491134,0.060892427511967655,0.1674340728338217,0.17596741344195518,0.16362824614926705,0.16365304958206217,0.0038058266845546473,0.012314363859893013,0.008508537175338365,False
cross_segment_noise_baseline,emp_length,< 1 year,2684,2643,0.06657241362204529,0.06555547287744624,0.1676602086438152,0.17517972001513432,0.16362824614926705,0.16365304958206217,0.0040319624945481525,0.01152667043307215,0.007494707938523998,False
cross_segment_noise_baseline,emp_length,8 years,1998,2073,0.049557258724607485,0.0514175161842399,0.16216216216216217,0.1808972503617945,0.16362824614926705,0.16365304958206217,-0.001466083987104877,0.01724420077973232,0.0187102847668372,False
cross_segment_noise_baseline,home_ownership_n,RENT,15522,15733,0.3849988838455242,0.3902324081652901,0.18187089292616931,0.18343608974766415,0.16362824614926705,0.16365304958206217,0.018242646776902266,0.01978304016560198,0.0015403933886997123,False
cross_segment_noise_baseline,home_ownership_n,OWN,3173,3146,0.07870129225884863,0.07803159957338096,0.1585250551528522,0.16656071201525746,0.16362824614926705,0.16365304958206217,-0.005103190996414847,0.0029076624331952905,0.008010853429610137,False
cross_segment_noise_baseline,home_ownership_n,MORTGAGE,21622,21438,0.5362998238956271,0.531735992261329,0.15128110258070485,0.14870790185651647,0.16362824614926705,0.16365304958206217,-0.012347143568562202,-0.014945147725545699,0.0025980041569834966,False
cross_segment_noise_baseline,addr_state,CA,6369,6497,0.15797306347198453,0.16114790286975716,0.15481237242895274,0.1522241034323534,0.16362824614926705,0.16365304958206217,-0.00881587372031431,-0.011428946149708769,0.0026130724293944585,False
cross_segment_noise_baseline,addr_state,MD,965,976,0.023935312647270383,0.02420815040801647,0.18031088082901556,0.1680327868852459,0.16362824614926705,0.16365304958206217,0.01668263467974851,0.004379737303183723,0.012302897376564786,False
cross_segment_noise_baseline,addr_state,TX,3083,3155,0.07646898330728973,0.07825483046853685,0.14304249108011677,0.15213946117274169,0.16362824614926705,0.16365304958206217,-0.02058575506915028,-0.011513588409320485,0.009072166659829795,False
cross_segment_noise_baseline,addr_state,PA,1406,1401,0.034873626509908974,0.03474960934593348,0.18278805120910385,0.15132048536759457,0.16362824614926705,0.16365304958206217,0.019159805059836804,-0.0123325642144676,0.031492369274304405,False
cross_segment_noise_baseline,addr_state,NC,1215,1148,0.030136170846045092,0.02847434084877347,0.17777777777777778,0.19076655052264807,0.16362824614926705,0.16365304958206217,0.014149531628510736,0.0271135009405859,0.012963969312075163,False
cross_segment_noise_baseline,addr_state,VA,1299,1252,0.032219659200833396,0.03105389785946375,0.18244803695150116,0.16932907348242812,0.16362824614926705,0.16365304958206217,0.018819790802234115,0.005676023900365951,0.013143766901868165,False
cross_segment_noise_baseline,addr_state,KY,392,354,0.009722945655678746,0.00878041520946499,0.19387755102040816,0.1638418079096045,0.16362824614926705,0.16365304958206217,0.03024930487114111,0.00018875832754233768,0.03006054654359877,False
cross_segment_noise_baseline,addr_state,NV,600,564,0.014882059677059306,0.013989136096435748,0.165,0.20212765957446807,0.16362824614926705,0.16365304958206217,0.0013717538507329596,0.0384746099924059,0.03710285614167294,False
cross_segment_noise_baseline,addr_state,NY,3179,3234,0.07885011285561921,0.08021430165934966,0.1752123309216735,0.17532467532467533,0.16362824614926705,0.16365304958206217,0.011584084772406439,0.011671625742613156,8.754097020671758e-05,False
cross_segment_noise_baseline,addr_state,CO,861,921,0.0213557556365801,0.022843961604286034,0.1289198606271777,0.12920738327904452,0.16362824614926705,0.16365304958206217,-0.03470838552208935,-0.03444566630301765,0.0002627192190716998,False
cross_segment_noise_baseline,addr_state,FL,2671,2519,0.06624996899570901,0.062479847210853985,0.16473230999625607,0.1945216355696705,0.16362824614926705,0.16365304958206217,0.001104063846989023,0.030868585987608332,0.02976452214061931,False
cross_segment_noise_baseline,addr_state,OK,399,363,0.009896569685244438,0.00900364610462088,0.21303258145363407,0.1652892561983471,0.16362824614926705,0.16365304958206217,0.049404335304367025,0.001636206616284941,0.047768128688082084,False
cross_segment_noise_baseline,addr_state,MO,664,605,0.01646947937594563,0.0150060768410348,0.18825301204819278,0.15867768595041323,0.16362824614926705,0.16365304958206217,0.024624765898925732,-0.004975363631648938,0.02960012953057467,False
cross_segment_noise_baseline,addr_state,OH,1260,1292,0.031252325321824544,0.0320460351712677,0.16587301587301587,0.17492260061919504,0.16362824614926705,0.16365304958206217,0.0022447697237488184,0.011269551037132869,0.00902478131338405,False
cross_segment_noise_baseline,addr_state,NJ,1504,1503,0.03730436292382866,0.03727955949103356,0.18949468085106383,0.19693945442448438,0.16362824614926705,0.16365304958206217,0.02586643470179678,0.03328640484242221,0.007419970140625426,False
cross_segment_noise_baseline,addr_state,AZ,936,961,0.023216013096212514,0.023836098916089985,0.16880341880341881,0.17481789802289283,0.16362824614926705,0.16365304958206217,0.005175172654151766,0.011164848440830655,0.0059896757866788886,False
cross_segment_noise_baseline,addr_state,IL,1468,1538,0.0364114393432051,0.038147679638862016,0.1539509536784741,0.1469440832249675,0.16362824614926705,0.16365304958206217,-0.009677292470792936,-0.01670896635709468,0.0070316738863017425,False
cross_segment_noise_baseline,addr_state,KS,380,363,0.00942530446213756,0.00900364610462088,0.1368421052631579,0.1487603305785124,0.16362824614926705,0.16365304958206217,-0.026786140886109144,-0.01489271900354977,0.011893421882559374,False
cross_segment_noise_baseline,addr_state,GA,1259,1243,0.03122752188902944,0.03083066696430786,0.14138204924543288,0.14963797264682221,0.16362824614926705,0.16365304958206217,-0.02224619690383417,-0.014015076935239956,0.008231119968594214,False
cross_segment_noise_baseline,addr_state,RI,177,165,0.004390207604732495,0.004092566411191309,0.14124293785310735,0.12727272727272726,0.16362824614926705,0.16365304958206217,-0.0223853082961597,-0.03638032230933491,0.013995014013175211,False
cross_segment_noise_baseline,addr_state,OR,562,556,0.013939529230845548,0.013790708634074956,0.13523131672597866,0.16007194244604317,0.16362824614926705,0.16365304958206217,-0.028396929423288392,-0.0035811071360190017,0.02481582228726939,False
cross_segment_noise_baseline,addr_state,MI,989,949,0.024530595034352756,0.0235384577225488,0.1698685540950455,0.1654373024236038,0.16362824614926705,0.16365304958206217,0.006240307945778456,0.0017842528415416281,0.004456055104236828,False
cross_segment_noise_baseline,addr_state,AL,535,464,0.01326983654537788,0.011508792816925862,0.20747663551401868,0.19181034482758622,0.16362824614926705,0.16365304958206217,0.04384838936475163,0.028157295245524044,0.01569109411922759,False
cross_segment_noise_baseline,addr_state,AR,280,298,0.0069449611826276755,0.007391422972939455,0.18571428571428572,0.1610738255033557,0.16362824614926705,0.16365304958206217,0.022086039565018672,-0.002579224078706477,0.02466526364372515,False
cross_segment_noise_baseline,addr_state,TN,647,621,0.01604782101842895,0.01540293176575638,0.19783616692426584,0.20933977455716588,0.16362824614926705,0.16365304958206217,0.03420792077499879,0.045686724975103704,0.011478804200104914,False
cross_segment_noise_baseline,addr_state,WV,204,228,0.005059900290200163,0.0056551826772825355,0.11274509803921569,0.13157894736842105,0.16362824614926705,0.16365304958206217,-0.05088314811005136,-0.032074102213641126,0.018809045896410234,False
cross_segment_noise_baseline,addr_state,UT,342,350,0.008482774015923804,0.008681201478284594,0.14327485380116958,0.12571428571428572,0.16362824614926705,0.16365304958206217,-0.020353392348097465,-0.03793876386777645,0.017585371519678983,False
cross_segment_noise_baseline,addr_state,WI,464,479,0.011508792816925862,0.011880844308852345,0.16379310344827586,0.16075156576200417,0.16362824614926705,0.16365304958206217,0.0001648572990088082,-0.002901483820058004,0.003066341119066812,False
cross_segment_noise_baseline,addr_state,MA,930,952,0.023067192499441922,0.023612868020934097,0.16451612903225807,0.15441176470588236,0.16362824614926705,0.16365304958206217,0.0008878828829910201,-0.009241284876179812,0.010129167759170832,False
cross_segment_noise_baseline,addr_state,CT,603,607,0.014956469975444602,0.015055683706624997,0.15422885572139303,0.14827018121911037,0.16362824614926705,0.16365304958206217,-0.009399390427874021,-0.015382868362951801,0.00598347793507778,False
cross_segment_noise_baseline,addr_state,WA,993,1001,0.02462980876553315,0.02482823622789394,0.13695871097683787,0.15884115884115885,0.16362824614926705,0.16365304958206217,-0.026669535172429176,-0.004811890740903324,0.021857644431525852,False
cross_segment_noise_baseline,addr_state,WY,103,110,0.002554753577895181,0.0027283776074608725,0.13592233009708737,0.12727272727272726,0.16362824614926705,0.16365304958206217,-0.027705916052179674,-0.03638032230933491,0.008674406257155237,False
cross_segment_noise_baseline,addr_state,MN,645,727,0.015998214152838752,0.01803209564203686,0.15503875968992248,0.15405777166437415,0.16362824614926705,0.16365304958206217,-0.00858948645934457,-0.009595277917688022,0.0010057914583434524,False
cross_segment_noise_baseline,addr_state,LA,442,516,0.010963117295433688,0.012798571322271001,0.19230769230769232,0.18410852713178294,0.16362824614926705,0.16365304958206217,0.02867944615842527,0.02045547754972077,0.008223968608704502,False
cross_segment_noise_baseline,addr_state,SC,496,461,0.012302502666369026,0.011434382518540566,0.12701612903225806,0.13449023861171366,0.16362824614926705,0.16365304958206217,-0.036612117117008985,-0.029162810970348507,0.007449306146660478,False
cross_segment_noise_baseline,addr_state,DC,125,116,0.003100429099387355,0.0028771982042314656,0.08,0.1206896551724138,0.16362824614926705,0.16365304958206217,-0.08362824614926705,-0.04296339440964837,0.040664851739618674,False
cross_segment_noise_baseline,addr_state,IN,666,667,0.01651908624153583,0.016543889674330927,0.19519519519519518,0.17541229385307347,0.16362824614926705,0.16365304958206217,0.03156694904592813,0.011759244271011299,0.019807704774916834,False
cross_segment_noise_baseline,addr_state,HI,272,252,0.006746533720266885,0.006250465064364908,0.17279411764705882,0.1626984126984127,0.16362824614926705,0.16365304958206217,0.009165871497791772,-0.0009546368836494679,0.01012050838144124,False
cross_segment_noise_baseline,addr_state,AK,126,113,0.003125232532182454,0.002802787905846169,0.16666666666666666,0.13274336283185842,0.16362824614926705,0.16365304958206217,0.0030384205173996093,-0.030909686750203752,0.03394810726760336,False
cross_segment_noise_baseline,addr_state,NH,193,205,0.004787062529454077,0.005084703722995263,0.14507772020725387,0.0975609756097561,0.16362824614926705,0.16365304958206217,-0.018550525942013174,-0.06609207397230607,0.047541548030292896,False
cross_segment_noise_baseline,addr_state,NM,225,233,0.0055807723788972394,0.00577919984125803,0.18666666666666668,0.1459227467811159,0.16362824614926705,0.16365304958206217,0.023038420517399627,-0.017730302800946285,0.04076872331834591,False
cross_segment_noise_baseline,addr_state,VT,54,55,0.0013393853709353374,0.0013641888037304363,0.12962962962962962,0.09090909090909091,0.16362824614926705,0.16365304958206217,-0.033998616519637426,-0.07274395867297126,0.038745342153333834,True
cross_segment_noise_baseline,addr_state,DE,109,98,0.002703574174665774,0.0024307364139196865,0.11009174311926606,0.19387755102040816,0.16362824614926705,0.16365304958206217,-0.05353650303000099,0.030224501438345985,0.08376100446834697,True
cross_segment_noise_baseline,addr_state,MT,136,111,0.0033732668601334425,0.0027531810402559712,0.16176470588235295,0.08108108108108109,0.16362824614926705,0.16365304958206217,-0.0018635402669140988,-0.08257196850098109,0.08070842823406699,False
cross_segment_noise_baseline,addr_state,SD,88,91,0.002182702085968698,0.0022571123843539947,0.1590909090909091,0.24175824175824176,0.16362824614926705,0.16365304958206217,-0.00453733705835796,0.07810519217617959,0.08264252923453755,True
cross_segment_noise_baseline,addr_state,ID,1,1,2.480343279509884e-05,2.480343279509884e-05,0.0,0.0,0.16362824614926705,0.16365304958206217,-0.16362824614926705,-0.16365304958206217,2.480343279512298e-05,True
cross_segment_noise_baseline,zip_code,927xx,64,71,0.0015874196988863258,0.0017610437284520178,0.171875,0.15492957746478872,0.16362824614926705,0.16365304958206217,0.008246753850732952,-0.00872347211727345,0.016970225968006403,True
cross_segment_noise_baseline,zip_code,208xx,99,110,0.002455539846714785,0.0027283776074608725,0.08080808080808081,0.10909090909090909,0.16362824614926705,0.16365304958206217,-0.08282016534118623,-0.054562140491153086,0.028258024850033148,True
cross_segment_noise_baseline,zip_code,750xx,424,447,0.01051665550512191,0.011087134459409183,0.18160377358490565,0.14093959731543623,0.16362824614926705,0.16365304958206217,0.0179755274356386,-0.02271345226662594,0.04068897970226454,False
cross_segment_noise_baseline,zip_code,152xx,98,95,0.0024307364139196865,0.00235632611553439,0.15306122448979592,0.08421052631578947,0.16362824614926705,0.16365304958206217,-0.010567021659471126,-0.0794425232662727,0.06887550160680157,True
cross_segment_noise_baseline,zip_code,275xx,180,166,0.004464617903117791,0.004117369843986408,0.16111111111111112,0.1686746987951807,0.16362824614926705,0.16365304958206217,-0.0025171350381559265,0.00502164921311854,0.007538784251274466,False
cross_segment_noise_baseline,zip_code,237xx,13,17,0.00032244462633628494,0.0004216583575166803,0.38461538461538464,0.23529411764705882,0.16362824614926705,0.16365304958206217,0.2209871384661176,0.07164106806499665,0.14934607040112094,True
cross_segment_noise_baseline,zip_code,413xx,2,4,4.960686559019768e-05,9.921373118039536e-05,0.0,0.25,0.16362824614926705,0.16365304958206217,-0.16362824614926705,0.08634695041793783,0.24997519656720488,True
cross_segment_noise_baseline,zip_code,895xx,64,44,0.0015874196988863258,0.001091351042984349,0.125,0.1590909090909091,0.16362824614926705,0.16365304958206217,-0.03862824614926705,-0.004562140491153083,0.034066105658113965,True
cross_segment_noise_baseline,zip_code,112xx,353,396,0.008755611776669892,0.00982215938685914,0.1813031161473088,0.1691919191919192,0.16362824614926705,0.16365304958206217,0.017674869998041742,0.005538869609857028,0.012136000388184714,False
cross_segment_noise_baseline,zip_code,801xx,120,113,0.002976411935411861,0.002802787905846169,0.11666666666666667,0.08849557522123894,0.16362824614926705,0.16365304958206217,-0.04696157948260038,-0.07515747436082323,0.028195894878222855,False
cross_segment_noise_baseline,zip_code,336xx,98,100,0.0024307364139196865,0.0024803432795098843,0.1326530612244898,0.21,0.16362824614926705,0.16365304958206217,-0.030975184924777244,0.04634695041793782,0.07732213534271506,True
cross_segment_noise_baseline,zip_code,731xx,76,62,0.001885060892427512,0.0015378128332961282,0.17105263157894737,0.08064516129032258,0.16362824614926705,0.16365304958206217,0.007424385429680325,-0.08300788829173959,0.09043227372141992,True
cross_segment_noise_baseline,zip_code,640xx,80,91,0.0019842746236079073,0.0022571123843539947,0.125,0.14285714285714285,0.16362824614926705,0.16365304958206217,-0.03862824614926705,-0.020795906724919322,0.017832339424347726,True
cross_segment_noise_baseline,zip_code,766xx,10,26,0.0002480343279509884,0.0006448892526725699,0.2,0.038461538461538464,0.16362824614926705,0.16365304958206217,0.03637175385073296,-0.1251915111205237,0.16156326497125667,True
cross_segment_noise_baseline,zip_code,440xx,93,99,0.002306719249944192,0.002455539846714785,0.17204301075268819,0.2222222222222222,0.16362824614926705,0.16365304958206217,0.008414764603421138,0.05856917264016004,0.0501544080367389,True
cross_segment_noise_baseline,zip_code,077xx,93,93,0.002306719249944192,0.002306719249944192,0.21505376344086022,0.1935483870967742,0.16362824614926705,0.16365304958206217,0.05142551729159317,0.029895337514712017,0.021530179776881153,True
cross_segment_noise_baseline,zip_code,210xx,131,129,0.003249249696157948,0.0031996428305677504,0.1450381679389313,0.16279069767441862,0.16362824614926705,0.16365304958206217,-0.01859007821033576,-0.0008623519076435548,0.017727726302692204,False
cross_segment_noise_baseline,zip_code,770xx,272,304,0.006746533720266885,0.007540243569710048,0.15073529411764705,0.13815789473684212,0.16362824614926705,0.16365304958206217,-0.012892952031619997,-0.025495154845220053,0.012602202813600055,False
cross_segment_noise_baseline,zip_code,330xx,259,256,0.0064240890939306,0.006349678795545303,0.14285714285714285,0.19921875,0.16362824614926705,0.16365304958206217,-0.0207711032921242,0.03556570041793783,0.05633680371006203,False
cross_segment_noise_baseline,zip_code,855xx,16,16,0.00039685492472158146,0.00039685492472158146,0.25,0.0625,0.16362824614926705,0.16365304958206217,0.08637175385073295,-0.10115304958206217,0.18752480343279512,True
cross_segment_noise_baseline,zip_code,114xx,144,128,0.0035716943224942334,0.0031748393977726517,0.1527777777777778,0.125,0.16362824614926705,0.16365304958206217,-0.010850468371489258,-0.03865304958206217,0.027802581210572913,False
cross_segment_noise_baseline,zip_code,945xx,496,522,0.012302502666369026,0.012947391919041595,0.12298387096774194,0.13026819923371646,0.16362824614926705,0.16365304958206217,-0.04064437518152511,-0.03338485034834571,0.007259524833179404,False
cross_segment_noise_baseline,zip_code,217xx,88,92,0.002182702085968698,0.0022819158171490934,0.22727272727272727,0.18478260869565216,0.16362824614926705,0.16365304958206217,0.06364448112346022,0.02112955911358999,0.042514922009870226,True
cross_segment_noise_baseline,zip_code,117xx,253,273,0.006275268497160007,0.006771337153061984,0.19367588932806323,0.1794871794871795,0.16362824614926705,0.16365304958206217,0.030047643178796185,0.015834129905117317,0.014213513273678868,False
cross_segment_noise_baseline,zip_code,618xx,32,24,0.0007937098494431629,0.0005952823870823722,0.21875,0.16666666666666666,0.16362824614926705,0.16365304958206217,0.05512175385073295,0.0030136170846044863,0.052108136766128466,True
cross_segment_noise_baseline,zip_code,921xx,271,284,0.006721730287471786,0.007044174913808071,0.12177121771217712,0.14788732394366197,0.16362824614926705,0.16365304958206217,-0.041857028437089924,-0.015765725638400202,0.026091302798689722,False
cross_segment_noise_baseline,zip_code,919xx,124,106,0.0030756256665922565,0.0026291638762804773,0.18548387096774194,0.22641509433962265,0.16362824614926705,0.16365304958206217,0.02185562481847489,0.06276204475756048,0.040906419939085586,False
cross_segment_noise_baseline,zip_code,950xx,142,140,0.0035220874569040356,0.0034724805913138377,0.11267605633802817,0.16428571428571428,0.16362824614926705,0.16365304958206217,-0.05095218981123888,0.0006326647036521138,0.05158485451489099,False
cross_segment_noise_baseline,zip_code,913xx,240,214,0.005952823870823722,0.005307934618151152,0.13333333333333333,0.17289719626168223,0.16362824614926705,0.16365304958206217,-0.030294912815933717,0.009244146679620063,0.03953905949555378,False
cross_segment_noise_baseline,zip_code,660xx,75,71,0.0018602574596324132,0.0017610437284520178,0.12,0.16901408450704225,0.16362824614926705,0.16365304958206217,-0.04362824614926705,0.005361034924980079,0.04898928107424713,True
cross_segment_noise_baseline,zip_code,954xx,76,77,0.001885060892427512,0.0019098643252226108,0.11842105263157894,0.15584415584415584,0.16362824614926705,0.16365304958206217,-0.04520719351768811,-0.007808893737906331,0.03739829977978178,True
cross_segment_noise_baseline,zip_code,303xx,125,132,0.003100429099387355,0.0032740531289530473,0.136,0.11363636363636363,0.16362824614926705,0.16365304958206217,-0.02762824614926704,-0.05001668594569854,0.0223884397964315,False
cross_segment_noise_baseline,zip_code,111xx,62,54,0.0015378128332961282,0.0013393853709353374,0.12903225806451613,0.12962962962962962,0.16362824614926705,0.16365304958206217,-0.03459598808475092,-0.03402341995243255,0.000572568132318374,True
cross_segment_noise_baseline,zip_code,326xx,34,38,0.0008433167150333606,0.000942530446213756,0.11764705882352941,0.18421052631578946,0.16362824614926705,0.16365304958206217,-0.04598118732573764,0.020557476733727292,0.06653866405946493,True
cross_segment_noise_baseline,zip_code,087xx,57,68,0.0014137956693206339,0.0016866334300667213,0.22807017543859648,0.27941176470588236,0.16362824614926705,0.16365304958206217,0.06444192928932943,0.11575871512382019,0.05131678583449076,True
cross_segment_noise_baseline,zip_code,317xx,36,32,0.0008929235806235583,0.0007937098494431629,0.1388888888888889,0.1875,0.16362824614926705,0.16365304958206217,-0.024739357260378153,0.02384695041793783,0.04858630767831598,True
cross_segment_noise_baseline,zip_code,088xx,175,163,0.004340600739142297,0.004042959545601111,0.13142857142857142,0.17177914110429449,0.16362824614926705,0.16365304958206217,-0.032199674720695626,0.008126091522232315,0.04032576624292794,False
cross_segment_noise_baseline,zip_code,347xx,90,87,0.0022323089515588956,0.002157898653173599,0.25555555555555554,0.16091954022988506,0.16362824614926705,0.16365304958206217,0.09192730940628849,-0.002733509352177116,0.0946608187584656,True
cross_segment_noise_baseline,zip_code,028xx,125,114,0.003100429099387355,0.0028275913386412678,0.08,0.10526315789473684,0.16362824614926705,0.16365304958206217,-0.08362824614926705,-0.058389891687325335,0.02523835446194171,False
cross_segment_noise_baseline,zip_code,190xx,129,140,0.0031996428305677504,0.0034724805913138377,0.17054263565891473,0.16428571428571428,0.16362824614926705,0.16365304958206217,0.006914389509647678,0.0006326647036521138,0.006281724805995564,False
cross_segment_noise_baseline,zip_code,975xx,32,29,0.0007937098494431629,0.0007192995510578664,0.125,0.10344827586206896,0.16362824614926705,0.16365304958206217,-0.03862824614926705,-0.06020477371999321,0.02157652757072616,True
cross_segment_noise_baseline,zip_code,853xx,185,198,0.0045886350670932856,0.00491107969342957,0.12972972972972974,0.15151515151515152,0.16362824614926705,0.16365304958206217,-0.03389851641953731,-0.012137898066910652,0.02176061835262666,False
cross_segment_noise_baseline,zip_code,100xx,339,325,0.008408363717538508,0.008061115658407123,0.15634218289085547,0.1076923076923077,0.16362824614926705,0.16365304958206217,-0.007286063258411579,-0.05596074188975447,0.048674678631342894,False
cross_segment_noise_baseline,zip_code,948xx,22,33,0.0005456755214921746,0.0008185132822382618,0.13636363636363635,0.2727272727272727,0.16362824614926705,0.16365304958206217,-0.027264609785630695,0.10907422314521054,0.13633883293084123,True
cross_segment_noise_baseline,zip_code,636xx,8,8,0.00019842746236079073,0.00019842746236079073,0.25,0.125,0.16362824614926705,0.16365304958206217,0.08637175385073295,-0.03865304958206217,0.12502480343279512,True
cross_segment_noise_baseline,zip_code,334xx,209,192,0.005183917454175658,0.004762259096658977,0.13875598086124402,0.15625,0.16362824614926705,0.16365304958206217,-0.024872265288023027,-0.007403049582062171,0.017469215705960855,False
cross_segment_noise_baseline,zip_code,327xx,138,130,0.0034228737257236404,0.0032244462633628495,0.18115942028985507,0.2,0.16362824614926705,0.16365304958206217,0.017531174140588024,0.03634695041793784,0.018815776277349816,False
cross_segment_noise_baseline,zip_code,481xx,185,198,0.0045886350670932856,0.00491107969342957,0.1891891891891892,0.11616161616161616,0.16362824614926705,0.16365304958206217,0.02556094303992215,-0.04749143342044601,0.07305237646036816,False
cross_segment_noise_baseline,zip_code,362xx,21,14,0.0005208720886970756,0.0003472480591313838,0.19047619047619047,0.42857142857142855,0.16362824614926705,0.16365304958206217,0.026847944326923417,0.2649183789893664,0.23807043466244296,True
cross_segment_noise_baseline,zip_code,725xx,4,6,9.921373118039536e-05,0.00014882059677059304,0.0,0.16666666666666666,0.16362824614926705,0.16365304958206217,-0.16362824614926705,0.0030136170846044863,0.16664186323387153,True
cross_segment_noise_baseline,zip_code,794xx,32,35,0.0007937098494431629,0.0008681201478284594,0.03125,0.2,0.16362824614926705,0.16365304958206217,-0.13237824614926705,0.03634695041793784,0.1687251965672049,True
cross_segment_noise_baseline,zip_code,893xx,3,0,7.441029838529652e-05,0.0,0.3333333333333333,,0.16362824614926705,0.16365304958206217,0.16970508718406627,,,True
cross_segment_noise_baseline,zip_code,379xx,57,41,0.0014137956693206339,0.0010169407445990526,0.15789473684210525,0.21951219512195122,0.16362824614926705,0.16365304958206217,-0.005733509307161794,0.05585914553988905,0.06159265484705084,True
cross_segment_noise_baseline,zip_code,206xx,72,65,0.0017858471612471167,0.0016122231316814247,0.125,0.18461538461538463,0.16362824614926705,0.16365304958206217,-0.03862824614926705,0.020962335033322455,0.0595905811825895,True
cross_segment_noise_baseline,zip_code,254xx,34,53,0.0008433167150333606,0.0013145819381402387,0.11764705882352941,0.1320754716981132,0.16362824614926705,0.16365304958206217,-0.04598118732573764,-0.031577577883948965,0.014403609441788673,True
cross_segment_noise_baseline,zip_code,085xx,56,43,0.0013889922365255352,0.0010665476101892502,0.16071428571428573,0.18604651162790697,0.16362824614926705,0.16365304958206217,-0.002913960434981322,0.022393462045844803,0.025307422480826125,True
cross_segment_noise_baseline,zip_code,230xx,35,37,0.0008681201478284594,0.0009177270134186572,0.2571428571428571,0.21621621621621623,0.16362824614926705,0.16365304958206217,0.09351461099359007,0.05256316663415406,0.04095144435943601,True
cross_segment_noise_baseline,zip_code,601xx,178,210,0.004415011037527594,0.005208720886970756,0.14606741573033707,0.19047619047619047,0.16362824614926705,0.16365304958206217,-0.017560830418929974,0.026823140894128294,0.04438397131305827,False
cross_segment_noise_baseline,zip_code,760xx,201,188,0.004985489991814867,0.0046630453654785825,0.12437810945273632,0.12234042553191489,0.16362824614926705,0.16365304958206217,-0.03925013669653073,-0.04131262405014728,0.0020624873536165544,False
cross_segment_noise_baseline,zip_code,946xx,83,70,0.002058684921993204,0.0017362402956569189,0.12048192771084337,0.11428571428571428,0.16362824614926705,0.16365304958206217,-0.043146318438423675,-0.04936733529634789,0.006221016857924214,True
cross_segment_noise_baseline,zip_code,762xx,95,66,0.00235632611553439,0.0016370265644765237,0.18947368421052632,0.19696969696969696,0.16362824614926705,0.16365304958206217,0.025845438061259274,0.03331664738763479,0.007471209326375516,True
cross_segment_noise_baseline,zip_code,606xx,363,354,0.00900364610462088,0.00878041520946499,0.12672176308539945,0.1016949152542373,0.16362824614926705,0.16365304958206217,-0.036906483063867596,-0.061958134327824876,0.02505165126395728,False
cross_segment_noise_baseline,zip_code,907xx,134,111,0.0033236599945432447,0.0027531810402559712,0.14925373134328357,0.17117117117117117,0.16362824614926705,0.16365304958206217,-0.01437451480598348,0.007518121589109,0.02189263639509248,False
cross_segment_noise_baseline,zip_code,925xx,221,219,0.005481558647716844,0.005431951782126646,0.167420814479638,0.1278538812785388,0.16362824614926705,0.16365304958206217,0.003792568330370949,-0.035799168303523365,0.039591736633894314,False
cross_segment_noise_baseline,zip_code,958xx,179,159,0.0044398144703226925,0.003943745814420716,0.16201117318435754,0.1320754716981132,0.16362824614926705,0.16365304958206217,-0.0016170729649095106,-0.031577577883948965,0.029960504919039455,False
cross_segment_noise_baseline,zip_code,953xx,176,179,0.004365404171937396,0.0044398144703226925,0.16477272727272727,0.22905027932960895,0.16362824614926705,0.16365304958206217,0.001144481123460217,0.06539722974754678,0.06425274862408656,False
cross_segment_noise_baseline,zip_code,840xx,193,190,0.004787062529454077,0.00471265223106878,0.18134715025906736,0.13157894736842105,0.16362824614926705,0.16365304958206217,0.017718904109800315,-0.032074102213641126,0.04979300632344144,False
cross_segment_noise_baseline,zip_code,221xx,91,91,0.0022571123843539947,0.0022571123843539947,0.12087912087912088,0.054945054945054944,0.16362824614926705,0.16365304958206217,-0.04274912527014617,-0.10870799463700723,0.06595886936686106,True
cross_segment_noise_baseline,zip_code,370xx,110,97,0.0027283776074608725,0.0024059329811245878,0.23636363636363636,0.17525773195876287,0.16362824614926705,0.16365304958206217,0.07273539021436931,0.011604682376700703,0.06113070783766861,True
cross_segment_noise_baseline,zip_code,747xx,2,4,4.960686559019768e-05,9.921373118039536e-05,0.5,0.0,0.16362824614926705,0.16365304958206217,0.3363717538507329,-0.16365304958206217,0.5000248034327951,True
cross_segment_noise_baseline,zip_code,923xx,196,166,0.004861472827839373,0.004117369843986408,0.1326530612244898,0.16265060240963855,0.16362824614926705,0.16365304958206217,-0.030975184924777244,-0.0010024471724236206,0.029972737752353623,False
cross_segment_noise_baseline,zip_code,939xx,57,46,0.0014137956693206339,0.0011409579085745467,0.08771929824561403,0.2608695652173913,0.16362824614926705,0.16365304958206217,-0.07590894790365302,0.09721651563532913,0.17312546353898214,True
cross_segment_noise_baseline,zip_code,622xx,48,44,0.0011905647741647443,0.001091351042984349,0.2916666666666667,0.18181818181818182,0.16362824614926705,0.16365304958206217,0.12803842051739964,0.018165132236119652,0.10987328828127998,True
cross_segment_noise_baseline,zip_code,916xx,55,58,0.0013641888037304363,0.0014385991021157328,0.23636363636363636,0.22413793103448276,0.16362824614926705,0.16365304958206217,0.07273539021436931,0.06048488145242059,0.01225050876194872,True
cross_segment_noise_baseline,zip_code,333xx,133,145,0.003298856561748146,0.003596497755289332,0.17293233082706766,0.21379310344827587,0.16362824614926705,0.16365304958206217,0.009304084677800611,0.0501400538662137,0.04083596918841309,False
cross_segment_noise_baseline,zip_code,726xx,14,7,0.0003472480591313838,0.0001736240295656919,0.2857142857142857,0.2857142857142857,0.16362824614926705,0.16365304958206217,0.12208603956501865,0.12206123613222353,2.480343279512298e-05,True
cross_segment_noise_baseline,zip_code,320xx,82,65,0.002033881489198105,0.0016122231316814247,0.24390243902439024,0.15384615384615385,0.16362824614926705,0.16365304958206217,0.08027419287512319,-0.009806895735908316,0.0900810886110315,True
cross_segment_noise_baseline,zip_code,856xx,69,50,0.0017114368628618202,0.0012401716397549421,0.15942028985507245,0.22,0.16362824614926705,0.16365304958206217,-0.004207956294194598,0.05634695041793783,0.06055490671213243,True
cross_segment_noise_baseline,zip_code,107xx,55,51,0.0013641888037304363,0.0012649750725500408,0.2545454545454545,0.11764705882352941,0.16362824614926705,0.16365304958206217,0.09091720839618747,-0.04600599075853276,0.13692319915472023,True
cross_segment_noise_baseline,zip_code,453xx,54,28,0.0013393853709353374,0.0006944961182627676,0.2222222222222222,0.17857142857142858,0.16362824614926705,0.16365304958206217,0.05859397607295516,0.014918378989366404,0.04367559708358876,True
cross_segment_noise_baseline,zip_code,631xx,104,76,0.0025795570106902795,0.001885060892427512,0.2403846153846154,0.13157894736842105,0.16362824614926705,0.16365304958206217,0.07675636923534834,-0.032074102213641126,0.10883047144898947,True
cross_segment_noise_baseline,zip_code,902xx,164,224,0.00406776297839621,0.005555968946102141,0.1951219512195122,0.17857142857142858,0.16362824614926705,0.16365304958206217,0.031493705070245154,0.014918378989366404,0.01657532608087875,False
cross_segment_noise_baseline,zip_code,802xx,185,199,0.0045886350670932856,0.00493588312622467,0.11891891891891893,0.135678391959799,0.16362824614926705,0.16365304958206217,-0.04470932723034812,-0.02797465762226317,0.01673466960808495,False
cross_segment_noise_baseline,zip_code,959xx,53,73,0.0013145819381402387,0.0018106505940422154,0.07547169811320754,0.1506849315068493,0.16362824614926705,0.16365304958206217,-0.0881565480360595,-0.012968118075212864,0.07518842996084664,True
cross_segment_noise_baseline,zip_code,226xx,26,46,0.0006448892526725699,0.0011409579085745467,0.15384615384615385,0.17391304347826086,0.16362824614926705,0.16365304958206217,-0.009782092303113193,0.010259993896198694,0.020042086199311887,True
cross_segment_noise_baseline,zip_code,532xx,58,62,0.0014385991021157328,0.0015378128332961282,0.1896551724137931,0.14516129032258066,0.16362824614926705,0.16365304958206217,0.026026926264526046,-0.018491759259481516,0.04451868552400756,True
cross_segment_noise_baseline,zip_code,452xx,94,110,0.0023315226827392913,0.0027283776074608725,0.2127659574468085,0.17272727272727273,0.16362824614926705,0.16365304958206217,0.049137711297541464,0.009074223145210558,0.040063488152330906,True
cross_segment_noise_baseline,zip_code,075xx,28,23,0.0006944961182627676,0.0005704789542872734,0.2857142857142857,0.08695652173913043,0.16362824614926705,0.16365304958206217,0.12208603956501865,-0.07669652784293174,0.1987825674079504,True
cross_segment_noise_baseline,zip_code,023xx,72,69,0.0017858471612471167,0.0017114368628618202,0.1388888888888889,0.10144927536231885,0.16362824614926705,0.16365304958206217,-0.024739357260378153,-0.062203774219743324,0.03746441695936517,True
cross_segment_noise_baseline,zip_code,064xx,123,148,0.0030508222337971573,0.0036709080536746286,0.12195121951219512,0.14864864864864866,0.16362824614926705,0.16365304958206217,-0.04167702663707193,-0.015004400933413514,0.026672625703658415,False
cross_segment_noise_baseline,zip_code,164xx,10,10,0.0002480343279509884,0.0002480343279509884,0.1,0.0,0.16362824614926705,0.16365304958206217,-0.06362824614926704,-0.16365304958206217,0.10002480343279513,True
cross_segment_noise_baseline,zip_code,234xx,100,80,0.0024803432795098843,0.0019842746236079073,0.24,0.25,0.16362824614926705,0.16365304958206217,0.07637175385073294,0.08634695041793783,0.009975196567204886,True
cross_segment_noise_baseline,zip_code,630xx,68,66,0.0016866334300667213,0.0016370265644765237,0.20588235294117646,0.15151515151515152,0.16362824614926705,0.16365304958206217,0.04225410679190941,-0.012137898066910652,0.054392004858820064,True
cross_segment_noise_baseline,zip_code,314xx,30,23,0.0007441029838529652,0.0005704789542872734,0.2,0.08695652173913043,0.16362824614926705,0.16365304958206217,0.03637175385073296,-0.07669652784293174,0.1130682816936647,True
cross_segment_noise_baseline,zip_code,970xx,135,137,0.003348463427338344,0.0033980702929285412,0.1111111111111111,0.18248175182481752,0.16362824614926705,0.16365304958206217,-0.05251713503815594,0.018828702242755346,0.07134583728091129,False
cross_segment_noise_baseline,zip_code,280xx,109,94,0.002703574174665774,0.0023315226827392913,0.1743119266055046,0.19148936170212766,0.16362824614926705,0.16365304958206217,0.010683680456237549,0.027836312120065487,0.01715263166382794,True
cross_segment_noise_baseline,zip_code,434xx,18,18,0.0004464617903117792,0.0004464617903117792,0.2222222222222222,0.2222222222222222,0.16362824614926705,0.16365304958206217,0.05859397607295516,0.05856917264016004,2.480343279512298e-05,True
cross_segment_noise_baseline,zip_code,751xx,126,121,0.003125232532182454,0.00300121536820696,0.05555555555555555,0.12396694214876033,0.16362824614926705,0.16365304958206217,-0.1080726905937115,-0.03968610743330184,0.06838658316040966,False
cross_segment_noise_baseline,zip_code,441xx,140,113,0.0034724805913138377,0.002802787905846169,0.15,0.18584070796460178,0.16362824614926705,0.16365304958206217,-0.013628246149267054,0.02218765838253961,0.035815904531806664,False
cross_segment_noise_baseline,zip_code,982xx,126,133,0.003125232532182454,0.003298856561748146,0.12698412698412698,0.18045112781954886,0.16362824614926705,0.16365304958206217,-0.03664411916514007,0.01679807823748669,0.05344219740262676,False
cross_segment_noise_baseline,zip_code,604xx,163,208,0.004042959545601111,0.005159114021380559,0.1901840490797546,0.1778846153846154,0.16362824614926705,0.16365304958206217,0.026555802930487565,0.01423156580255322,0.012324237127934345,False
cross_segment_noise_baseline,zip_code,315xx,27,27,0.0006696926854676687,0.0006696926854676687,0.18518518518518517,0.1111111111111111,0.16362824614926705,0.16365304958206217,0.021556939035918127,-0.052541938470951066,0.07409887750686919,True
cross_segment_noise_baseline,zip_code,928xx,195,224,0.004836669395044274,0.005555968946102141,0.16923076923076924,0.12946428571428573,0.16362824614926705,0.16365304958206217,0.005602523081502192,-0.034188763867776445,0.03979128694927864,False
cross_segment_noise_baseline,zip_code,829xx,14,18,0.0003472480591313838,0.0004464617903117792,0.07142857142857142,0.05555555555555555,0.16362824614926705,0.16365304958206217,-0.09219967472069562,-0.10809749402650662,0.015897819305810995,True
cross_segment_noise_baseline,zip_code,374xx,21,19,0.0005208720886970756,0.000471265223106878,0.23809523809523808,0.10526315789473684,0.16362824614926705,0.16365304958206217,0.07446699194597103,-0.058389891687325335,0.13285688363329637,True
cross_segment_noise_baseline,zip_code,900xx,391,330,0.009698142222883647,0.008185132822382618,0.1867007672634271,0.16666666666666666,0.16362824614926705,0.16365304958206217,0.023072521114160055,0.0030136170846044863,0.02005890402955557,False
cross_segment_noise_baseline,zip_code,196xx,29,32,0.0007192995510578664,0.0007937098494431629,0.20689655172413793,0.21875,0.16362824614926705,0.16365304958206217,0.04326830557487088,0.05509695041793783,0.011828644843066949,True
cross_segment_noise_baseline,zip_code,563xx,20,33,0.0004960686559019768,0.0008185132822382618,0.2,0.18181818181818182,0.16362824614926705,0.16365304958206217,0.03637175385073296,0.018165132236119652,0.01820662161461331,True
cross_segment_noise_baseline,zip_code,933xx,69,88,0.0017114368628618202,0.002182702085968698,0.17391304347826086,0.2159090909090909,0.16362824614926705,0.16365304958206217,0.010284797328993817,0.05225604132702874,0.041971243998034924,True
cross_segment_noise_baseline,zip_code,068xx,68,66,0.0016866334300667213,0.0016370265644765237,0.14705882352941177,0.12121212121212122,0.16362824614926705,0.16365304958206217,-0.01656942261985528,-0.042440928369940956,0.025871505750085677,True
cross_segment_noise_baseline,zip_code,626xx,21,18,0.0005208720886970756,0.0004464617903117792,0.0,0.16666666666666666,0.16362824614926705,0.16365304958206217,-0.16362824614926705,0.0030136170846044863,0.16664186323387153,True
cross_segment_noise_baseline,zip_code,109xx,84,78,0.0020834883547883026,0.0019346677580177097,0.25,0.2564102564102564,0.16362824614926705,0.16365304958206217,0.08637175385073295,0.09275720682819422,0.0063854529774612645,True
cross_segment_noise_baseline,zip_code,808xx,27,18,0.0006696926854676687,0.0004464617903117792,0.25925925925925924,0.1111111111111111,0.16362824614926705,0.16365304958206217,0.0956310131099922,-0.052541938470951066,0.14817295158094326,True
cross_segment_noise_baseline,zip_code,805xx,77,80,0.0019098643252226108,0.0019842746236079073,0.05194805194805195,0.1,0.16362824614926705,0.16365304958206217,-0.1116801942012151,-0.06365304958206217,0.04802714461915293,True
cross_segment_noise_baseline,zip_code,799xx,115,121,0.002852394771436367,0.00300121536820696,0.1826086956521739,0.2396694214876033,0.16362824614926705,0.16365304958206217,0.018980449502906865,0.07601637190554114,0.057035922402634276,False
cross_segment_noise_baseline,zip_code,891xx,281,303,0.006969764615422774,0.007515440136914949,0.18149466192170818,0.21782178217821782,0.16362824614926705,0.16365304958206217,0.017866415772441135,0.05416873259615565,0.036302316823714514,False
cross_segment_noise_baseline,zip_code,981xx,131,136,0.003249249696157948,0.0033732668601334425,0.10687022900763359,0.10294117647058823,0.16362824614926705,0.16365304958206217,-0.05675801714163346,-0.06071187311147394,0.003953855969840478,False
cross_segment_noise_baseline,zip_code,342xx,92,86,0.0022819158171490934,0.0021330952203785004,0.15217391304347827,0.16279069767441862,0.16362824614926705,0.16365304958206217,-0.011454333105788778,-0.0008623519076435548,0.010591981198145223,True
cross_segment_noise_baseline,zip_code,704xx,48,48,0.0011905647741647443,0.0011905647741647443,0.1875,0.22916666666666666,0.16362824614926705,0.16365304958206217,0.023871753850732952,0.06551361708460449,0.041641863233871534,True
cross_segment_noise_baseline,zip_code,700xx,72,85,0.0017858471612471167,0.0021082917875834017,0.18055555555555555,0.17647058823529413,0.16362824614926705,0.16365304958206217,0.016927309406288504,0.012817538653231958,0.004109770753056546,True
cross_segment_noise_baseline,zip_code,020xx,47,64,0.0011657613413696456,0.0015874196988863258,0.1702127659574468,0.09375,0.16362824614926705,0.16365304958206217,0.006584519808179756,-0.06990304958206217,0.07648756939024193,True
cross_segment_noise_baseline,zip_code,652xx,22,27,0.0005456755214921746,0.0006696926854676687,0.18181818181818182,0.14814814814814814,0.16362824614926705,0.16365304958206217,0.018189935668914775,-0.015504901433914031,0.033694837102828806,True
cross_segment_noise_baseline,zip_code,285xx,71,61,0.0017610437284520178,0.0015130094005010293,0.23943661971830985,0.22950819672131148,0.16362824614926705,0.16365304958206217,0.0758083735690428,0.06585514713924931,0.009953226429793488,True
cross_segment_noise_baseline,zip_code,212xx,154,153,0.0038197286504452217,0.003794925217650123,0.2012987012987013,0.20915032679738563,0.16362824614926705,0.16365304958206217,0.03767045514943426,0.045497277215323456,0.007826822065889194,False
cross_segment_noise_baseline,zip_code,920xx,210,193,0.005208720886970756,0.004787062529454077,0.1761904761904762,0.14507772020725387,0.16362824614926705,0.16365304958206217,0.012562230041209155,-0.018575329374808297,0.031137559416017452,False
cross_segment_noise_baseline,zip_code,125xx,62,68,0.0015378128332961282,0.0016866334300667213,0.12903225806451613,0.23529411764705882,0.16362824614926705,0.16365304958206217,-0.03459598808475092,0.07164106806499665,0.10623705614974757,True
cross_segment_noise_baseline,zip_code,816xx,29,34,0.0007192995510578664,0.0008433167150333606,0.034482758620689655,0.20588235294117646,0.16362824614926705,0.16365304958206217,-0.1291454875285774,0.04222930335911429,0.1713747908876917,True
cross_segment_noise_baseline,zip_code,120xx,64,69,0.0015874196988863258,0.0017114368628618202,0.171875,0.15942028985507245,0.16362824614926705,0.16365304958206217,0.008246753850732952,-0.004232759726989721,0.012479513577722673,True
cross_segment_noise_baseline,zip_code,021xx,207,214,0.00513431058858546,0.005307934618151152,0.15458937198067632,0.14485981308411214,0.16362824614926705,0.16365304958206217,-0.009038874168590727,-0.018793236497950033,0.009754362329359306,False
cross_segment_noise_baseline,zip_code,293xx,39,31,0.0009673338790088549,0.0007689064166480641,0.15384615384615385,0.06451612903225806,0.16362824614926705,0.16365304958206217,-0.009782092303113193,-0.09913692054980411,0.08935482824669091,True
cross_segment_noise_baseline,zip_code,932xx,74,73,0.0018354540268373143,0.0018106505940422154,0.16216216216216217,0.136986301369863,0.16362824614926705,0.16365304958206217,-0.001466083987104877,-0.026666748212199165,0.025200664225094288,True
cross_segment_noise_baseline,zip_code,026xx,20,13,0.0004960686559019768,0.00032244462633628494,0.35,0.3076923076923077,0.16362824614926705,0.16365304958206217,0.18637175385073293,0.14403925811024554,0.04233249574048739,True
cross_segment_noise_baseline,zip_code,980xx,222,239,0.0055063620805119425,0.005928020438028623,0.12162162162162163,0.15481171548117154,0.16362824614926705,0.16365304958206217,-0.04200662452764542,-0.008841334100890635,0.033165290426754784,False
cross_segment_noise_baseline,zip_code,740xx,83,77,0.002058684921993204,0.0019098643252226108,0.1927710843373494,0.12987012987012986,0.16362824614926705,0.16365304958206217,0.02914283818808236,-0.03378291971193231,0.06292575790001467,True
cross_segment_noise_baseline,zip_code,104xx,253,255,0.006275268497160007,0.006324875362750205,0.21739130434782608,0.1803921568627451,0.16362824614926705,0.16365304958206217,0.05376305819855903,0.016739107280682924,0.03702395091787611,False
cross_segment_noise_baseline,zip_code,346xx,92,72,0.0022819158171490934,0.0017858471612471167,0.15217391304347827,0.19444444444444445,0.16362824614926705,0.16365304958206217,-0.011454333105788778,0.030791394862382276,0.042245727968171054,True
cross_segment_noise_baseline,zip_code,850xx,172,184,0.004266190440757001,0.004563831634298187,0.18023255813953487,0.17391304347826086,0.16362824614926705,0.16365304958206217,0.016604311990267823,0.010259993896198694,0.006344318094069129,False
cross_segment_noise_baseline,zip_code,200xx,125,116,0.003100429099387355,0.0028771982042314656,0.08,0.1206896551724138,0.16362824614926705,0.16365304958206217,-0.08362824614926705,-0.04296339440964837,0.040664851739618674,False
cross_segment_noise_baseline,zip_code,917xx,309,318,0.007664260733685542,0.007887491628841432,0.19093851132686085,0.16352201257861634,0.16362824614926705,0.16365304958206217,0.0273102651775938,-0.00013103700344582747,0.02744130218103963,False
cross_segment_noise_baseline,zip_code,331xx,337,312,0.008358756851948309,0.007738671032070839,0.1572700296735905,0.1955128205128205,0.16362824614926705,0.16365304958206217,-0.006358216475676554,0.03185977093075834,0.038217987406434895,False
cross_segment_noise_baseline,zip_code,550xx,98,89,0.0024307364139196865,0.002207505518763797,0.17346938775510204,0.19101123595505617,0.16362824614926705,0.16365304958206217,0.009841141605834991,0.027358186372994003,0.017517044767159012,True
cross_segment_noise_baseline,zip_code,207xx,178,179,0.004415011037527594,0.0044398144703226925,0.21348314606741572,0.1787709497206704,0.16362824614926705,0.16365304958206217,0.049854899918148676,0.015117900138608226,0.03473699977954045,False
cross_segment_noise_baseline,zip_code,971xx,44,60,0.001091351042984349,0.0014882059677059304,0.06818181818181818,0.13333333333333333,0.16362824614926705,0.16365304958206217,-0.09544642796744887,-0.03031971624872884,0.06512671171872003,True
cross_segment_noise_baseline,zip_code,027xx,81,79,0.002009078056403006,0.0019594711908128087,0.09876543209876543,0.11392405063291139,0.16362824614926705,0.16365304958206217,-0.06486281405050162,-0.04972899894915078,0.01513381510135084,True
cross_segment_noise_baseline,zip_code,433xx,23,18,0.0005704789542872734,0.0004464617903117792,0.13043478260869565,0.2222222222222222,0.16362824614926705,0.16365304958206217,-0.0331934635405714,0.05856917264016004,0.09176263618073144,True
cross_segment_noise_baseline,zip_code,485xx,13,10,0.00032244462633628494,0.0002480343279509884,0.07692307692307693,0.3,0.16362824614926705,0.16365304958206217,-0.08670516922619012,0.13634695041793782,0.22305211964412794,True
cross_segment_noise_baseline,zip_code,328xx,132,128,0.0032740531289530473,0.0031748393977726517,0.08333333333333333,0.1953125,0.16362824614926705,0.16365304958206217,-0.08029491281593372,0.03165945041793783,0.11195436323387155,False
cross_segment_noise_baseline,zip_code,271xx,25,25,0.0006200858198774711,0.0006200858198774711,0.08,0.2,0.16362824614926705,0.16365304958206217,-0.08362824614926705,0.03634695041793784,0.11997519656720489,True
cross_segment_noise_baseline,zip_code,465xx,47,39,0.0011657613413696456,0.0009673338790088549,0.19148936170212766,0.15384615384615385,0.16362824614926705,0.16365304958206217,0.02786111555286061,-0.009806895735908316,0.03766801128876893,True
cross_segment_noise_baseline,zip_code,972xx,129,121,0.0031996428305677504,0.00300121536820696,0.16279069767441862,0.17355371900826447,0.16362824614926705,0.16365304958206217,-0.0008375484748484319,0.009900669426202297,0.010738217901050728,False
cross_segment_noise_baseline,zip_code,300xx,331,329,0.008209936255177717,0.00816032938958752,0.14501510574018128,0.14285714285714285,0.16362824614926705,0.16365304958206217,-0.018613140409085766,-0.020795906724919322,0.0021827663158335564,False
cross_segment_noise_baseline,zip_code,857xx,103,113,0.002554753577895181,0.002802787905846169,0.18446601941747573,0.1504424778761062,0.16362824614926705,0.16365304958206217,0.02083777326820868,-0.013210571705955965,0.034048344974164646,False
cross_segment_noise_baseline,zip_code,341xx,30,23,0.0007441029838529652,0.0005704789542872734,0.13333333333333333,0.30434782608695654,0.16362824614926705,0.16365304958206217,-0.030294912815933717,0.14069477650489437,0.1709896893208281,True
cross_segment_noise_baseline,zip_code,890xx,162,140,0.004018156112806012,0.0034724805913138377,0.18518518518518517,0.17142857142857143,0.16362824614926705,0.16365304958206217,0.021556939035918127,0.007775521846509259,0.013781417189408868,False
cross_segment_noise_baseline,zip_code,181xx,20,15,0.0004960686559019768,0.0003720514919264826,0.2,0.26666666666666666,0.16362824614926705,0.16365304958206217,0.03637175385073296,0.10301361708460449,0.06664186323387153,True
cross_segment_noise_baseline,zip_code,381xx,61,73,0.0015130094005010293,0.0018106505940422154,0.14754098360655737,0.1917808219178082,0.16362824614926705,0.16365304958206217,-0.016087262542709674,0.028127772335746037,0.04421503487845571,True
cross_segment_noise_baseline,zip_code,956xx,205,215,0.005084703722995263,0.005332738050946251,0.15121951219512195,0.14418604651162792,0.16362824614926705,0.16365304958206217,-0.012408733954145101,-0.019467003070434252,0.007058269116289151,False
cross_segment_noise_baseline,zip_code,483xx,134,117,0.0033236599945432447,0.0029020016370265643,0.17164179104477612,0.18803418803418803,0.16362824614926705,0.16365304958206217,0.008013544895509067,0.02438113845212586,0.016367593556616794,False
cross_segment_noise_baseline,zip_code,768xx,6,5,0.00014882059677059304,0.0001240171639754942,0.16666666666666666,0.0,0.16362824614926705,0.16365304958206217,0.0030384205173996093,-0.16365304958206217,0.16669147009946178,True
cross_segment_noise_baseline,zip_code,930xx,114,149,0.0028275913386412678,0.0036957114864697273,0.14912280701754385,0.1342281879194631,0.16362824614926705,0.16365304958206217,-0.014505439131723197,-0.029424861662599083,0.014919422530875887,False
cross_segment_noise_baseline,zip_code,782xx,137,136,0.0033980702929285412,0.0033732668601334425,0.1678832116788321,0.16176470588235295,0.16362824614926705,0.16365304958206217,0.004254965529565058,-0.0018883436997092218,0.00614330922927428,False
cross_segment_noise_baseline,zip_code,543xx,13,19,0.00032244462633628494,0.000471265223106878,0.15384615384615385,0.05263157894736842,0.16362824614926705,0.16365304958206217,-0.009782092303113193,-0.11102147063469375,0.10123937833158056,True
cross_segment_noise_baseline,zip_code,236xx,47,43,0.0011657613413696456,0.0010665476101892502,0.3191489361702128,0.11627906976744186,0.16362824614926705,0.16365304958206217,0.15552069002094573,-0.04737397981462031,0.20289466983556603,True
cross_segment_noise_baseline,zip_code,281xx,71,64,0.0017610437284520178,0.0015874196988863258,0.2112676056338028,0.171875,0.16362824614926705,0.16365304958206217,0.047639359484535765,0.008221950417937829,0.039417409066597936,True
cross_segment_noise_baseline,zip_code,926xx,239,253,0.005928020438028623,0.006275268497160007,0.14644351464435146,0.16600790513833993,0.16362824614926705,0.16365304958206217,-0.01718473150491559,0.002354855556277763,0.019539587061193353,False
cross_segment_noise_baseline,zip_code,484xx,41,35,0.0010169407445990526,0.0008681201478284594,0.17073170731707318,0.08571428571428572,0.16362824614926705,0.16365304958206217,0.0071034611678061355,-0.07793876386777646,0.08504222503558259,True
cross_segment_noise_baseline,zip_code,490xx,47,66,0.0011657613413696456,0.0016370265644765237,0.2553191489361702,0.16666666666666666,0.16362824614926705,0.16365304958206217,0.09169090278690314,0.0030136170846044863,0.08867728570229866,True
cross_segment_noise_baseline,zip_code,302xx,116,129,0.0028771982042314656,0.0031996428305677504,0.13793103448275862,0.2248062015503876,0.16362824614926705,0.16365304958206217,-0.02569721166650843,0.06115315196832544,0.08685036363483387,False
cross_segment_noise_baseline,zip_code,201xx,221,195,0.005481558647716844,0.004836669395044274,0.11764705882352941,0.13846153846153847,0.16362824614926705,0.16365304958206217,-0.04598118732573764,-0.025191511120523702,0.020789676205213936,False
cross_segment_noise_baseline,zip_code,613xx,10,16,0.0002480343279509884,0.00039685492472158146,0.0,0.125,0.16362824614926705,0.16365304958206217,-0.16362824614926705,-0.03865304958206217,0.12497519656720488,True
cross_segment_noise_baseline,zip_code,957xx,73,100,0.0018106505940422154,0.0024803432795098843,0.1643835616438356,0.16,0.16362824614926705,0.16365304958206217,0.0007553154945685592,-0.003653049582062168,0.004408365076630727,True
cross_segment_noise_baseline,zip_code,912xx,33,40,0.0008185132822382618,0.0009921373118039537,0.12121212121212122,0.2,0.16362824614926705,0.16365304958206217,-0.04241612493714583,0.03634695041793784,0.07876307535508367,True
cross_segment_noise_baseline,zip_code,744xx,26,16,0.0006448892526725699,0.00039685492472158146,0.19230769230769232,0.125,0.16362824614926705,0.16365304958206217,0.02867944615842527,-0.03865304958206217,0.06733249574048744,True
cross_segment_noise_baseline,zip_code,460xx,64,82,0.0015874196988863258,0.002033881489198105,0.140625,0.14634146341463414,0.16362824614926705,0.16365304958206217,-0.023003246149267048,-0.017311586167428034,0.0056916599818390146,True
cross_segment_noise_baseline,zip_code,655xx,20,7,0.0004960686559019768,0.0001736240295656919,0.15,0.2857142857142857,0.16362824614926705,0.16365304958206217,-0.013628246149267054,0.12206123613222353,0.13568948228149058,True
cross_segment_noise_baseline,zip_code,559xx,35,30,0.0008681201478284594,0.0007441029838529652,0.14285714285714285,0.16666666666666666,0.16362824614926705,0.16365304958206217,-0.0207711032921242,0.0030136170846044863,0.023784720376728685,True
cross_segment_noise_baseline,zip_code,908xx,91,85,0.0022571123843539947,0.0021082917875834017,0.15384615384615385,0.16470588235294117,0.16362824614926705,0.16365304958206217,-0.009782092303113193,0.001052832770879003,0.010834925073992197,True
cross_segment_noise_baseline,zip_code,080xx,229,216,0.005679986110077635,0.0053575414837413494,0.2314410480349345,0.19907407407407407,0.16362824614926705,0.16365304958206217,0.06781280188566746,0.0354210244920119,0.03239177739365556,False
cross_segment_noise_baseline,zip_code,863xx,25,34,0.0006200858198774711,0.0008433167150333606,0.32,0.17647058823529413,0.16362824614926705,0.16365304958206217,0.15637175385073296,0.012817538653231958,0.143554215197501,True
cross_segment_noise_baseline,zip_code,231xx,58,51,0.0014385991021157328,0.0012649750725500408,0.1896551724137931,0.2549019607843137,0.16362824614926705,0.16365304958206217,0.026026926264526046,0.09124891120225154,0.06522198493772549,True
cross_segment_noise_baseline,zip_code,967xx,198,163,0.00491107969342957,0.004042959545601111,0.16666666666666666,0.17791411042944785,0.16362824614926705,0.16365304958206217,0.0030384205173996093,0.014261060847385681,0.011222640329986072,False
cross_segment_noise_baseline,zip_code,705xx,58,67,0.0014385991021157328,0.0016618299972716224,0.20689655172413793,0.208955223880597,0.16362824614926705,0.16365304958206217,0.04326830557487088,0.045302174298534836,0.0020338687236639563,True
cross_segment_noise_baseline,zip_code,067xx,54,63,0.0013393853709353374,0.001562616266091227,0.16666666666666666,0.15873015873015872,0.16362824614926705,0.16365304958206217,0.0030384205173996093,-0.00492289085190345,0.007961311369303059,True
cross_segment_noise_baseline,zip_code,553xx,147,161,0.00364610462087953,0.003993352680010913,0.07482993197278912,0.14906832298136646,0.16362824614926705,0.16365304958206217,-0.08879831417647793,-0.014584726600695708,0.07421358757578222,False
cross_segment_noise_baseline,zip_code,103xx,93,87,0.002306719249944192,0.002157898653173599,0.1827956989247312,0.22988505747126436,0.16362824614926705,0.16365304958206217,0.01916745277546414,0.0662320078892022,0.047064555113738055,True
cross_segment_noise_baseline,zip_code,295xx,62,50,0.0015378128332961282,0.0012401716397549421,0.1774193548387097,0.18,0.16362824614926705,0.16365304958206217,0.013791108689442638,0.016346950417937822,0.002555841728495184,True
cross_segment_noise_baseline,zip_code,272xx,61,58,0.0015130094005010293,0.0014385991021157328,0.11475409836065574,0.22413793103448276,0.16362824614926705,0.16365304958206217,-0.04887414778861131,0.06048488145242059,0.1093590292410319,True
cross_segment_noise_baseline,zip_code,321xx,50,49,0.0012401716397549421,0.0012153682069598432,0.18,0.12244897959183673,0.16362824614926705,0.16365304958206217,0.016371753850732945,-0.04120406999022544,0.057575823840958384,True
cross_segment_noise_baseline,zip_code,060xx,130,118,0.0032244462633628495,0.0029268050698216634,0.17692307692307693,0.1440677966101695,0.16362824614926705,0.16365304958206217,0.013294830773809885,-0.019585252971892675,0.03288008374570256,False
cross_segment_noise_baseline,zip_code,142xx,90,70,0.0022323089515588956,0.0017362402956569189,0.2111111111111111,0.17142857142857143,0.16362824614926705,0.16365304958206217,0.04748286496184406,0.007775521846509259,0.0397073431153348,True
cross_segment_noise_baseline,zip_code,995xx,68,61,0.0016866334300667213,0.0015130094005010293,0.16176470588235295,0.06557377049180328,0.16362824614926705,0.16365304958206217,-0.0018635402669140988,-0.09807927909025889,0.09621573882334479,True
cross_segment_noise_baseline,zip_code,765xx,61,65,0.0015130094005010293,0.0016122231316814247,0.21311475409836064,0.2153846153846154,0.16362824614926705,0.16365304958206217,0.049486507949093594,0.051731565802553225,0.002245057853459631,True
cross_segment_noise_baseline,zip_code,463xx,101,87,0.002505146712304983,0.002157898653173599,0.18811881188118812,0.20689655172413793,0.16362824614926705,0.16365304958206217,0.02449056573192107,0.04324350214207576,0.018752936410154686,True
cross_segment_noise_baseline,zip_code,535xx,52,46,0.0012897785053451398,0.0011409579085745467,0.21153846153846154,0.06521739130434782,0.16362824614926705,0.16365304958206217,0.04791021538919449,-0.09843565827771435,0.14634587366690882,True
cross_segment_noise_baseline,zip_code,211xx,106,104,0.0026291638762804773,0.0025795570106902795,0.1509433962264151,0.14423076923076922,0.16362824614926705,0.16365304958206217,-0.01268484992285196,-0.019422280351292953,0.006737430428440994,False
cross_segment_noise_baseline,zip_code,667xx,17,24,0.0004216583575166803,0.0005952823870823722,0.058823529411764705,0.125,0.16362824614926705,0.16365304958206217,-0.10480471673750234,-0.03865304958206217,0.06615166715544017,True
cross_segment_noise_baseline,zip_code,757xx,25,31,0.0006200858198774711,0.0007689064166480641,0.2,0.0967741935483871,0.16362824614926705,0.16365304958206217,0.03637175385073296,-0.06687885603367508,0.10325060988440804,True
cross_segment_noise_baseline,zip_code,209xx,55,45,0.0013641888037304363,0.0011161544757794478,0.2545454545454545,0.13333333333333333,0.16362824614926705,0.16365304958206217,0.09091720839618747,-0.03031971624872884,0.12123692464491631,True
cross_segment_noise_baseline,zip_code,238xx,61,60,0.0015130094005010293,0.0014882059677059304,0.19672131147540983,0.16666666666666666,0.16362824614926705,0.16365304958206217,0.033093065326142784,0.0030136170846044863,0.030079448241538298,True
cross_segment_noise_baseline,zip_code,852xx,233,234,0.00577919984125803,0.005804003274053129,0.17167381974248927,0.16666666666666666,0.16362824614926705,0.16365304958206217,0.008045573593222222,0.0030136170846044863,0.005031956508617735,False
cross_segment_noise_baseline,zip_code,308xx,33,31,0.0008185132822382618,0.0007689064166480641,0.12121212121212122,0.22580645161290322,0.16362824614926705,0.16365304958206217,-0.04241612493714583,0.06215340203084105,0.10456952696798688,True
cross_segment_noise_baseline,zip_code,752xx,125,146,0.003100429099387355,0.003621301188084431,0.088,0.13013698630136986,0.16362824614926705,0.16365304958206217,-0.07562824614926705,-0.033516063280692315,0.04211218286857474,False
cross_segment_noise_baseline,zip_code,038xx,47,46,0.0011657613413696456,0.0011409579085745467,0.1276595744680851,0.10869565217391304,0.16362824614926705,0.16365304958206217,-0.03596867168118195,-0.05495739740814913,0.01898872572696718,True
cross_segment_noise_baseline,zip_code,727xx,56,60,0.0013889922365255352,0.0014882059677059304,0.17857142857142858,0.16666666666666666,0.16362824614926705,0.16365304958206217,0.014943182422161527,0.0030136170846044863,0.011929565337557041,True
cross_segment_noise_baseline,zip_code,786xx,156,143,0.0038693355160354195,0.0035468908896991343,0.1346153846153846,0.16783216783216784,0.16362824614926705,0.16365304958206217,-0.02901286153388244,0.004179118250105668,0.03319197978398811,False
cross_segment_noise_baseline,zip_code,277xx,27,27,0.0006696926854676687,0.0006696926854676687,0.14814814814814814,0.18518518518518517,0.16362824614926705,0.16365304958206217,-0.015480098001118908,0.021532135603123004,0.03701223360424191,True
cross_segment_noise_baseline,zip_code,871xx,92,108,0.0022819158171490934,0.0026787707418706747,0.20652173913043478,0.12037037037037036,0.16362824614926705,0.16365304958206217,0.042893492981167736,-0.04328267921169181,0.08617617219285954,True
cross_segment_noise_baseline,zip_code,787xx,129,145,0.0031996428305677504,0.003596497755289332,0.10077519379844961,0.08275862068965517,0.16362824614926705,0.16365304958206217,-0.06285305235081744,-0.080894428892407,0.018041376541589563,False
cross_segment_noise_baseline,zip_code,763xx,19,21,0.000471265223106878,0.0005208720886970756,0.15789473684210525,0.38095238095238093,0.16362824614926705,0.16365304958206217,-0.005733509307161794,0.21729933137031876,0.22303284067748055,True
cross_segment_noise_baseline,zip_code,774xx,170,149,0.004216583575166803,0.0036957114864697273,0.12941176470588237,0.18791946308724833,0.16362824614926705,0.16365304958206217,-0.03421648144338468,0.024266413505186157,0.05848289494857084,False
cross_segment_noise_baseline,zip_code,462xx,90,114,0.0022323089515588956,0.0028275913386412678,0.2111111111111111,0.19298245614035087,0.16362824614926705,0.16365304958206217,0.04748286496184406,0.029329406558288695,0.018153458403555367,True
cross_segment_noise_baseline,zip_code,874xx,23,14,0.0005704789542872734,0.0003472480591313838,0.21739130434782608,0.21428571428571427,0.16362824614926705,0.16365304958206217,0.05376305819855903,0.0506326647036521,0.00313039349490693,True
cross_segment_noise_baseline,zip_code,405xx,42,30,0.0010417441773941513,0.0007441029838529652,0.09523809523809523,0.0,0.16362824614926705,0.16365304958206217,-0.06839015091117182,-0.16365304958206217,0.09526289867089036,True
cross_segment_noise_baseline,zip_code,627xx,17,18,0.0004216583575166803,0.0004464617903117792,0.17647058823529413,0.16666666666666666,0.16362824614926705,0.16365304958206217,0.012842342086027081,0.0030136170846044863,0.009828725001422595,True
cross_segment_noise_baseline,zip_code,565xx,18,15,0.0004464617903117792,0.0003720514919264826,0.16666666666666666,0.06666666666666667,0.16362824614926705,0.16365304958206217,0.0030384205173996093,-0.0969863829153955,0.10002480343279511,True
cross_segment_noise_baseline,zip_code,110xx,32,29,0.0007937098494431629,0.0007192995510578664,0.125,0.20689655172413793,0.16362824614926705,0.16365304958206217,-0.03862824614926705,0.04324350214207576,0.0818717482913428,True
cross_segment_noise_baseline,zip_code,337xx,117,94,0.0029020016370265643,0.0023315226827392913,0.11965811965811966,0.2553191489361702,0.16362824614926705,0.16365304958206217,-0.043970126491147385,0.09166609935410802,0.13563622584525542,True
cross_segment_noise_baseline,zip_code,875xx,20,20,0.0004960686559019768,0.0004960686559019768,0.05,0.15,0.16362824614926705,0.16365304958206217,-0.11362824614926705,-0.013653049582062177,0.09997519656720487,True
cross_segment_noise_baseline,zip_code,146xx,63,54,0.001562616266091227,0.0013393853709353374,0.1746031746031746,0.16666666666666666,0.16362824614926705,0.16365304958206217,0.010974928453907545,0.0030136170846044863,0.007961311369303059,True
cross_segment_noise_baseline,zip_code,030xx,69,67,0.0017114368628618202,0.0016618299972716224,0.11594202898550725,0.07462686567164178,0.16362824614926705,0.16365304958206217,-0.0476862171637598,-0.08902618391042039,0.041339966746660586,True
cross_segment_noise_baseline,zip_code,997xx,19,16,0.000471265223106878,0.00039685492472158146,0.21052631578947367,0.25,0.16362824614926705,0.16365304958206217,0.046898069640206624,0.08634695041793783,0.039448880777731204,True
cross_segment_noise_baseline,zip_code,841xx,68,71,0.0016866334300667213,0.0017610437284520178,0.058823529411764705,0.08450704225352113,0.16362824614926705,0.16365304958206217,-0.10480471673750234,-0.07914600732854105,0.025658709408961297,True
cross_segment_noise_baseline,zip_code,605xx,137,159,0.0033980702929285412,0.003943745814420716,0.17518248175182483,0.13836477987421383,0.16362824614926705,0.16365304958206217,0.011554235602557777,-0.025288269707848338,0.036842505310406115,False
cross_segment_noise_baseline,zip_code,464xx,16,10,0.00039685492472158146,0.0002480343279509884,0.25,0.4,0.16362824614926705,0.16365304958206217,0.08637175385073295,0.23634695041793785,0.1499751965672049,True
cross_segment_noise_baseline,zip_code,973xx,84,85,0.0020834883547883026,0.0021082917875834017,0.09523809523809523,0.12941176470588237,0.16362824614926705,0.16365304958206217,-0.06839015091117182,-0.034241284876179806,0.03414886603499201,True
cross_segment_noise_baseline,zip_code,474xx,21,18,0.0005208720886970756,0.0004464617903117792,0.14285714285714285,0.3888888888888889,0.16362824614926705,0.16365304958206217,-0.0207711032921242,0.22523583930682672,0.24600694259895092,True
cross_segment_noise_baseline,zip_code,451xx,38,39,0.000942530446213756,0.0009673338790088549,0.13157894736842105,0.1794871794871795,0.16362824614926705,0.16365304958206217,-0.032049298780846,0.015834129905117317,0.04788342868596332,True
cross_segment_noise_baseline,zip_code,019xx,56,63,0.0013889922365255352,0.001562616266091227,0.08928571428571429,0.1746031746031746,0.16362824614926705,0.16365304958206217,-0.07434253186355276,0.010950125021112422,0.08529265688466518,True
cross_segment_noise_baseline,zip_code,073xx,59,55,0.0014634025349108317,0.0013641888037304363,0.11864406779661017,0.2727272727272727,0.16362824614926705,0.16365304958206217,-0.044984178352656876,0.10907422314521054,0.15405840149786743,True
cross_segment_noise_baseline,zip_code,710xx,12,12,0.0002976411935411861,0.0002976411935411861,0.4166666666666667,0.25,0.16362824614926705,0.16365304958206217,0.25303842051739966,0.08634695041793783,0.16669147009946184,True
cross_segment_noise_baseline,zip_code,815xx,19,24,0.000471265223106878,0.0005952823870823722,0.15789473684210525,0.2916666666666667,0.16362824614926705,0.16365304958206217,-0.005733509307161794,0.12801361708460451,0.1337471263917663,True
cross_segment_noise_baseline,zip_code,809xx,76,98,0.001885060892427512,0.0024307364139196865,0.18421052631578946,0.1326530612244898,0.16362824614926705,0.16365304958206217,0.020582280166522415,-0.030999988357572367,0.05158226852409478,True
cross_segment_noise_baseline,zip_code,078xx,63,67,0.001562616266091227,0.0016618299972716224,0.19047619047619047,0.208955223880597,0.16362824614926705,0.16365304958206217,0.026847944326923417,0.045302174298534836,0.01845422997161142,True
cross_segment_noise_baseline,zip_code,191xx,131,139,0.003249249696157948,0.003447677158518739,0.1297709923664122,0.15827338129496402,0.16362824614926705,0.16365304958206217,-0.03385725378285484,-0.005379668287098155,0.028477585495756685,False
cross_segment_noise_baseline,zip_code,761xx,126,102,0.003125232532182454,0.0025299501451000817,0.19047619047619047,0.17647058823529413,0.16362824614926705,0.16365304958206217,0.026847944326923417,0.012817538653231958,0.01403040567369146,False
cross_segment_noise_baseline,zip_code,482xx,57,46,0.0014137956693206339,0.0011409579085745467,0.15789473684210525,0.2608695652173913,0.16362824614926705,0.16365304958206217,-0.005733509307161794,0.09721651563532913,0.10295002494249092,True
cross_segment_noise_baseline,zip_code,273xx,66,42,0.0016370265644765237,0.0010417441773941513,0.24242424242424243,0.23809523809523808,0.16362824614926705,0.16365304958206217,0.07879599627497538,0.07444218851317591,0.004353807761799472,True
cross_segment_noise_baseline,zip_code,976xx,12,6,0.0002976411935411861,0.00014882059677059304,0.3333333333333333,0.16666666666666666,0.16362824614926705,0.16365304958206217,0.16970508718406627,0.0030136170846044863,0.16669147009946178,True
cross_segment_noise_baseline,zip_code,633xx,66,76,0.0016370265644765237,0.001885060892427512,0.16666666666666666,0.18421052631578946,0.16362824614926705,0.16365304958206217,0.0030384205173996093,0.020557476733727292,0.017519056216327683,True
cross_segment_noise_baseline,zip_code,544xx,27,30,0.0006696926854676687,0.0007441029838529652,0.18518518518518517,0.16666666666666666,0.16362824614926705,0.16365304958206217,0.021556939035918127,0.0030136170846044863,0.01854332195131364,True
cross_segment_noise_baseline,zip_code,160xx,29,14,0.0007192995510578664,0.0003472480591313838,0.1724137931034483,0.07142857142857142,0.16362824614926705,0.16365304958206217,0.00878554695418124,-0.09222447815349075,0.10101002510767199,True
cross_segment_noise_baseline,zip_code,717xx,10,5,0.0002480343279509884,0.0001240171639754942,0.2,0.2,0.16362824614926705,0.16365304958206217,0.03637175385073296,0.03634695041793784,2.480343279512298e-05,True
cross_segment_noise_baseline,zip_code,952xx,59,55,0.0014634025349108317,0.0013641888037304363,0.2033898305084746,0.2545454545454545,0.16362824614926705,0.16365304958206217,0.03976158435920754,0.09089240496339235,0.05113082060418481,True
cross_segment_noise_baseline,zip_code,961xx,23,22,0.0005704789542872734,0.0005456755214921746,0.2608695652173913,0.09090909090909091,0.16362824614926705,0.16365304958206217,0.09724131906812425,-0.07274395867297126,0.1699852777410955,True
cross_segment_noise_baseline,zip_code,883xx,7,5,0.0001736240295656919,0.0001240171639754942,0.2857142857142857,0.2,0.16362824614926705,0.16365304958206217,0.12208603956501865,0.03634695041793784,0.08573908914708081,True
cross_segment_noise_baseline,zip_code,547xx,17,19,0.0004216583575166803,0.000471265223106878,0.23529411764705882,0.10526315789473684,0.16362824614926705,0.16365304958206217,0.07166587149779177,-0.058389891687325335,0.1300557631851171,True
cross_segment_noise_baseline,zip_code,115xx,103,102,0.002554753577895181,0.0025299501451000817,0.11650485436893204,0.23529411764705882,0.16362824614926705,0.16365304958206217,-0.047123391780335006,0.07164106806499665,0.11876445984533165,False
cross_segment_noise_baseline,zip_code,344xx,41,41,0.0010169407445990526,0.0010169407445990526,0.21951219512195122,0.24390243902439024,0.16362824614926705,0.16365304958206217,0.05588394897268417,0.08024938944232807,0.024365440469643895,True
cross_segment_noise_baseline,zip_code,014xx,27,23,0.0006696926854676687,0.0005704789542872734,0.1111111111111111,0.13043478260869565,0.16362824614926705,0.16365304958206217,-0.05251713503815594,-0.03321826697336652,0.01929886806478942,True
cross_segment_noise_baseline,zip_code,641xx,67,76,0.0016618299972716224,0.001885060892427512,0.13432835820895522,0.13157894736842105,0.16362824614926705,0.16365304958206217,-0.029299887940311825,-0.032074102213641126,0.0027742142733293007,True
cross_segment_noise_baseline,zip_code,279xx,21,24,0.0005208720886970756,0.0005952823870823722,0.14285714285714285,0.16666666666666666,0.16362824614926705,0.16365304958206217,-0.0207711032921242,0.0030136170846044863,0.023784720376728685,True
cross_segment_noise_baseline,zip_code,996xx,24,25,0.0005952823870823722,0.0006200858198774711,0.16666666666666666,0.28,0.16362824614926705,0.16365304958206217,0.0030384205173996093,0.11634695041793786,0.11330852990053825,True
cross_segment_noise_baseline,zip_code,718xx,15,10,0.0003720514919264826,0.0002480343279509884,0.13333333333333333,0.1,0.16362824614926705,0.16365304958206217,-0.030294912815933717,-0.06365304958206217,0.03335813676612845,True
cross_segment_noise_baseline,zip_code,729xx,21,22,0.0005208720886970756,0.0005456755214921746,0.19047619047619047,0.09090909090909091,0.16362824614926705,0.16365304958206217,0.026847944326923417,-0.07274395867297126,0.09959190299989468,True
cross_segment_noise_baseline,zip_code,349xx,56,61,0.0013889922365255352,0.0015130094005010293,0.21428571428571427,0.22950819672131148,0.16362824614926705,0.16365304958206217,0.050657468136447226,0.06585514713924931,0.015197679002802084,True
cross_segment_noise_baseline,zip_code,494xx,40,46,0.0009921373118039537,0.0011409579085745467,0.075,0.15217391304347827,0.16362824614926705,0.16365304958206217,-0.08862824614926705,-0.0114791365385839,0.07714910961068315,True
cross_segment_noise_baseline,zip_code,722xx,22,28,0.0005456755214921746,0.0006944961182627676,0.13636363636363635,0.17857142857142858,0.16362824614926705,0.16365304958206217,-0.027264609785630695,0.014918378989366404,0.0421829887749971,True
cross_segment_noise_baseline,zip_code,600xx,171,180,0.004241387007961902,0.004464617903117791,0.15789473684210525,0.16666666666666666,0.16362824614926705,0.16365304958206217,-0.005733509307161794,0.0030136170846044863,0.00874712639176628,False
cross_segment_noise_baseline,zip_code,061xx,44,27,0.001091351042984349,0.0006696926854676687,0.18181818181818182,0.25925925925925924,0.16362824614926705,0.16365304958206217,0.018189935668914775,0.09560620967719707,0.0774162740082823,True
cross_segment_noise_baseline,zip_code,034xx,10,16,0.0002480343279509884,0.00039685492472158146,0.2,0.25,0.16362824614926705,0.16365304958206217,0.03637175385073296,0.08634695041793783,0.049975196567204866,True
cross_segment_noise_baseline,zip_code,466xx,13,15,0.00032244462633628494,0.0003720514919264826,0.15384615384615385,0.06666666666666667,0.16362824614926705,0.16365304958206217,-0.009782092303113193,-0.0969863829153955,0.08720429061228231,True
cross_segment_noise_baseline,zip_code,113xx,195,226,0.004836669395044274,0.005605575811692338,0.13846153846153847,0.168141592920354,0.16362824614926705,0.16365304958206217,-0.02516670768772858,0.004488543338291823,0.0296552510260204,False
cross_segment_noise_baseline,zip_code,294xx,86,110,0.0021330952203785004,0.0027283776074608725,0.1511627906976744,0.10909090909090909,0.16362824614926705,0.16365304958206217,-0.012465455451592639,-0.054562140491153086,0.04209668503956045,True
cross_segment_noise_baseline,zip_code,941xx,186,208,0.004613438499888384,0.005159114021380559,0.11290322580645161,0.10576923076923077,0.16362824614926705,0.16365304958206217,-0.05072502034281544,-0.0578838188128314,0.007158798470015965,False
cross_segment_noise_baseline,zip_code,018xx,110,105,0.0027283776074608725,0.002604360443485378,0.23636363636363636,0.13333333333333333,0.16362824614926705,0.16365304958206217,0.07273539021436931,-0.03031971624872884,0.10305510646309815,False
cross_segment_noise_baseline,zip_code,800xx,159,192,0.003943745814420716,0.004762259096658977,0.12578616352201258,0.11458333333333333,0.16362824614926705,0.16365304958206217,-0.03784208262725447,-0.04906971624872884,0.011227633621474373,False
cross_segment_noise_baseline,zip_code,324xx,38,29,0.000942530446213756,0.0007192995510578664,0.15789473684210525,0.27586206896551724,0.16362824614926705,0.16365304958206217,-0.005733509307161794,0.11220901938345507,0.11794252869061686,True
cross_segment_noise_baseline,zip_code,701xx,39,55,0.0009673338790088549,0.0013641888037304363,0.1794871794871795,0.12727272727272726,0.16362824614926705,0.16365304958206217,0.01585893333791244,-0.03638032230933491,0.05223925564724735,True
cross_segment_noise_baseline,zip_code,070xx,322,335,0.007986705360021827,0.008309149986358112,0.17391304347826086,0.17313432835820897,0.16362824614926705,0.16365304958206217,0.010284797328993817,0.009481278776146795,0.0008035185528470212,False
cross_segment_noise_baseline,zip_code,974xx,65,64,0.0016122231316814247,0.0015874196988863258,0.16923076923076924,0.171875,0.16362824614926705,0.16365304958206217,0.005602523081502192,0.008221950417937829,0.002619427336435637,True
cross_segment_noise_baseline,zip_code,437xx,24,23,0.0005952823870823722,0.0005704789542872734,0.2916666666666667,0.043478260869565216,0.16362824614926705,0.16365304958206217,0.12803842051739964,-0.12017478871249695,0.2482132092298966,True
cross_segment_noise_baseline,zip_code,906xx,120,143,0.002976411935411861,0.0035468908896991343,0.175,0.1258741258741259,0.16362824614926705,0.16365304958206217,0.01137175385073294,-0.037778923707936285,0.049150677558669226,False
cross_segment_noise_baseline,zip_code,180xx,95,80,0.00235632611553439,0.0019842746236079073,0.16842105263157894,0.1625,0.16362824614926705,0.16365304958206217,0.004792806482311895,-0.0011530495820621656,0.005945856064374061,True
cross_segment_noise_baseline,zip_code,493xx,26,22,0.0006448892526725699,0.0005456755214921746,0.2692307692307692,0.13636363636363635,0.16362824614926705,0.16365304958206217,0.10560252308150217,-0.027289413218425818,0.132891936299928,True
cross_segment_noise_baseline,zip_code,329xx,100,89,0.0024803432795098843,0.002207505518763797,0.1,0.16853932584269662,0.16362824614926705,0.16365304958206217,-0.06362824614926704,0.004886276260634453,0.0685145224099015,True
cross_segment_noise_baseline,zip_code,128xx,35,37,0.0008681201478284594,0.0009177270134186572,0.17142857142857143,0.1891891891891892,0.16362824614926705,0.16365304958206217,0.007800325279304382,0.02553613960712703,0.017735814327822647,True
cross_segment_noise_baseline,zip_code,461xx,62,71,0.0015378128332961282,0.0017610437284520178,0.27419354838709675,0.18309859154929578,0.16362824614926705,0.16365304958206217,0.1105653022378297,0.01944554196723361,0.0911197602705961,True
cross_segment_noise_baseline,zip_code,024xx,43,40,0.0010665476101892502,0.0009921373118039537,0.16279069767441862,0.15,0.16362824614926705,0.16365304958206217,-0.0008375484748484319,-0.013653049582062177,0.012815501107213745,True
cross_segment_noise_baseline,zip_code,105xx,109,109,0.002703574174665774,0.002703574174665774,0.1743119266055046,0.22935779816513763,0.16362824614926705,0.16365304958206217,0.010683680456237549,0.06570474858307546,0.05502106812683791,False
cross_segment_noise_baseline,zip_code,960xx,34,29,0.0008433167150333606,0.0007192995510578664,0.23529411764705882,0.1724137931034483,0.16362824614926705,0.16365304958206217,0.07166587149779177,0.008760743521386116,0.06290512797640566,True
cross_segment_noise_baseline,zip_code,031xx,28,21,0.0006944961182627676,0.0005208720886970756,0.10714285714285714,0.09523809523809523,0.16362824614926705,0.16365304958206217,-0.05648538900640991,-0.06841495434396694,0.011929565337557027,True
cross_segment_noise_baseline,zip_code,951xx,204,209,0.005059900290200163,0.005183917454175658,0.14705882352941177,0.13875598086124402,0.16362824614926705,0.16365304958206217,-0.01656942261985528,-0.02489706872081815,0.008327646100962871,False
cross_segment_noise_baseline,zip_code,664xx,6,8,0.00014882059677059304,0.00019842746236079073,0.0,0.125,0.16362824614926705,0.16365304958206217,-0.16362824614926705,-0.03865304958206217,0.12497519656720488,True
cross_segment_noise_baseline,zip_code,755xx,15,10,0.0003720514919264826,0.0002480343279509884,0.06666666666666667,0.1,0.16362824614926705,0.16365304958206217,-0.09696157948260038,-0.06365304958206217,0.03330852990053822,True
cross_segment_noise_baseline,zip_code,290xx,63,41,0.001562616266091227,0.0010169407445990526,0.09523809523809523,0.14634146341463414,0.16362824614926705,0.16365304958206217,-0.06839015091117182,-0.017311586167428034,0.05107856474374378,True
cross_segment_noise_baseline,zip_code,171xx,18,19,0.0004464617903117792,0.000471265223106878,0.2777777777777778,0.21052631578947367,0.16362824614926705,0.16365304958206217,0.11414953162851074,0.0468732662074115,0.06727626542109924,True
cross_segment_noise_baseline,zip_code,194xx,71,78,0.0017610437284520178,0.0019346677580177097,0.18309859154929578,0.08974358974358974,0.16362824614926705,0.16365304958206217,0.019470345400028732,-0.07390945983847243,0.09337980523850116,True
cross_segment_noise_baseline,zip_code,402xx,71,65,0.0017610437284520178,0.0016122231316814247,0.2676056338028169,0.13846153846153847,0.16362824614926705,0.16365304958206217,0.10397738765354983,-0.025191511120523702,0.12916889877407353,True
cross_segment_noise_baseline,zip_code,224xx,42,47,0.0010417441773941513,0.0011657613413696456,0.09523809523809523,0.19148936170212766,0.16362824614926705,0.16365304958206217,-0.06839015091117182,0.027836312120065487,0.0962264630312373,True
cross_segment_noise_baseline,zip_code,775xx,126,139,0.003125232532182454,0.003447677158518739,0.2222222222222222,0.1510791366906475,0.16362824614926705,0.16365304958206217,0.05859397607295516,-0.012573912891414685,0.07116788896436985,False
cross_segment_noise_baseline,zip_code,949xx,57,64,0.0014137956693206339,0.0015874196988863258,0.10526315789473684,0.09375,0.16362824614926705,0.16365304958206217,-0.05836508825453021,-0.06990304958206217,0.01153796132753196,True
cross_segment_noise_baseline,zip_code,735xx,30,27,0.0007441029838529652,0.0006696926854676687,0.3,0.07407407407407407,0.16362824614926705,0.16365304958206217,0.13637175385073294,-0.0895789755079881,0.22595072935872104,True
cross_segment_noise_baseline,zip_code,276xx,92,65,0.0022819158171490934,0.0016122231316814247,0.15217391304347827,0.15384615384615385,0.16362824614926705,0.16365304958206217,-0.011454333105788778,-0.009806895735908316,0.0016474373698804612,True
cross_segment_noise_baseline,zip_code,119xx,38,36,0.000942530446213756,0.0008929235806235583,0.13157894736842105,0.027777777777777776,0.16362824614926705,0.16365304958206217,-0.032049298780846,-0.13587527180428438,0.10382597302343838,True
cross_segment_noise_baseline,zip_code,086xx,38,42,0.000942530446213756,0.0010417441773941513,0.23684210526315788,0.16666666666666666,0.16362824614926705,0.16365304958206217,0.07321385911389083,0.0030136170846044863,0.07020024202928635,True
cross_segment_noise_baseline,zip_code,301xx,168,198,0.004166976709576605,0.00491107969342957,0.14285714285714285,0.10606060606060606,0.16362824614926705,0.16365304958206217,-0.0207711032921242,-0.05759244352145611,0.03682134022933191,False
cross_segment_noise_baseline,zip_code,540xx,13,17,0.00032244462633628494,0.0004216583575166803,0.15384615384615385,0.17647058823529413,0.16362824614926705,0.16365304958206217,-0.009782092303113193,0.012817538653231958,0.02259963095634515,True
cross_segment_noise_baseline,zip_code,357xx,38,34,0.000942530446213756,0.0008433167150333606,0.2894736842105263,0.20588235294117646,0.16362824614926705,0.16365304958206217,0.12584543806125928,0.04222930335911429,0.08361613470214499,True
cross_segment_noise_baseline,zip_code,123xx,30,31,0.0007441029838529652,0.0007689064166480641,0.13333333333333333,0.16129032258064516,0.16362824614926705,0.16365304958206217,-0.030294912815933717,-0.0023627270014170143,0.027932185814516702,True
cross_segment_noise_baseline,zip_code,352xx,54,49,0.0013393853709353374,0.0012153682069598432,0.16666666666666666,0.1836734693877551,0.16362824614926705,0.16365304958206217,0.0030384205173996093,0.02002041980569294,0.01698199928829333,True
cross_segment_noise_baseline,zip_code,910xx,56,49,0.0013889922365255352,0.0012153682069598432,0.125,0.12244897959183673,0.16362824614926705,0.16365304958206217,-0.03862824614926705,-0.04120406999022544,0.002575823840958391,True
cross_segment_noise_baseline,zip_code,431xx,57,65,0.0014137956693206339,0.0016122231316814247,0.12280701754385964,0.09230769230769231,0.16362824614926705,0.16365304958206217,-0.040821228605407406,-0.07134535727436986,0.030524128668962452,True
cross_segment_noise_baseline,zip_code,261xx,9,16,0.0002232308951558896,0.00039685492472158146,0.1111111111111111,0.0625,0.16362824614926705,0.16365304958206217,-0.05251713503815594,-0.10115304958206217,0.04863591454390623,True
cross_segment_noise_baseline,zip_code,305xx,90,60,0.0022323089515588956,0.0014882059677059304,0.1,0.15,0.16362824614926705,0.16365304958206217,-0.06362824614926704,-0.013653049582062177,0.049975196567204866,True
cross_segment_noise_baseline,zip_code,015xx,65,73,0.0016122231316814247,0.0018106505940422154,0.15384615384615385,0.2191780821917808,0.16362824614926705,0.16365304958206217,-0.009782092303113193,0.05552503260971864,0.06530712491283183,True
cross_segment_noise_baseline,zip_code,780xx,44,43,0.001091351042984349,0.0010665476101892502,0.06818181818181818,0.18604651162790697,0.16362824614926705,0.16365304958206217,-0.09544642796744887,0.022393462045844803,0.11783989001329367,True
cross_segment_noise_baseline,zip_code,978xx,23,17,0.0005704789542872734,0.0004216583575166803,0.13043478260869565,0.17647058823529413,0.16362824614926705,0.16365304958206217,-0.0331934635405714,0.012817538653231958,0.04601100219380336,True
cross_segment_noise_baseline,zip_code,430xx,117,136,0.0029020016370265643,0.0033732668601334425,0.13675213675213677,0.1323529411764706,0.16362824614926705,0.16365304958206217,-0.026876109397130282,-0.03130010840559158,0.004423999008461299,False
cross_segment_noise_baseline,zip_code,935xx,104,99,0.0025795570106902795,0.002455539846714785,0.20192307692307693,0.12121212121212122,0.16362824614926705,0.16365304958206217,0.03829483077380988,-0.042440928369940956,0.08073575914375083,True
cross_segment_noise_baseline,zip_code,116xx,12,21,0.0002976411935411861,0.0005208720886970756,0.16666666666666666,0.2857142857142857,0.16362824614926705,0.16365304958206217,0.0030384205173996093,0.12206123613222353,0.11902281561482392,True
cross_segment_noise_baseline,zip_code,298xx,29,24,0.0007192995510578664,0.0005952823870823722,0.06896551724137931,0.16666666666666666,0.16362824614926705,0.16365304958206217,-0.09466272890788774,0.0030136170846044863,0.09767634599249223,True
cross_segment_noise_baseline,zip_code,400xx,30,13,0.0007441029838529652,0.00032244462633628494,0.26666666666666666,0.07692307692307693,0.16362824614926705,0.16365304958206217,0.10303842051739961,-0.08672997265898524,0.18976839317638486,True
cross_segment_noise_baseline,zip_code,984xx,66,65,0.0016370265644765237,0.0016122231316814247,0.16666666666666666,0.2153846153846154,0.16362824614926705,0.16365304958206217,0.0030384205173996093,0.051731565802553225,0.048693145285153616,True
cross_segment_noise_baseline,zip_code,446xx,29,50,0.0007192995510578664,0.0012401716397549421,0.13793103448275862,0.2,0.16362824614926705,0.16365304958206217,-0.02569721166650843,0.03634695041793784,0.06204416208444627,True
cross_segment_noise_baseline,zip_code,010xx,70,54,0.0017362402956569189,0.0013393853709353374,0.24285714285714285,0.1111111111111111,0.16362824614926705,0.16365304958206217,0.0792288967078758,-0.052541938470951066,0.13177083517882687,True
cross_segment_noise_baseline,zip_code,713xx,12,9,0.0002976411935411861,0.0002232308951558896,0.08333333333333333,0.1111111111111111,0.16362824614926705,0.16365304958206217,-0.08029491281593372,-0.052541938470951066,0.027752974344982653,True
cross_segment_noise_baseline,zip_code,242xx,25,17,0.0006200858198774711,0.0004216583575166803,0.2,0.35294117647058826,0.16362824614926705,0.16365304958206217,0.03637175385073296,0.1892881268885261,0.15291637303779312,True
cross_segment_noise_baseline,zip_code,554xx,126,161,0.003125232532182454,0.003993352680010913,0.1349206349206349,0.14285714285714285,0.16362824614926705,0.16365304958206217,-0.028707611228632135,-0.020795906724919322,0.007911704503712813,False
cross_segment_noise_baseline,zip_code,057xx,4,5,9.921373118039536e-05,0.0001240171639754942,0.25,0.2,0.16362824614926705,0.16365304958206217,0.08637175385073295,0.03634695041793784,0.05002480343279511,True
cross_segment_noise_baseline,zip_code,240xx,67,42,0.0016618299972716224,0.0010417441773941513,0.19402985074626866,0.21428571428571427,0.16362824614926705,0.16365304958206217,0.030401604597001614,0.0506326647036521,0.02023106010665049,True
cross_segment_noise_baseline,zip_code,530xx,57,61,0.0014137956693206339,0.0015130094005010293,0.07017543859649122,0.18032786885245902,0.16362824614926705,0.16365304958206217,-0.09345280755277582,0.01667481927039685,0.11012762682317268,True
cross_segment_noise_baseline,zip_code,432xx,97,99,0.0024059329811245878,0.002455539846714785,0.18556701030927836,0.12121212121212122,0.16362824614926705,0.16365304958206217,0.02193876416001131,-0.042440928369940956,0.06437969252995226,True
cross_segment_noise_baseline,zip_code,157xx,11,8,0.0002728377607460873,0.00019842746236079073,0.2727272727272727,0.125,0.16362824614926705,0.16365304958206217,0.10909902657800566,-0.03865304958206217,0.14775207616006783,True
cross_segment_noise_baseline,zip_code,560xx,26,34,0.0006448892526725699,0.0008433167150333606,0.38461538461538464,0.14705882352941177,0.16362824614926705,0.16365304958206217,0.2209871384661176,-0.0165942260526504,0.237581364518768,True
cross_segment_noise_baseline,zip_code,934xx,53,74,0.0013145819381402387,0.0018354540268373143,0.18867924528301888,0.13513513513513514,0.16362824614926705,0.16365304958206217,0.025050999133751833,-0.02851791444692703,0.05356891358067886,True
cross_segment_noise_baseline,zip_code,083xx,30,46,0.0007441029838529652,0.0011409579085745467,0.36666666666666664,0.2608695652173913,0.16362824614926705,0.16365304958206217,0.2030384205173996,0.09721651563532913,0.10582190488207047,True
cross_segment_noise_baseline,zip_code,122xx,18,20,0.0004464617903117792,0.0004960686559019768,0.2777777777777778,0.2,0.16362824614926705,0.16365304958206217,0.11414953162851074,0.03634695041793784,0.0778025812105729,True
cross_segment_noise_baseline,zip_code,788xx,13,14,0.00032244462633628494,0.0003472480591313838,0.07692307692307693,0.2857142857142857,0.16362824614926705,0.16365304958206217,-0.08670516922619012,0.12206123613222353,0.20876640535841365,True
cross_segment_noise_baseline,zip_code,371xx,63,71,0.001562616266091227,0.0017610437284520178,0.1746031746031746,0.19718309859154928,0.16362824614926705,0.16365304958206217,0.010974928453907545,0.03353004900948711,0.022555120555579566,True
cross_segment_noise_baseline,zip_code,232xx,77,74,0.0019098643252226108,0.0018354540268373143,0.15584415584415584,0.14864864864864866,0.16362824614926705,0.16365304958206217,-0.007784090305111208,-0.015004400933413514,0.007220310628302307,True
cross_segment_noise_baseline,zip_code,338xx,73,78,0.0018106505940422154,0.0019346677580177097,0.2054794520547945,0.24358974358974358,0.16362824614926705,0.16365304958206217,0.04185120590552746,0.07993669400768141,0.03808548810215395,True
cross_segment_noise_baseline,zip_code,365xx,38,31,0.000942530446213756,0.0007689064166480641,0.10526315789473684,0.25806451612903225,0.16362824614926705,0.16365304958206217,-0.05836508825453021,0.09441146654697008,0.1527765548015003,True
cross_segment_noise_baseline,zip_code,781xx,52,38,0.0012897785053451398,0.000942530446213756,0.1346153846153846,0.21052631578947367,0.16362824614926705,0.16365304958206217,-0.02901286153388244,0.0468732662074115,0.07588612774129394,True
cross_segment_noise_baseline,zip_code,719xx,12,15,0.0002976411935411861,0.0003720514919264826,0.25,0.26666666666666666,0.16362824614926705,0.16365304958206217,0.08637175385073295,0.10301361708460449,0.01664186323387154,True
cross_segment_noise_baseline,zip_code,810xx,33,29,0.0008185132822382618,0.0007192995510578664,0.21212121212121213,0.1724137931034483,0.16362824614926705,0.16365304958206217,0.04849296597194508,0.008760743521386116,0.03973222245055896,True
cross_segment_noise_baseline,zip_code,161xx,9,9,0.0002232308951558896,0.0002232308951558896,0.1111111111111111,0.0,0.16362824614926705,0.16365304958206217,-0.05251713503815594,-0.16365304958206217,0.11113591454390623,True
cross_segment_noise_baseline,zip_code,130xx,76,69,0.001885060892427512,0.0017114368628618202,0.17105263157894737,0.2898550724637681,0.16362824614926705,0.16365304958206217,0.007424385429680325,0.12620202288170596,0.11877763745202563,True
cross_segment_noise_baseline,zip_code,011xx,16,21,0.00039685492472158146,0.0005208720886970756,0.3125,0.23809523809523808,0.16362824614926705,0.16365304958206217,0.14887175385073295,0.07444218851317591,0.07442956533755704,True
cross_segment_noise_baseline,zip_code,141xx,29,36,0.0007192995510578664,0.0008929235806235583,0.20689655172413793,0.16666666666666666,0.16362824614926705,0.16365304958206217,0.04326830557487088,0.0030136170846044863,0.040254688490266394,True
cross_segment_noise_baseline,zip_code,531xx,80,76,0.0019842746236079073,0.001885060892427512,0.1375,0.21052631578947367,0.16362824614926705,0.16365304958206217,-0.026128246149267037,0.0468732662074115,0.07300151235667854,True
cross_segment_noise_baseline,zip_code,153xx,20,25,0.0004960686559019768,0.0006200858198774711,0.35,0.24,0.16362824614926705,0.16365304958206217,0.18637175385073293,0.07634695041793782,0.11002480343279511,True
cross_segment_noise_baseline,zip_code,134xx,41,29,0.0010169407445990526,0.0007192995510578664,0.07317073170731707,0.2413793103448276,0.16362824614926705,0.16365304958206217,-0.09045751444194998,0.07772626076276543,0.1681837752047154,True
cross_segment_noise_baseline,zip_code,937xx,55,61,0.0013641888037304363,0.0015130094005010293,0.21818181818181817,0.16393442622950818,0.16362824614926705,0.16365304958206217,0.05455357203255112,0.0002813766474460133,0.05427219538510511,True
cross_segment_noise_baseline,zip_code,131xx,33,26,0.0008185132822382618,0.0006448892526725699,0.12121212121212122,0.07692307692307693,0.16362824614926705,0.16365304958206217,-0.04241612493714583,-0.08672997265898524,0.04431384772183941,True
cross_segment_noise_baseline,zip_code,139xx,4,7,9.921373118039536e-05,0.0001736240295656919,0.0,0.5714285714285714,0.16362824614926705,0.16365304958206217,-0.16362824614926705,0.4077755218465092,0.5714037679957763,True
cross_segment_noise_baseline,zip_code,325xx,90,83,0.0022323089515588956,0.002058684921993204,0.15555555555555556,0.20481927710843373,0.16362824614926705,0.16365304958206217,-0.00807269059371149,0.04116622752637156,0.04923891812008305,True
cross_segment_noise_baseline,zip_code,773xx,162,196,0.004018156112806012,0.004861472827839373,0.12345679012345678,0.12244897959183673,0.16362824614926705,0.16365304958206217,-0.040171456025810265,-0.04120406999022544,0.0010326139644151744,False
cross_segment_noise_baseline,zip_code,784xx,17,27,0.0004216583575166803,0.0006696926854676687,0.11764705882352941,0.1111111111111111,0.16362824614926705,0.16365304958206217,-0.04598118732573764,-0.052541938470951066,0.006560751145213428,True
cross_segment_noise_baseline,zip_code,065xx,56,61,0.0013889922365255352,0.0015130094005010293,0.07142857142857142,0.16393442622950818,0.16362824614926705,0.16365304958206217,-0.09219967472069562,0.0002813766474460133,0.09248105136814164,True
cross_segment_noise_baseline,zip_code,436xx,31,33,0.0007689064166480641,0.0008185132822382618,0.22580645161290322,0.24242424242424243,0.16362824614926705,0.16365304958206217,0.06217820546363617,0.07877119284218026,0.01659298737854409,True
cross_segment_noise_baseline,zip_code,672xx,53,33,0.0013145819381402387,0.0008185132822382618,0.18867924528301888,0.30303030303030304,0.16362824614926705,0.16365304958206217,0.025050999133751833,0.13937725344824087,0.11432625431448903,True
cross_segment_noise_baseline,zip_code,551xx,82,106,0.002033881489198105,0.0026291638762804773,0.1951219512195122,0.1509433962264151,0.16362824614926705,0.16365304958206217,0.031493705070245154,-0.012709653355647083,0.044203358425892236,True
cross_segment_noise_baseline,zip_code,377xx,28,27,0.0006944961182627676,0.0006696926854676687,0.32142857142857145,0.2222222222222222,0.16362824614926705,0.16365304958206217,0.1578003252793044,0.05856917264016004,0.09923115263914437,True
cross_segment_noise_baseline,zip_code,274xx,36,36,0.0008929235806235583,0.0008929235806235583,0.16666666666666666,0.19444444444444445,0.16362824614926705,0.16365304958206217,0.0030384205173996093,0.030791394862382276,0.027752974344982667,True
cross_segment_noise_baseline,zip_code,936xx,68,55,0.0016866334300667213,0.0013641888037304363,0.10294117647058823,0.10909090909090909,0.16362824614926705,0.16365304958206217,-0.06068706967867882,-0.054562140491153086,0.006124929187525732,True
cross_segment_noise_baseline,zip_code,785xx,78,64,0.0019346677580177097,0.0015874196988863258,0.10256410256410256,0.15625,0.16362824614926705,0.16365304958206217,-0.06106414358516449,-0.007403049582062171,0.053661094003102316,True
cross_segment_noise_baseline,zip_code,406xx,7,1,0.0001736240295656919,2.480343279509884e-05,0.14285714285714285,0.0,0.16362824614926705,0.16365304958206217,-0.0207711032921242,-0.16365304958206217,0.14288194628993797,True
cross_segment_noise_baseline,zip_code,473xx,28,22,0.0006944961182627676,0.0005456755214921746,0.21428571428571427,0.045454545454545456,0.16362824614926705,0.16365304958206217,0.050657468136447226,-0.11819850412751672,0.16885597226396393,True
cross_segment_noise_baseline,zip_code,620xx,29,25,0.0007192995510578664,0.0006200858198774711,0.1724137931034483,0.08,0.16362824614926705,0.16365304958206217,0.00878554695418124,-0.08365304958206217,0.09243859653624341,True
cross_segment_noise_baseline,zip_code,322xx,132,105,0.0032740531289530473,0.002604360443485378,0.17424242424242425,0.23809523809523808,0.16362824614926705,0.16365304958206217,0.010614178093157206,0.07444218851317591,0.0638280104200187,False
cross_segment_noise_baseline,zip_code,706xx,28,35,0.0006944961182627676,0.0008681201478284594,0.25,0.37142857142857144,0.16362824614926705,0.16365304958206217,0.08637175385073295,0.20777552184650927,0.12140376799577632,True
cross_segment_noise_baseline,zip_code,283xx,99,107,0.002455539846714785,0.002653967309075576,0.1717171717171717,0.205607476635514,0.16362824614926705,0.16365304958206217,0.008088925567904665,0.04195442705345184,0.03386550148554718,True
cross_segment_noise_baseline,zip_code,864xx,33,29,0.0008185132822382618,0.0007192995510578664,0.15151515151515152,0.27586206896551724,0.16362824614926705,0.16365304958206217,-0.012113094634115529,0.11220901938345507,0.1243221140175706,True
cross_segment_noise_baseline,zip_code,797xx,39,35,0.0009673338790088549,0.0008681201478284594,0.10256410256410256,0.11428571428571428,0.16362824614926705,0.16365304958206217,-0.06106414358516449,-0.04936733529634789,0.011696808288816599,True
cross_segment_noise_baseline,zip_code,312xx,18,13,0.0004464617903117792,0.00032244462633628494,0.2777777777777778,0.07692307692307693,0.16362824614926705,0.16365304958206217,0.11414953162851074,-0.08672997265898524,0.20087950428749599,True
cross_segment_noise_baseline,zip_code,233xx,38,41,0.000942530446213756,0.0010169407445990526,0.2894736842105263,0.1951219512195122,0.16362824614926705,0.16365304958206217,0.12584543806125928,0.03146890163745003,0.09437653642380925,True
cross_segment_noise_baseline,zip_code,662xx,91,55,0.0022571123843539947,0.0013641888037304363,0.10989010989010989,0.09090909090909091,0.16362824614926705,0.16365304958206217,-0.05373813625915716,-0.07274395867297126,0.0190058224138141,True
cross_segment_noise_baseline,zip_code,443xx,28,22,0.0006944961182627676,0.0005456755214921746,0.14285714285714285,0.18181818181818182,0.16362824614926705,0.16365304958206217,-0.0207711032921242,0.018165132236119652,0.03893623552824385,True
cross_segment_noise_baseline,zip_code,480xx,174,157,0.004315797306347198,0.003894138948830518,0.1781609195402299,0.17834394904458598,0.16362824614926705,0.16365304958206217,0.014532673390962841,0.014690899462523804,0.0001582260715609629,False
cross_segment_noise_baseline,zip_code,170xx,56,54,0.0013889922365255352,0.0013393853709353374,0.16071428571428573,0.12962962962962962,0.16362824614926705,0.16365304958206217,-0.002913960434981322,-0.03402341995243255,0.031109459517451227,True
cross_segment_noise_baseline,zip_code,385xx,23,20,0.0005704789542872734,0.0004960686559019768,0.17391304347826086,0.3,0.16362824614926705,0.16365304958206217,0.010284797328993817,0.13634695041793782,0.126062153088944,True
cross_segment_noise_baseline,zip_code,307xx,45,30,0.0011161544757794478,0.0007441029838529652,0.1111111111111111,0.16666666666666666,0.16362824614926705,0.16365304958206217,-0.05251713503815594,0.0030136170846044863,0.05553075212276043,True
cross_segment_noise_baseline,zip_code,985xx,65,69,0.0016122231316814247,0.0017114368628618202,0.16923076923076924,0.18840579710144928,0.16362824614926705,0.16365304958206217,0.005602523081502192,0.02475274751938711,0.019150224437884916,True
cross_segment_noise_baseline,zip_code,197xx,47,37,0.0011657613413696456,0.0009177270134186572,0.1276595744680851,0.16216216216216217,0.16362824614926705,0.16365304958206217,-0.03596867168118195,-0.0014908874199,0.03447778426128195,True
cross_segment_noise_baseline,zip_code,905xx,34,31,0.0008433167150333606,0.0007689064166480641,0.17647058823529413,0.06451612903225806,0.16362824614926705,0.16365304958206217,0.012842342086027081,-0.09913692054980411,0.11197926263583119,True
cross_segment_noise_baseline,zip_code,497xx,13,23,0.00032244462633628494,0.0005704789542872734,0.07692307692307693,0.30434782608695654,0.16362824614926705,0.16365304958206217,-0.08670516922619012,0.14069477650489437,0.2273999457310845,True
cross_segment_noise_baseline,zip_code,549xx,33,39,0.0008185132822382618,0.0009673338790088549,0.09090909090909091,0.15384615384615385,0.16362824614926705,0.16365304958206217,-0.07271915524017614,-0.009806895735908316,0.06291225950426782,True
cross_segment_noise_baseline,zip_code,263xx,13,9,0.00032244462633628494,0.0002232308951558896,0.3076923076923077,0.0,0.16362824614926705,0.16365304958206217,0.14406406154304066,-0.16365304958206217,0.3077171111251028,True
cross_segment_noise_baseline,zip_code,594xx,22,21,0.0005456755214921746,0.0005208720886970756,0.3181818181818182,0.0,0.16362824614926705,0.16365304958206217,0.15455357203255113,-0.16365304958206217,0.3182066216146133,True
cross_segment_noise_baseline,zip_code,650xx,13,8,0.00032244462633628494,0.00019842746236079073,0.15384615384615385,0.375,0.16362824614926705,0.16365304958206217,-0.009782092303113193,0.21134695041793783,0.22112904272105102,True
cross_segment_noise_baseline,zip_code,708xx,32,51,0.0007937098494431629,0.0012649750725500408,0.125,0.17647058823529413,0.16362824614926705,0.16365304958206217,-0.03862824614926705,0.012817538653231958,0.051445784802499006,True
cross_segment_noise_baseline,zip_code,218xx,21,16,0.0005208720886970756,0.00039685492472158146,0.14285714285714285,0.125,0.16362824614926705,0.16365304958206217,-0.0207711032921242,-0.03865304958206217,0.017881946289937972,True
cross_segment_noise_baseline,zip_code,335xx,124,112,0.0030756256665922565,0.0027779844730510704,0.25806451612903225,0.17857142857142858,0.16362824614926705,0.16365304958206217,0.0944362699797652,0.014918378989366404,0.0795178909903988,False
cross_segment_noise_baseline,zip_code,016xx,15,25,0.0003720514919264826,0.0006200858198774711,0.13333333333333333,0.24,0.16362824614926705,0.16365304958206217,-0.030294912815933717,0.07634695041793782,0.10664186323387154,True
cross_segment_noise_baseline,zip_code,447xx,21,24,0.0005208720886970756,0.0005952823870823722,0.14285714285714285,0.2916666666666667,0.16362824614926705,0.16365304958206217,-0.0207711032921242,0.12801361708460451,0.1487847203767287,True
cross_segment_noise_baseline,zip_code,108xx,20,20,0.0004960686559019768,0.0004960686559019768,0.05,0.1,0.16362824614926705,0.16365304958206217,-0.11362824614926705,-0.06365304958206217,0.04997519656720488,True
cross_segment_noise_baseline,zip_code,898xx,18,13,0.0004464617903117792,0.00032244462633628494,0.05555555555555555,0.15384615384615385,0.16362824614926705,0.16365304958206217,-0.1080726905937115,-0.009806895735908316,0.09826579485780318,True
cross_segment_noise_baseline,zip_code,880xx,30,21,0.0007441029838529652,0.0005208720886970756,0.1,0.19047619047619047,0.16362824614926705,0.16365304958206217,-0.06362824614926704,0.026823140894128294,0.09045138704339534,True
cross_segment_noise_baseline,zip_code,537xx,28,19,0.0006944961182627676,0.000471265223106878,0.10714285714285714,0.15789473684210525,0.16362824614926705,0.16365304958206217,-0.05648538900640991,-0.005758312739956917,0.050727076266452995,True
cross_segment_noise_baseline,zip_code,368xx,44,32,0.001091351042984349,0.0007937098494431629,0.2727272727272727,0.1875,0.16362824614926705,0.16365304958206217,0.10909902657800566,0.02384695041793783,0.08525207616006783,True
cross_segment_noise_baseline,zip_code,376xx,35,24,0.0008681201478284594,0.0005952823870823722,0.2,0.375,0.16362824614926705,0.16365304958206217,0.03637175385073296,0.21134695041793783,0.17497519656720487,True
cross_segment_noise_baseline,zip_code,282xx,126,130,0.003125232532182454,0.0032244462633628495,0.19047619047619047,0.16923076923076924,0.16362824614926705,0.16365304958206217,0.026847944326923417,0.005577719648707069,0.02127022467821635,False
cross_segment_noise_baseline,zip_code,720xx,48,49,0.0011905647741647443,0.0012153682069598432,0.25,0.16326530612244897,0.16362824614926705,0.16365304958206217,0.08637175385073295,-0.00038774345961320456,0.08675949731034616,True
cross_segment_noise_baseline,zip_code,612xx,19,24,0.000471265223106878,0.0005952823870823722,0.10526315789473684,0.041666666666666664,0.16362824614926705,0.16365304958206217,-0.05836508825453021,-0.12198638291539551,0.0636212946608653,True
cross_segment_noise_baseline,zip_code,922xx,109,117,0.002703574174665774,0.0029020016370265643,0.1651376146788991,0.1282051282051282,0.16362824614926705,0.16365304958206217,0.0015093685296320436,-0.03544792137693398,0.03695728990656602,False
cross_segment_noise_baseline,zip_code,778xx,31,25,0.0007689064166480641,0.0006200858198774711,0.06451612903225806,0.24,0.16362824614926705,0.16365304958206217,-0.09911211711700899,0.07634695041793782,0.1754590675349468,True
cross_segment_noise_baseline,zip_code,993xx,48,43,0.0011905647741647443,0.0010665476101892502,0.14583333333333334,0.11627906976744186,0.16362824614926705,0.16365304958206217,-0.017794912815933706,-0.04737397981462031,0.029579066998686607,True
cross_segment_noise_baseline,zip_code,756xx,19,28,0.000471265223106878,0.0006944961182627676,0.21052631578947367,0.14285714285714285,0.16362824614926705,0.16365304958206217,0.046898069640206624,-0.020795906724919322,0.06769397636512595,True
cross_segment_noise_baseline,zip_code,150xx,50,50,0.0012401716397549421,0.0012401716397549421,0.14,0.16,0.16362824614926705,0.16365304958206217,-0.023628246149267035,-0.003653049582062168,0.019975196567204867,True
cross_segment_noise_baseline,zip_code,245xx,46,40,0.0011409579085745467,0.0009921373118039537,0.15217391304347827,0.225,0.16362824614926705,0.16365304958206217,-0.011454333105788778,0.061346950417937834,0.07280128352372661,True
cross_segment_noise_baseline,zip_code,313xx,29,37,0.0007192995510578664,0.0009177270134186572,0.10344827586206896,0.13513513513513514,0.16362824614926705,0.16365304958206217,-0.060179970287198084,-0.02851791444692703,0.031662055840271056,True
cross_segment_noise_baseline,zip_code,354xx,31,19,0.0007689064166480641,0.000471265223106878,0.0967741935483871,0.10526315789473684,0.16362824614926705,0.16365304958206217,-0.06685405260087995,-0.058389891687325335,0.00846416091355462,True
cross_segment_noise_baseline,zip_code,066xx,34,40,0.0008433167150333606,0.0009921373118039537,0.20588235294117646,0.15,0.16362824614926705,0.16365304958206217,0.04225410679190941,-0.013653049582062177,0.05590715637397159,True
cross_segment_noise_baseline,zip_code,999xx,3,4,7.441029838529652e-05,9.921373118039536e-05,0.0,0.0,0.16362824614926705,0.16365304958206217,-0.16362824614926705,-0.16365304958206217,2.480343279512298e-05,True
cross_segment_noise_baseline,zip_code,479xx,39,25,0.0009673338790088549,0.0006200858198774711,0.20512820512820512,0.12,0.16362824614926705,0.16365304958206217,0.04149995897893807,-0.043653049582062176,0.08515300856100025,True
cross_segment_noise_baseline,zip_code,656xx,25,12,0.0006200858198774711,0.0002976411935411861,0.12,0.0,0.16362824614926705,0.16365304958206217,-0.04362824614926705,-0.16365304958206217,0.12002480343279512,True
cross_segment_noise_baseline,zip_code,074xx,76,74,0.001885060892427512,0.0018354540268373143,0.13157894736842105,0.21621621621621623,0.16362824614926705,0.16365304958206217,-0.032049298780846,0.05256316663415406,0.08461246541500006,True
cross_segment_noise_baseline,zip_code,017xx,53,50,0.0013145819381402387,0.0012401716397549421,0.09433962264150944,0.16,0.16362824614926705,0.16365304958206217,-0.06928862350775761,-0.003653049582062168,0.06563557392569544,True
cross_segment_noise_baseline,zip_code,156xx,33,37,0.0008185132822382618,0.0009177270134186572,0.12121212121212122,0.2972972972972973,0.16362824614926705,0.16365304958206217,-0.04241612493714583,0.13364424771523514,0.17606037265238098,True
cross_segment_noise_baseline,zip_code,847xx,15,24,0.0003720514919264826,0.0005952823870823722,0.4,0.125,0.16362824614926705,0.16365304958206217,0.23637175385073297,-0.03865304958206217,0.2750248034327951,True
cross_segment_noise_baseline,zip_code,940xx,172,169,0.004266190440757001,0.004191780142371704,0.12790697674418605,0.15384615384615385,0.16362824614926705,0.16365304958206217,-0.035721269405080996,-0.009806895735908316,0.02591437366917268,False
cross_segment_noise_baseline,zip_code,796xx,15,11,0.0003720514919264826,0.0002728377607460873,0.0,0.18181818181818182,0.16362824614926705,0.16365304958206217,-0.16362824614926705,0.018165132236119652,0.1817933783853867,True
cross_segment_noise_baseline,zip_code,246xx,7,7,0.0001736240295656919,0.0001736240295656919,0.5714285714285714,0.2857142857142857,0.16362824614926705,0.16365304958206217,0.4078003252793043,0.12206123613222353,0.2857390891470808,True
cross_segment_noise_baseline,zip_code,931xx,30,33,0.0007441029838529652,0.0008185132822382618,0.2,0.030303030303030304,0.16362824614926705,0.16365304958206217,0.03637175385073296,-0.13335001927903187,0.16972177312976483,True
cross_segment_noise_baseline,zip_code,373xx,61,49,0.0015130094005010293,0.0012153682069598432,0.2459016393442623,0.14285714285714285,0.16362824614926705,0.16365304958206217,0.08227339319499524,-0.020795906724919322,0.10306929991991456,True
cross_segment_noise_baseline,zip_code,296xx,96,100,0.0023811295483294886,0.0024803432795098843,0.10416666666666667,0.12,0.16362824614926705,0.16365304958206217,-0.05946157948260038,-0.043653049582062176,0.0158085299005382,True
cross_segment_noise_baseline,zip_code,195xx,32,34,0.0007937098494431629,0.0008433167150333606,0.1875,0.20588235294117646,0.16362824614926705,0.16365304958206217,0.023871753850732952,0.04222930335911429,0.018357549508381338,True
cross_segment_noise_baseline,zip_code,570xx,23,17,0.0005704789542872734,0.0004216583575166803,0.21739130434782608,0.23529411764705882,0.16362824614926705,0.16365304958206217,0.05376305819855903,0.07164106806499665,0.017878009866437616,True
cross_segment_noise_baseline,zip_code,222xx,44,42,0.001091351042984349,0.0010417441773941513,0.11363636363636363,0.11904761904761904,0.16362824614926705,0.16365304958206217,-0.049991882512903416,-0.04460543053444313,0.0053864519784602855,True
cross_segment_noise_baseline,zip_code,806xx,38,35,0.000942530446213756,0.0008681201478284594,0.05263157894736842,0.14285714285714285,0.16362824614926705,0.16365304958206217,-0.11099666720189863,-0.020795906724919322,0.09020076047697931,True
cross_segment_noise_baseline,zip_code,151xx,55,52,0.0013641888037304363,0.0012897785053451398,0.32727272727272727,0.17307692307692307,0.16362824614926705,0.16365304958206217,0.16364448112346022,0.009423873494860902,0.15422060762859932,True
cross_segment_noise_baseline,zip_code,029xx,52,52,0.0012897785053451398,0.0012897785053451398,0.28846153846153844,0.17307692307692307,0.16362824614926705,0.16365304958206217,0.12483329231227139,0.009423873494860902,0.11540941881741049,True
cross_segment_noise_baseline,zip_code,198xx,21,25,0.0005208720886970756,0.0006200858198774711,0.09523809523809523,0.24,0.16362824614926705,0.16365304958206217,-0.06839015091117182,0.07634695041793782,0.14473710132910964,True
cross_segment_noise_baseline,zip_code,475xx,10,7,0.0002480343279509884,0.0001736240295656919,0.2,0.0,0.16362824614926705,0.16365304958206217,0.03637175385073296,-0.16365304958206217,0.20002480343279513,True
cross_segment_noise_baseline,zip_code,351xx,42,35,0.0010417441773941513,0.0008681201478284594,0.23809523809523808,0.08571428571428572,0.16362824614926705,0.16365304958206217,0.07446699194597103,-0.07793876386777646,0.1524057558137475,True
cross_segment_noise_baseline,zip_code,229xx,34,29,0.0008433167150333606,0.0007192995510578664,0.11764705882352941,0.1724137931034483,0.16362824614926705,0.16365304958206217,-0.04598118732573764,0.008760743521386116,0.054741930847123754,True
cross_segment_noise_baseline,zip_code,403xx,21,28,0.0005208720886970756,0.0006944961182627676,0.14285714285714285,0.21428571428571427,0.16362824614926705,0.16365304958206217,-0.0207711032921242,0.0506326647036521,0.0714037679957763,True
cross_segment_noise_baseline,zip_code,793xx,11,15,0.0002728377607460873,0.0003720514919264826,0.18181818181818182,0.06666666666666667,0.16362824614926705,0.16365304958206217,0.018189935668914775,-0.0969863829153955,0.11517631858431028,True
cross_segment_noise_baseline,zip_code,721xx,34,38,0.0008433167150333606,0.000942530446213756,0.14705882352941177,0.13157894736842105,0.16362824614926705,0.16365304958206217,-0.01656942261985528,-0.032074102213641126,0.015504679593785847,True
cross_segment_noise_baseline,zip_code,407xx,6,5,0.00014882059677059304,0.0001240171639754942,0.3333333333333333,0.2,0.16362824614926705,0.16365304958206217,0.16970508718406627,0.03634695041793784,0.13335813676612843,True
cross_segment_noise_baseline,zip_code,167xx,8,2,0.00019842746236079073,4.960686559019768e-05,0.25,0.0,0.16362824614926705,0.16365304958206217,0.08637175385073295,-0.16365304958206217,0.2500248034327951,True
cross_segment_noise_baseline,zip_code,615xx,24,17,0.0005952823870823722,0.0004216583575166803,0.125,0.058823529411764705,0.16362824614926705,0.16365304958206217,-0.03862824614926705,-0.10482952017029747,0.06620127402103042,True
cross_segment_noise_baseline,zip_code,244xx,15,23,0.0003720514919264826,0.0005704789542872734,0.26666666666666666,0.13043478260869565,0.16362824614926705,0.16365304958206217,0.10303842051739961,-0.03321826697336652,0.13625668749076614,True
cross_segment_noise_baseline,zip_code,262xx,9,10,0.0002232308951558896,0.0002480343279509884,0.0,0.0,0.16362824614926705,0.16365304958206217,-0.16362824614926705,-0.16365304958206217,2.480343279512298e-05,True
cross_segment_noise_baseline,zip_code,992xx,47,38,0.0011657613413696456,0.000942530446213756,0.19148936170212766,0.13157894736842105,0.16362824614926705,0.16365304958206217,0.02786111555286061,-0.032074102213641126,0.059935217766501736,True
cross_segment_noise_baseline,zip_code,364xx,5,5,0.0001240171639754942,0.0001240171639754942,0.2,0.0,0.16362824614926705,0.16365304958206217,0.03637175385073296,-0.16365304958206217,0.20002480343279513,True
cross_segment_noise_baseline,zip_code,147xx,17,21,0.0004216583575166803,0.0005208720886970756,0.35294117647058826,0.23809523809523808,0.16362824614926705,0.16365304958206217,0.1893129303213212,0.07444218851317591,0.1148707418081453,True
cross_segment_noise_baseline,zip_code,145xx,41,49,0.0010169407445990526,0.0012153682069598432,0.1951219512195122,0.08163265306122448,0.16362824614926705,0.16365304958206217,0.031493705070245154,-0.08202039652083769,0.11351410159108284,True
cross_segment_noise_baseline,zip_code,546xx,14,23,0.0003472480591313838,0.0005704789542872734,0.21428571428571427,0.043478260869565216,0.16362824614926705,0.16365304958206217,0.050657468136447226,-0.12017478871249695,0.17083225684894418,True
cross_segment_noise_baseline,zip_code,442xx,80,73,0.0019842746236079073,0.0018106505940422154,0.2,0.1917808219178082,0.16362824614926705,0.16365304958206217,0.03637175385073296,0.028127772335746037,0.008243981514986926,True
cross_segment_noise_baseline,zip_code,469xx,22,26,0.0005456755214921746,0.0006448892526725699,0.36363636363636365,0.11538461538461539,0.16362824614926705,0.16365304958206217,0.2000081174870966,-0.04826843419744678,0.24827655168454338,True
cross_segment_noise_baseline,zip_code,450xx,65,69,0.0016122231316814247,0.0017114368628618202,0.1076923076923077,0.15942028985507245,0.16362824614926705,0.16365304958206217,-0.05593593845695935,-0.004232759726989721,0.05170317872996963,True
cross_segment_noise_baseline,zip_code,826xx,18,21,0.0004464617903117792,0.0005208720886970756,0.1111111111111111,0.09523809523809523,0.16362824614926705,0.16365304958206217,-0.05251713503815594,-0.06841495434396694,0.015897819305810995,True
cross_segment_noise_baseline,zip_code,076xx,107,100,0.002653967309075576,0.0024803432795098843,0.14953271028037382,0.19,0.16362824614926705,0.16365304958206217,-0.014095535868893228,0.02634695041793783,0.04044248628683106,False
cross_segment_noise_baseline,zip_code,163xx,10,14,0.0002480343279509884,0.0003472480591313838,0.1,0.2857142857142857,0.16362824614926705,0.16365304958206217,-0.06362824614926704,0.12206123613222353,0.18568948228149057,True
cross_segment_noise_baseline,zip_code,380xx,65,60,0.0016122231316814247,0.0014882059677059304,0.2,0.26666666666666666,0.16362824614926705,0.16365304958206217,0.03637175385073296,0.10301361708460449,0.06664186323387153,True
cross_segment_noise_baseline,zip_code,456xx,34,33,0.0008433167150333606,0.0008185132822382618,0.23529411764705882,0.21212121212121213,0.16362824614926705,0.16365304958206217,0.07166587149779177,0.048468162539149956,0.023197708958641816,True
cross_segment_noise_baseline,zip_code,467xx,29,29,0.0007192995510578664,0.0007192995510578664,0.20689655172413793,0.20689655172413793,0.16362824614926705,0.16365304958206217,0.04326830557487088,0.04324350214207576,2.480343279512298e-05,True
cross_segment_noise_baseline,zip_code,769xx,13,15,0.00032244462633628494,0.0003720514919264826,0.0,0.13333333333333333,0.16362824614926705,0.16365304958206217,-0.16362824614926705,-0.03031971624872884,0.1333085299005382,True
cross_segment_noise_baseline,zip_code,944xx,27,28,0.0006696926854676687,0.0006944961182627676,0.07407407407407407,0.10714285714285714,0.16362824614926705,0.16365304958206217,-0.08955417207519298,-0.056510192439205034,0.033043979635987944,True
cross_segment_noise_baseline,zip_code,253xx,11,13,0.0002728377607460873,0.00032244462633628494,0.09090909090909091,0.07692307692307693,0.16362824614926705,0.16365304958206217,-0.07271915524017614,-0.08672997265898524,0.014010817418809107,True
cross_segment_noise_baseline,zip_code,175xx,28,38,0.0006944961182627676,0.000942530446213756,0.14285714285714285,0.13157894736842105,0.16362824614926705,0.16365304958206217,-0.0207711032921242,-0.032074102213641126,0.011302998921516927,True
cross_segment_noise_baseline,zip_code,063xx,40,44,0.0009921373118039537,0.001091351042984349,0.225,0.18181818181818182,0.16362824614926705,0.16365304958206217,0.06137175385073296,0.018165132236119652,0.043206621614613305,True
cross_segment_noise_baseline,zip_code,776xx,15,25,0.0003720514919264826,0.0006200858198774711,0.13333333333333333,0.16,0.16362824614926705,0.16365304958206217,-0.030294912815933717,-0.003653049582062168,0.02664186323387155,True
cross_segment_noise_baseline,zip_code,617xx,33,24,0.0008185132822382618,0.0005952823870823722,0.030303030303030304,0.125,0.16362824614926705,0.16365304958206217,-0.13332521584623674,-0.03865304958206217,0.09467216626417457,True
cross_segment_noise_baseline,zip_code,724xx,10,19,0.0002480343279509884,0.000471265223106878,0.3,0.15789473684210525,0.16362824614926705,0.16365304958206217,0.13637175385073294,-0.005758312739956917,0.14213006659068986,True
cross_segment_noise_baseline,zip_code,124xx,22,31,0.0005456755214921746,0.0007689064166480641,0.09090909090909091,0.22580645161290322,0.16362824614926705,0.16365304958206217,-0.07271915524017614,0.06215340203084105,0.13487255727101718,True
cross_segment_noise_baseline,zip_code,828xx,6,8,0.00014882059677059304,0.00019842746236079073,0.16666666666666666,0.375,0.16362824614926705,0.16365304958206217,0.0030384205173996093,0.21134695041793783,0.20830852990053822,True
cross_segment_noise_baseline,zip_code,596xx,10,11,0.0002480343279509884,0.0002728377607460873,0.4,0.0,0.16362824614926705,0.16365304958206217,0.23637175385073297,-0.16365304958206217,0.4000248034327951,True
cross_segment_noise_baseline,zip_code,924xx,28,20,0.0006944961182627676,0.0004960686559019768,0.2857142857142857,0.1,0.16362824614926705,0.16365304958206217,0.12208603956501865,-0.06365304958206217,0.18573908914708082,True
cross_segment_noise_baseline,zip_code,144xx,45,54,0.0011161544757794478,0.0013393853709353374,0.2222222222222222,0.18518518518518517,0.16362824614926705,0.16365304958206217,0.05859397607295516,0.021532135603123004,0.03706184046983216,True
cross_segment_noise_baseline,zip_code,278xx,46,44,0.0011409579085745467,0.001091351042984349,0.15217391304347827,0.20454545454545456,0.16362824614926705,0.16365304958206217,-0.011454333105788778,0.04089240496339239,0.052346738069181165,True
cross_segment_noise_baseline,zip_code,860xx,28,29,0.0006944961182627676,0.0007192995510578664,0.14285714285714285,0.2413793103448276,0.16362824614926705,0.16365304958206217,-0.0207711032921242,0.07772626076276543,0.09849736405488962,True
cross_segment_noise_baseline,zip_code,661xx,12,13,0.0002976411935411861,0.00032244462633628494,0.08333333333333333,0.15384615384615385,0.16362824614926705,0.16365304958206217,-0.08029491281593372,-0.009806895735908316,0.0704880170800254,True
cross_segment_noise_baseline,zip_code,199xx,42,36,0.0010417441773941513,0.0008929235806235583,0.09523809523809523,0.19444444444444445,0.16362824614926705,0.16365304958206217,-0.06839015091117182,0.030791394862382276,0.09918154577355409,True
cross_segment_noise_baseline,zip_code,121xx,38,49,0.000942530446213756,0.0012153682069598432,0.21052631578947367,0.22448979591836735,0.16362824614926705,0.16365304958206217,0.046898069640206624,0.060836746336305175,0.01393867669609855,True
cross_segment_noise_baseline,zip_code,577xx,12,22,0.0002976411935411861,0.0005456755214921746,0.08333333333333333,0.045454545454545456,0.16362824614926705,0.16365304958206217,-0.08029491281593372,-0.11819850412751672,0.037903591311582996,True
cross_segment_noise_baseline,zip_code,730xx,78,74,0.0019346677580177097,0.0018354540268373143,0.20512820512820512,0.1891891891891892,0.16362824614926705,0.16365304958206217,0.04149995897893807,0.02553613960712703,0.015963819371811044,True
cross_segment_noise_baseline,zip_code,598xx,22,18,0.0005456755214921746,0.0004464617903117792,0.045454545454545456,0.1111111111111111,0.16362824614926705,0.16365304958206217,-0.11817370069472159,-0.052541938470951066,0.06563176222377053,True
cross_segment_noise_baseline,zip_code,162xx,15,12,0.0003720514919264826,0.0002976411935411861,0.0,0.16666666666666666,0.16362824614926705,0.16365304958206217,-0.16362824614926705,0.0030136170846044863,0.16664186323387153,True
cross_segment_noise_baseline,zip_code,072xx,30,19,0.0007441029838529652,0.000471265223106878,0.23333333333333334,0.10526315789473684,0.16362824614926705,0.16365304958206217,0.06970508718406629,-0.058389891687325335,0.12809497887139162,True
cross_segment_noise_baseline,zip_code,759xx,25,22,0.0006200858198774711,0.0005456755214921746,0.08,0.2727272727272727,0.16362824614926705,0.16365304958206217,-0.08362824614926705,0.10907422314521054,0.1927024692944776,True
cross_segment_noise_baseline,zip_code,711xx,21,36,0.0005208720886970756,0.0008929235806235583,0.14285714285714285,0.1111111111111111,0.16362824614926705,0.16365304958206217,-0.0207711032921242,-0.052541938470951066,0.03177083517882687,True
cross_segment_noise_baseline,zip_code,790xx,14,18,0.0003472480591313838,0.0004464617903117792,0.14285714285714285,0.1111111111111111,0.16362824614926705,0.16365304958206217,-0.0207711032921242,-0.052541938470951066,0.03177083517882687,True
cross_segment_noise_baseline,zip_code,247xx,3,3,7.441029838529652e-05,7.441029838529652e-05,0.0,0.0,0.16362824614926705,0.16365304958206217,-0.16362824614926705,-0.16365304958206217,2.480343279512298e-05,True
cross_segment_noise_baseline,zip_code,323xx,43,51,0.0010665476101892502,0.0012649750725500408,0.20930232558139536,0.1568627450980392,0.16362824614926705,0.16365304958206217,0.04567407943212831,-0.006790304484022958,0.05246438391615127,True
cross_segment_noise_baseline,zip_code,384xx,14,15,0.0003472480591313838,0.0003720514919264826,0.14285714285714285,0.13333333333333333,0.16362824614926705,0.16365304958206217,-0.0207711032921242,-0.03031971624872884,0.00954861295660464,True
cross_segment_noise_baseline,zip_code,398xx,8,7,0.00019842746236079073,0.0001736240295656919,0.125,0.0,0.16362824614926705,0.16365304958206217,-0.03862824614926705,-0.16365304958206217,0.12502480343279512,True
cross_segment_noise_baseline,zip_code,310xx,56,53,0.0013889922365255352,0.0013145819381402387,0.10714285714285714,0.20754716981132076,0.16362824614926705,0.16365304958206217,-0.05648538900640991,0.04389412022925859,0.1003795092356685,True
cross_segment_noise_baseline,zip_code,292xx,35,37,0.0008681201478284594,0.0009177270134186572,0.14285714285714285,0.08108108108108109,0.16362824614926705,0.16365304958206217,-0.0207711032921242,-0.08257196850098109,0.06180086520885689,True
cross_segment_noise_baseline,zip_code,378xx,36,50,0.0008929235806235583,0.0012401716397549421,0.1388888888888889,0.22,0.16362824614926705,0.16365304958206217,-0.024739357260378153,0.05634695041793783,0.08108630767831598,True
cross_segment_noise_baseline,zip_code,410xx,75,78,0.0018602574596324132,0.0019346677580177097,0.2,0.14102564102564102,0.16362824614926705,0.16365304958206217,0.03637175385073296,-0.022627408556421147,0.05899916240715411,True
cross_segment_noise_baseline,zip_code,438xx,14,7,0.0003472480591313838,0.0001736240295656919,0.2857142857142857,0.2857142857142857,0.16362824614926705,0.16365304958206217,0.12208603956501865,0.12206123613222353,2.480343279512298e-05,True
cross_segment_noise_baseline,zip_code,918xx,13,16,0.00032244462633628494,0.00039685492472158146,0.15384615384615385,0.125,0.16362824614926705,0.16365304958206217,-0.009782092303113193,-0.03865304958206217,0.028870957278948978,True
cross_segment_noise_baseline,zip_code,174xx,16,22,0.00039685492472158146,0.0005456755214921746,0.3125,0.13636363636363635,0.16362824614926705,0.16365304958206217,0.14887175385073295,-0.027289413218425818,0.17616116706915877,True
cross_segment_noise_baseline,zip_code,564xx,15,15,0.0003720514919264826,0.0003720514919264826,0.2,0.13333333333333333,0.16362824614926705,0.16365304958206217,0.03637175385073296,-0.03031971624872884,0.0666914700994618,True
cross_segment_noise_baseline,zip_code,367xx,7,8,0.0001736240295656919,0.00019842746236079073,0.0,0.125,0.16362824614926705,0.16365304958206217,-0.16362824614926705,-0.03865304958206217,0.12497519656720488,True
cross_segment_noise_baseline,zip_code,548xx,14,15,0.0003472480591313838,0.0003720514919264826,0.21428571428571427,0.2,0.16362824614926705,0.16365304958206217,0.050657468136447226,0.03634695041793784,0.014310517718509386,True
cross_segment_noise_baseline,zip_code,372xx,49,54,0.0012153682069598432,0.0013393853709353374,0.12244897959183673,0.2037037037037037,0.16362824614926705,0.16365304958206217,-0.041179266557430316,0.04005065412164152,0.08122992067907184,True
cross_segment_noise_baseline,zip_code,897xx,11,10,0.0002728377607460873,0.0002480343279509884,0.09090909090909091,0.4,0.16362824614926705,0.16365304958206217,-0.07271915524017614,0.23634695041793785,0.309066105658114,True
cross_segment_noise_baseline,zip_code,639xx,5,4,0.0001240171639754942,9.921373118039536e-05,0.4,0.0,0.16362824614926705,0.16365304958206217,0.23637175385073297,-0.16365304958206217,0.4000248034327951,True
cross_segment_noise_baseline,zip_code,741xx,48,42,0.0011905647741647443,0.0010417441773941513,0.20833333333333334,0.2619047619047619,0.16362824614926705,0.16365304958206217,0.044705087184066294,0.09825171232269975,0.05354662513863345,True
cross_segment_noise_baseline,zip_code,989xx,36,30,0.0008929235806235583,0.0007441029838529652,0.1111111111111111,0.2,0.16362824614926705,0.16365304958206217,-0.05251713503815594,0.03634695041793784,0.08886408545609378,True
cross_segment_noise_baseline,zip_code,172xx,22,15,0.0005456755214921746,0.0003720514919264826,0.3181818181818182,0.2,0.16362824614926705,0.16365304958206217,0.15455357203255113,0.03634695041793784,0.11820662161461329,True
cross_segment_noise_baseline,zip_code,827xx,11,17,0.0002728377607460873,0.0004216583575166803,0.36363636363636365,0.058823529411764705,0.16362824614926705,0.16365304958206217,0.2000081174870966,-0.10482952017029747,0.3048376376573941,True
cross_segment_noise_baseline,zip_code,427xx,17,10,0.0004216583575166803,0.0002480343279509884,0.11764705882352941,0.2,0.16362824614926705,0.16365304958206217,-0.04598118732573764,0.03634695041793784,0.08232813774367548,True
cross_segment_noise_baseline,zip_code,983xx,109,104,0.002703574174665774,0.0025795570106902795,0.13761467889908258,0.14423076923076922,0.16362824614926705,0.16365304958206217,-0.02601356725018447,-0.019422280351292953,0.0065912868988915185,False
cross_segment_noise_baseline,zip_code,286xx,53,79,0.0013145819381402387,0.0019594711908128087,0.18867924528301888,0.21518987341772153,0.16362824614926705,0.16365304958206217,0.025050999133751833,0.05153682383565936,0.026485824701907523,True
cross_segment_noise_baseline,zip_code,445xx,11,12,0.0002728377607460873,0.0002976411935411861,0.36363636363636365,0.08333333333333333,0.16362824614926705,0.16365304958206217,0.2000081174870966,-0.08031971624872884,0.2803278337358254,True
cross_segment_noise_baseline,zip_code,270xx,25,29,0.0006200858198774711,0.0007192995510578664,0.2,0.2413793103448276,0.16362824614926705,0.16365304958206217,0.03637175385073296,0.07772626076276543,0.04135450691203246,True
cross_segment_noise_baseline,zip_code,359xx,22,19,0.0005456755214921746,0.000471265223106878,0.13636363636363635,0.2631578947368421,0.16362824614926705,0.16365304958206217,-0.027264609785630695,0.09950484515477992,0.12676945494041061,True
cross_segment_noise_baseline,zip_code,492xx,42,28,0.0010417441773941513,0.0006944961182627676,0.23809523809523808,0.25,0.16362824614926705,0.16365304958206217,0.07446699194597103,0.08634695041793783,0.011879958471966795,True
cross_segment_noise_baseline,zip_code,988xx,26,27,0.0006448892526725699,0.0006696926854676687,0.19230769230769232,0.1111111111111111,0.16362824614926705,0.16365304958206217,0.02867944615842527,-0.052541938470951066,0.08122138462937634,True
cross_segment_noise_baseline,zip_code,590xx,7,7,0.0001736240295656919,0.0001736240295656919,0.14285714285714285,0.0,0.16362824614926705,0.16365304958206217,-0.0207711032921242,-0.16365304958206217,0.14288194628993797,True
cross_segment_noise_baseline,zip_code,193xx,54,48,0.0013393853709353374,0.0011905647741647443,0.2037037037037037,0.08333333333333333,0.16362824614926705,0.16365304958206217,0.040075457554436644,-0.08031971624872884,0.12039517380316549,True
cross_segment_noise_baseline,zip_code,166xx,21,17,0.0005208720886970756,0.0004216583575166803,0.09523809523809523,0.23529411764705882,0.16362824614926705,0.16365304958206217,-0.06839015091117182,0.07164106806499665,0.14003121897616846,True
cross_segment_noise_baseline,zip_code,476xx,8,12,0.00019842746236079073,0.0002976411935411861,0.0,0.08333333333333333,0.16362824614926705,0.16365304958206217,-0.16362824614926705,-0.08031971624872884,0.0833085299005382,True
cross_segment_noise_baseline,zip_code,220xx,70,66,0.0017362402956569189,0.0016370265644765237,0.18571428571428572,0.16666666666666666,0.16362824614926705,0.16365304958206217,0.022086039565018672,0.0030136170846044863,0.019072422480414186,True
cross_segment_noise_baseline,zip_code,148xx,27,33,0.0006696926854676687,0.0008185132822382618,0.18518518518518517,0.12121212121212122,0.16362824614926705,0.16365304958206217,0.021556939035918127,-0.042440928369940956,0.06399786740585908,True
cross_segment_noise_baseline,zip_code,851xx,63,64,0.001562616266091227,0.0015874196988863258,0.1746031746031746,0.234375,0.16362824614926705,0.16365304958206217,0.010974928453907545,0.07072195041793783,0.059747021964030284,True
cross_segment_noise_baseline,zip_code,189xx,42,54,0.0010417441773941513,0.0013393853709353374,0.11904761904761904,0.1111111111111111,0.16362824614926705,0.16365304958206217,-0.04458062710164801,-0.052541938470951066,0.007961311369303059,True
cross_segment_noise_baseline,zip_code,216xx,20,26,0.0004960686559019768,0.0006448892526725699,0.25,0.19230769230769232,0.16362824614926705,0.16365304958206217,0.08637175385073295,0.028654642725630147,0.057717111125102805,True
cross_segment_noise_baseline,zip_code,257xx,10,9,0.0002480343279509884,0.0002232308951558896,0.1,0.1111111111111111,0.16362824614926705,0.16365304958206217,-0.06362824614926704,-0.052541938470951066,0.011086307678315976,True
cross_segment_noise_baseline,zip_code,968xx,74,89,0.0018354540268373143,0.002207505518763797,0.1891891891891892,0.1348314606741573,0.16362824614926705,0.16365304958206217,0.02556094303992215,-0.02882158890790487,0.05438253194782702,True
cross_segment_noise_baseline,zip_code,986xx,84,82,0.0020834883547883026,0.002033881489198105,0.14285714285714285,0.15853658536585366,0.16362824614926705,0.16365304958206217,-0.0207711032921242,-0.0051164642162085106,0.01565463907591569,True
cross_segment_noise_baseline,zip_code,265xx,17,26,0.0004216583575166803,0.0006448892526725699,0.11764705882352941,0.15384615384615385,0.16362824614926705,0.16365304958206217,-0.04598118732573764,-0.009806895735908316,0.03617429158982932,True
cross_segment_noise_baseline,zip_code,081xx,15,16,0.0003720514919264826,0.00039685492472158146,0.3333333333333333,0.125,0.16362824614926705,0.16365304958206217,0.16970508718406627,-0.03865304958206217,0.20835813676612844,True
cross_segment_noise_baseline,zip_code,228xx,17,19,0.0004216583575166803,0.000471265223106878,0.29411764705882354,0.21052631578947367,0.16362824614926705,0.16365304958206217,0.1304894009095565,0.0468732662074115,0.08361613470214499,True
cross_segment_noise_baseline,zip_code,803xx,14,14,0.0003472480591313838,0.0003472480591313838,0.07142857142857142,0.07142857142857142,0.16362824614926705,0.16365304958206217,-0.09219967472069562,-0.09222447815349075,2.480343279512298e-05,True
cross_segment_noise_baseline,zip_code,358xx,25,25,0.0006200858198774711,0.0006200858198774711,0.12,0.2,0.16362824614926705,0.16365304958206217,-0.04362824614926705,0.03634695041793784,0.07997519656720489,True
cross_segment_noise_baseline,zip_code,468xx,26,37,0.0006448892526725699,0.0009177270134186572,0.23076923076923078,0.1891891891891892,0.16362824614926705,0.16365304958206217,0.06714098461996373,0.02553613960712703,0.041604845012836705,True
cross_segment_noise_baseline,zip_code,306xx,52,52,0.0012897785053451398,0.0012897785053451398,0.21153846153846154,0.19230769230769232,0.16362824614926705,0.16365304958206217,0.04791021538919449,0.028654642725630147,0.01925557266356434,True
cross_segment_noise_baseline,zip_code,714xx,15,17,0.0003720514919264826,0.0004216583575166803,0.06666666666666667,0.17647058823529413,0.16362824614926705,0.16365304958206217,-0.09696157948260038,0.012817538653231958,0.10977911813583234,True
cross_segment_noise_baseline,zip_code,360xx,42,26,0.0010417441773941513,0.0006448892526725699,0.23809523809523808,0.23076923076923078,0.16362824614926705,0.16365304958206217,0.07446699194597103,0.06711618118716861,0.007350810758802423,True
cross_segment_noise_baseline,zip_code,458xx,23,28,0.0005704789542872734,0.0006944961182627676,0.21739130434782608,0.21428571428571427,0.16362824614926705,0.16365304958206217,0.05376305819855903,0.0506326647036521,0.00313039349490693,True
cross_segment_noise_baseline,zip_code,339xx,79,93,0.0019594711908128087,0.002306719249944192,0.21518987341772153,0.13978494623655913,0.16362824614926705,0.16365304958206217,0.05156162726845448,-0.023868103345503044,0.07542973061395752,True
cross_segment_noise_baseline,zip_code,304xx,21,8,0.0005208720886970756,0.00019842746236079073,0.14285714285714285,0.125,0.16362824614926705,0.16365304958206217,-0.0207711032921242,-0.03865304958206217,0.017881946289937972,True
cross_segment_noise_baseline,zip_code,106xx,21,13,0.0005208720886970756,0.00032244462633628494,0.047619047619047616,0.23076923076923078,0.16362824614926705,0.16365304958206217,-0.11600919853021943,0.06711618118716861,0.18312537971738804,True
cross_segment_noise_baseline,zip_code,670xx,21,25,0.0005208720886970756,0.0006200858198774711,0.047619047619047616,0.04,0.16362824614926705,0.16365304958206217,-0.11600919853021943,-0.12365304958206216,0.007643851051842732,True
cross_segment_noise_baseline,zip_code,496xx,26,17,0.0006448892526725699,0.0004216583575166803,0.038461538461538464,0.0,0.16362824614926705,0.16365304958206217,-0.12516670768772858,-0.16365304958206217,0.03848634189433359,True
cross_segment_noise_baseline,zip_code,977xx,34,33,0.0008433167150333606,0.0008185132822382618,0.17647058823529413,0.18181818181818182,0.16362824614926705,0.16365304958206217,0.012842342086027081,0.018165132236119652,0.005322790150092571,True
cross_segment_noise_baseline,zip_code,611xx,21,18,0.0005208720886970756,0.0004464617903117792,0.19047619047619047,0.2777777777777778,0.16362824614926705,0.16365304958206217,0.026847944326923417,0.11412472819571562,0.0872767838687922,True
cross_segment_noise_baseline,zip_code,071xx,49,47,0.0012153682069598432,0.0011657613413696456,0.20408163265306123,0.23404255319148937,0.16362824614926705,0.16365304958206217,0.04045338650379418,0.0703895036094272,0.029936117105633014,True
cross_segment_noise_baseline,zip_code,449xx,7,16,0.0001736240295656919,0.00039685492472158146,0.0,0.0625,0.16362824614926705,0.16365304958206217,-0.16362824614926705,-0.10115304958206217,0.06247519656720488,True
cross_segment_noise_baseline,zip_code,356xx,39,29,0.0009673338790088549,0.0007192995510578664,0.28205128205128205,0.3103448275862069,0.16362824614926705,0.16365304958206217,0.118423035902015,0.14669177800414474,0.028268742102129735,True
cross_segment_noise_baseline,zip_code,084xx,7,7,0.0001736240295656919,0.0001736240295656919,0.0,0.0,0.16362824614926705,0.16365304958206217,-0.16362824614926705,-0.16365304958206217,2.480343279512298e-05,True
cross_segment_noise_baseline,zip_code,140xx,65,81,0.0016122231316814247,0.002009078056403006,0.16923076923076924,0.19753086419753085,0.16362824614926705,0.16365304958206217,0.005602523081502192,0.03387781461546868,0.02827529153396649,True
cross_segment_noise_baseline,zip_code,177xx,13,10,0.00032244462633628494,0.0002480343279509884,0.23076923076923078,0.3,0.16362824614926705,0.16365304958206217,0.06714098461996373,0.13634695041793782,0.06920596579797408,True
cross_segment_noise_baseline,zip_code,225xx,32,42,0.0007937098494431629,0.0010417441773941513,0.1875,0.14285714285714285,0.16362824614926705,0.16365304958206217,0.023871753850732952,-0.020795906724919322,0.044667660575652274,True
cross_segment_noise_baseline,zip_code,567xx,9,16,0.0002232308951558896,0.00039685492472158146,0.2222222222222222,0.0625,0.16362824614926705,0.16365304958206217,0.05859397607295516,-0.10115304958206217,0.15974702565501733,True
cross_segment_noise_baseline,zip_code,287xx,47,46,0.0011657613413696456,0.0011409579085745467,0.1702127659574468,0.17391304347826086,0.16362824614926705,0.16365304958206217,0.006584519808179756,0.010259993896198694,0.0036754740880189374,True
cross_segment_noise_baseline,zip_code,495xx,44,30,0.001091351042984349,0.0007441029838529652,0.11363636363636363,0.16666666666666666,0.16362824614926705,0.16365304958206217,-0.049991882512903416,0.0030136170846044863,0.0530054995975079,True
cross_segment_noise_baseline,zip_code,654xx,8,6,0.00019842746236079073,0.00014882059677059304,0.125,0.0,0.16362824614926705,0.16365304958206217,-0.03862824614926705,-0.16365304958206217,0.12502480343279512,True
cross_segment_noise_baseline,zip_code,318xx,7,15,0.0001736240295656919,0.0003720514919264826,0.0,0.13333333333333333,0.16362824614926705,0.16365304958206217,-0.16362824614926705,-0.03031971624872884,0.1333085299005382,True
cross_segment_noise_baseline,zip_code,227xx,13,19,0.00032244462633628494,0.000471265223106878,0.23076923076923078,0.21052631578947367,0.16362824614926705,0.16365304958206217,0.06714098461996373,0.0468732662074115,0.020267718412552232,True
cross_segment_noise_baseline,zip_code,534xx,12,15,0.0002976411935411861,0.0003720514919264826,0.4166666666666667,0.4,0.16362824614926705,0.16365304958206217,0.25303842051739966,0.23634695041793785,0.016691470099461814,True
cross_segment_noise_baseline,zip_code,487xx,12,18,0.0002976411935411861,0.0004464617903117792,0.0,0.3333333333333333,0.16362824614926705,0.16365304958206217,-0.16362824614926705,0.16968028375127114,0.33330852990053816,True
cross_segment_noise_baseline,zip_code,129xx,25,25,0.0006200858198774711,0.0006200858198774711,0.24,0.12,0.16362824614926705,0.16365304958206217,0.07637175385073294,-0.043653049582062176,0.12002480343279512,True
cross_segment_noise_baseline,zip_code,767xx,18,11,0.0004464617903117792,0.0002728377607460873,0.16666666666666666,0.2727272727272727,0.16362824614926705,0.16365304958206217,0.0030384205173996093,0.10907422314521054,0.10603580262781093,True
cross_segment_noise_baseline,zip_code,137xx,14,12,0.0003472480591313838,0.0002976411935411861,0.2857142857142857,0.25,0.16362824614926705,0.16365304958206217,0.12208603956501865,0.08634695041793783,0.03573908914708082,True
cross_segment_noise_baseline,zip_code,607xx,14,23,0.0003472480591313838,0.0005704789542872734,0.21428571428571427,0.17391304347826086,0.16362824614926705,0.16365304958206217,0.050657468136447226,0.010259993896198694,0.04039747424024853,True
cross_segment_noise_baseline,zip_code,126xx,11,8,0.0002728377607460873,0.00019842746236079073,0.18181818181818182,0.375,0.16362824614926705,0.16365304958206217,0.018189935668914775,0.21134695041793783,0.19315701474902305,True
cross_segment_noise_baseline,zip_code,439xx,20,12,0.0004960686559019768,0.0002976411935411861,0.15,0.25,0.16362824614926705,0.16365304958206217,-0.013628246149267054,0.08634695041793783,0.09997519656720488,True
cross_segment_noise_baseline,zip_code,366xx,15,24,0.0003720514919264826,0.0005952823870823722,0.13333333333333333,0.20833333333333334,0.16362824614926705,0.16365304958206217,-0.030294912815933717,0.04468028375127117,0.07497519656720489,True
cross_segment_noise_baseline,zip_code,079xx,22,30,0.0005456755214921746,0.0007441029838529652,0.09090909090909091,0.2,0.16362824614926705,0.16365304958206217,-0.07271915524017614,0.03634695041793784,0.10906610565811398,True
cross_segment_noise_baseline,zip_code,288xx,17,9,0.0004216583575166803,0.0002232308951558896,0.23529411764705882,0.0,0.16362824614926705,0.16365304958206217,0.07166587149779177,-0.16365304958206217,0.23531892107985394,True
cross_segment_noise_baseline,zip_code,914xx,53,47,0.0013145819381402387,0.0011657613413696456,0.24528301886792453,0.23404255319148937,0.16362824614926705,0.16365304958206217,0.08165477271865748,0.0703895036094272,0.011265269109230286,True
cross_segment_noise_baseline,zip_code,894xx,61,52,0.0015130094005010293,0.0012897785053451398,0.11475409836065574,0.21153846153846154,0.16362824614926705,0.16365304958206217,-0.04887414778861131,0.047885411956399365,0.09675955974501067,True
cross_segment_noise_baseline,zip_code,062xx,28,26,0.0006944961182627676,0.0006448892526725699,0.21428571428571427,0.07692307692307693,0.16362824614926705,0.16365304958206217,0.050657468136447226,-0.08672997265898524,0.13738744079543247,True
cross_segment_noise_baseline,zip_code,173xx,43,41,0.0010665476101892502,0.0010169407445990526,0.11627906976744186,0.1951219512195122,0.16362824614926705,0.16365304958206217,-0.04734917638182519,0.03146890163745003,0.07881807801927522,True
cross_segment_noise_baseline,zip_code,138xx,11,11,0.0002728377607460873,0.0002728377607460873,0.18181818181818182,0.2727272727272727,0.16362824614926705,0.16365304958206217,0.018189935668914775,0.10907422314521054,0.09088428747629576,True
cross_segment_noise_baseline,zip_code,025xx,24,19,0.0005952823870823722,0.000471265223106878,0.125,0.21052631578947367,0.16362824614926705,0.16365304958206217,-0.03862824614926705,0.0468732662074115,0.08550151235667855,True
cross_segment_noise_baseline,zip_code,979xx,3,4,7.441029838529652e-05,9.921373118039536e-05,0.3333333333333333,0.0,0.16362824614926705,0.16365304958206217,0.16970508718406627,-0.16365304958206217,0.33335813676612847,True
cross_segment_noise_baseline,zip_code,471xx,25,20,0.0006200858198774711,0.0004960686559019768,0.12,0.1,0.16362824614926705,0.16365304958206217,-0.04362824614926705,-0.06365304958206217,0.020024803432795113,True
cross_segment_noise_baseline,zip_code,666xx,26,34,0.0006448892526725699,0.0008433167150333606,0.38461538461538464,0.17647058823529413,0.16362824614926705,0.16365304958206217,0.2209871384661176,0.012817538653231958,0.20816959981288563,True
cross_segment_noise_baseline,zip_code,870xx,17,18,0.0004216583575166803,0.0004464617903117792,0.29411764705882354,0.1111111111111111,0.16362824614926705,0.16365304958206217,0.1304894009095565,-0.052541938470951066,0.18303133938050756,True
cross_segment_noise_baseline,zip_code,058xx,7,4,0.0001736240295656919,9.921373118039536e-05,0.14285714285714285,0.25,0.16362824614926705,0.16365304958206217,-0.0207711032921242,0.08634695041793783,0.10711805371006203,True
cross_segment_noise_baseline,zip_code,795xx,6,8,0.00014882059677059304,0.00019842746236079073,0.16666666666666666,0.0,0.16362824614926705,0.16365304958206217,0.0030384205173996093,-0.16365304958206217,0.16669147009946178,True
cross_segment_noise_baseline,zip_code,297xx,36,41,0.0008929235806235583,0.0010169407445990526,0.1111111111111111,0.1951219512195122,0.16362824614926705,0.16365304958206217,-0.05251713503815594,0.03146890163745003,0.08398603667560597,True
cross_segment_noise_baseline,zip_code,991xx,14,20,0.0003472480591313838,0.0004960686559019768,0.14285714285714285,0.3,0.16362824614926705,0.16365304958206217,-0.0207711032921242,0.13634695041793782,0.15711805371006202,True
cross_segment_noise_baseline,zip_code,593xx,9,1,0.0002232308951558896,2.480343279509884e-05,0.0,0.0,0.16362824614926705,0.16365304958206217,-0.16362824614926705,-0.16365304958206217,2.480343279512298e-05,True
cross_segment_noise_baseline,zip_code,764xx,11,15,0.0002728377607460873,0.0003720514919264826,0.09090909090909091,0.06666666666666667,0.16362824614926705,0.16365304958206217,-0.07271915524017614,-0.0969863829153955,0.02426722767521937,True
cross_segment_noise_baseline,zip_code,284xx,42,40,0.0010417441773941513,0.0009921373118039537,0.21428571428571427,0.2,0.16362824614926705,0.16365304958206217,0.050657468136447226,0.03634695041793784,0.014310517718509386,True
cross_segment_noise_baseline,zip_code,089xx,16,13,0.00039685492472158146,0.00032244462633628494,0.3125,0.15384615384615385,0.16362824614926705,0.16365304958206217,0.14887175385073295,-0.009806895735908316,0.15867864958664127,True
cross_segment_noise_baseline,zip_code,671xx,9,15,0.0002232308951558896,0.0003720514919264826,0.1111111111111111,0.0,0.16362824614926705,0.16365304958206217,-0.05251713503815594,-0.16365304958206217,0.11113591454390623,True
cross_segment_noise_baseline,zip_code,223xx,57,65,0.0014137956693206339,0.0016122231316814247,0.19298245614035087,0.2,0.16362824614926705,0.16365304958206217,0.02935420999108382,0.03634695041793784,0.006992740426854022,True
cross_segment_noise_baseline,zip_code,754xx,41,40,0.0010169407445990526,0.0009921373118039537,0.0975609756097561,0.25,0.16362824614926705,0.16365304958206217,-0.06606727053951095,0.08634695041793783,0.15241422095744878,True
cross_segment_noise_baseline,zip_code,032xx,15,30,0.0003720514919264826,0.0007441029838529652,0.06666666666666667,0.1,0.16362824614926705,0.16365304958206217,-0.09696157948260038,-0.06365304958206217,0.03330852990053822,True
cross_segment_noise_baseline,zip_code,082xx,31,46,0.0007689064166480641,0.0011409579085745467,0.2903225806451613,0.30434782608695654,0.16362824614926705,0.16365304958206217,0.12669433449589426,0.14069477650489437,0.014000442009000108,True
cross_segment_noise_baseline,zip_code,350xx,52,48,0.0012897785053451398,0.0011905647741647443,0.23076923076923078,0.10416666666666667,0.16362824614926705,0.16365304958206217,0.06714098461996373,-0.0594863829153955,0.12662736753535925,True
cross_segment_noise_baseline,zip_code,647xx,14,12,0.0003472480591313838,0.0002976411935411861,0.14285714285714285,0.3333333333333333,0.16362824614926705,0.16365304958206217,-0.0207711032921242,0.16968028375127114,0.19045138704339534,True
cross_segment_noise_baseline,zip_code,791xx,24,36,0.0005952823870823722,0.0008929235806235583,0.20833333333333334,0.16666666666666666,0.16362824614926705,0.16365304958206217,0.044705087184066294,0.0030136170846044863,0.04169147009946181,True
cross_segment_noise_baseline,zip_code,435xx,33,38,0.0008185132822382618,0.000942530446213756,0.12121212121212122,0.2631578947368421,0.16362824614926705,0.16365304958206217,-0.04241612493714583,0.09950484515477992,0.14192097009192575,True
cross_segment_noise_baseline,zip_code,363xx,26,31,0.0006448892526725699,0.0007689064166480641,0.34615384615384615,0.1935483870967742,0.16362824614926705,0.16365304958206217,0.1825256000045791,0.029895337514712017,0.15263026248986708,True
cross_segment_noise_baseline,zip_code,165xx,17,16,0.0004216583575166803,0.00039685492472158146,0.23529411764705882,0.125,0.16362824614926705,0.16365304958206217,0.07166587149779177,-0.03865304958206217,0.11031892107985394,True
cross_segment_noise_baseline,zip_code,155xx,7,9,0.0001736240295656919,0.0002232308951558896,0.2857142857142857,0.1111111111111111,0.16362824614926705,0.16365304958206217,0.12208603956501865,-0.052541938470951066,0.17462797803596972,True
cross_segment_noise_baseline,zip_code,264xx,4,2,9.921373118039536e-05,4.960686559019768e-05,0.0,1.0,0.16362824614926705,0.16365304958206217,-0.16362824614926705,0.8363469504179378,0.9999751965672049,True
cross_segment_noise_baseline,zip_code,881xx,10,7,0.0002480343279509884,0.0001736240295656919,0.3,0.0,0.16362824614926705,0.16365304958206217,0.13637175385073294,-0.16365304958206217,0.30002480343279514,True
cross_segment_noise_baseline,zip_code,069xx,26,14,0.0006448892526725699,0.0003472480591313838,0.07692307692307693,0.0,0.16362824614926705,0.16365304958206217,-0.08670516922619012,-0.16365304958206217,0.07694788035587205,True
cross_segment_noise_baseline,zip_code,168xx,11,13,0.0002728377607460873,0.00032244462633628494,0.09090909090909091,0.0,0.16362824614926705,0.16365304958206217,-0.07271915524017614,-0.16365304958206217,0.09093389434188603,True
cross_segment_noise_baseline,zip_code,879xx,2,0,4.960686559019768e-05,0.0,0.0,,0.16362824614926705,0.16365304958206217,-0.16362824614926705,,,True
cross_segment_noise_baseline,zip_code,599xx,16,9,0.00039685492472158146,0.0002232308951558896,0.0625,0.1111111111111111,0.16362824614926705,0.16365304958206217,-0.10112824614926705,-0.052541938470951066,0.04858630767831598,True
cross_segment_noise_baseline,zip_code,882xx,16,28,0.00039685492472158146,0.0006944961182627676,0.125,0.21428571428571427,0.16362824614926705,0.16365304958206217,-0.03862824614926705,0.0506326647036521,0.08926091085291915,True
cross_segment_noise_baseline,zip_code,798xx,7,4,0.0001736240295656919,9.921373118039536e-05,0.14285714285714285,0.0,0.16362824614926705,0.16365304958206217,-0.0207711032921242,-0.16365304958206217,0.14288194628993797,True
cross_segment_noise_baseline,zip_code,158xx,6,12,0.00014882059677059304,0.0002976411935411861,0.16666666666666666,0.0,0.16362824614926705,0.16365304958206217,0.0030384205173996093,-0.16365304958206217,0.16669147009946178,True
cross_segment_noise_baseline,zip_code,955xx,13,17,0.00032244462633628494,0.0004216583575166803,0.15384615384615385,0.17647058823529413,0.16362824614926705,0.16365304958206217,-0.009782092303113193,0.012817538653231958,0.02259963095634515,True
cross_segment_noise_baseline,zip_code,653xx,11,13,0.0002728377607460873,0.00032244462633628494,0.2727272727272727,0.23076923076923078,0.16362824614926705,0.16365304958206217,0.10909902657800566,0.06711618118716861,0.04198284539083705,True
cross_segment_noise_baseline,zip_code,609xx,22,19,0.0005456755214921746,0.000471265223106878,0.09090909090909091,0.10526315789473684,0.16362824614926705,0.16365304958206217,-0.07271915524017614,-0.058389891687325335,0.014329263552850802,True
cross_segment_noise_baseline,zip_code,846xx,19,23,0.000471265223106878,0.0005704789542872734,0.05263157894736842,0.17391304347826086,0.16362824614926705,0.16365304958206217,-0.11099666720189863,0.010259993896198694,0.12125666109809732,True
cross_segment_noise_baseline,zip_code,557xx,31,14,0.0007689064166480641,0.0003472480591313838,0.16129032258064516,0.07142857142857142,0.16362824614926705,0.16365304958206217,-0.0023379235686218913,-0.09222447815349075,0.08988655458486886,True
cross_segment_noise_baseline,zip_code,472xx,23,15,0.0005704789542872734,0.0003720514919264826,0.17391304347826086,0.26666666666666666,0.16362824614926705,0.16365304958206217,0.010284797328993817,0.10301361708460449,0.09272881975561068,True
cross_segment_noise_baseline,zip_code,136xx,34,37,0.0008433167150333606,0.0009177270134186572,0.23529411764705882,0.21621621621621623,0.16362824614926705,0.16365304958206217,0.07166587149779177,0.05256316663415406,0.019102704863637715,True
cross_segment_noise_baseline,zip_code,416xx,5,3,0.0001240171639754942,7.441029838529652e-05,0.4,0.0,0.16362824614926705,0.16365304958206217,0.23637175385073297,-0.16365304958206217,0.4000248034327951,True
cross_segment_noise_baseline,zip_code,182xx,18,14,0.0004464617903117792,0.0003472480591313838,0.2777777777777778,0.2857142857142857,0.16362824614926705,0.16365304958206217,0.11414953162851074,0.12206123613222353,0.007911704503712785,True
cross_segment_noise_baseline,zip_code,712xx,25,26,0.0006200858198774711,0.0006448892526725699,0.16,0.11538461538461539,0.16362824614926705,0.16365304958206217,-0.003628246149267045,-0.04826843419744678,0.044640188048179735,True
cross_segment_noise_baseline,zip_code,629xx,24,17,0.0005952823870823722,0.0004216583575166803,0.08333333333333333,0.17647058823529413,0.16362824614926705,0.16365304958206217,-0.08029491281593372,0.012817538653231958,0.09311245146916568,True
cross_segment_noise_baseline,zip_code,183xx,25,19,0.0006200858198774711,0.000471265223106878,0.2,0.10526315789473684,0.16362824614926705,0.16365304958206217,0.03637175385073296,-0.058389891687325335,0.0947616455380583,True
cross_segment_noise_baseline,zip_code,268xx,5,3,0.0001240171639754942,7.441029838529652e-05,0.4,0.0,0.16362824614926705,0.16365304958206217,0.23637175385073297,-0.16365304958206217,0.4000248034327951,True
cross_segment_noise_baseline,zip_code,470xx,9,13,0.0002232308951558896,0.00032244462633628494,0.0,0.07692307692307693,0.16362824614926705,0.16365304958206217,-0.16362824614926705,-0.08672997265898524,0.0768982734902818,True
cross_segment_noise_baseline,zip_code,457xx,10,15,0.0002480343279509884,0.0003720514919264826,0.1,0.2,0.16362824614926705,0.16365304958206217,-0.06362824614926704,0.03634695041793784,0.09997519656720488,True
cross_segment_noise_baseline,zip_code,355xx,16,9,0.00039685492472158146,0.0002232308951558896,0.25,0.0,0.16362824614926705,0.16365304958206217,0.08637175385073295,-0.16365304958206217,0.2500248034327951,True
cross_segment_noise_baseline,zip_code,943xx,9,11,0.0002232308951558896,0.0002728377607460873,0.1111111111111111,0.18181818181818182,0.16362824614926705,0.16365304958206217,-0.05251713503815594,0.018165132236119652,0.0706822672742756,True
cross_segment_noise_baseline,zip_code,539xx,8,13,0.00019842746236079073,0.00032244462633628494,0.0,0.23076923076923078,0.16362824614926705,0.16365304958206217,-0.16362824614926705,0.06711618118716861,0.23074442733643566,True
cross_segment_noise_baseline,zip_code,911xx,25,36,0.0006200858198774711,0.0008929235806235583,0.16,0.16666666666666666,0.16362824614926705,0.16365304958206217,-0.003628246149267045,0.0030136170846044863,0.006641863233871531,True
cross_segment_noise_baseline,zip_code,707xx,51,38,0.0012649750725500408,0.000942530446213756,0.19607843137254902,0.13157894736842105,0.16362824614926705,0.16365304958206217,0.03245018522328197,-0.032074102213641126,0.0645242874369231,True
cross_segment_noise_baseline,zip_code,673xx,5,6,0.0001240171639754942,0.00014882059677059304,0.2,0.3333333333333333,0.16362824614926705,0.16365304958206217,0.03637175385073296,0.16968028375127114,0.13330852990053818,True
cross_segment_noise_baseline,zip_code,743xx,8,7,0.00019842746236079073,0.0001736240295656919,0.25,0.0,0.16362824614926705,0.16365304958206217,0.08637175385073295,-0.16365304958206217,0.2500248034327951,True
cross_segment_noise_baseline,zip_code,820xx,27,16,0.0006696926854676687,0.00039685492472158146,0.07407407407407407,0.0625,0.16362824614926705,0.16365304958206217,-0.08955417207519298,-0.10115304958206217,0.011598877506869193,True
cross_segment_noise_baseline,zip_code,132xx,35,22,0.0008681201478284594,0.0005456755214921746,0.2,0.18181818181818182,0.16362824614926705,0.16365304958206217,0.03637175385073296,0.018165132236119652,0.01820662161461331,True
cross_segment_noise_baseline,zip_code,488xx,65,59,0.0016122231316814247,0.0014634025349108317,0.13846153846153847,0.15254237288135594,0.16362824614926705,0.16365304958206217,-0.02516670768772858,-0.011110676700706229,0.01405603098702235,True
cross_segment_noise_baseline,zip_code,149xx,5,3,0.0001240171639754942,7.441029838529652e-05,0.0,0.0,0.16362824614926705,0.16365304958206217,-0.16362824614926705,-0.16365304958206217,2.480343279512298e-05,True
cross_segment_noise_baseline,zip_code,644xx,11,12,0.0002728377607460873,0.0002976411935411861,0.36363636363636365,0.0,0.16362824614926705,0.16365304958206217,0.2000081174870966,-0.16365304958206217,0.36366116706915874,True
cross_segment_noise_baseline,zip_code,054xx,23,19,0.0005704789542872734,0.000471265223106878,0.13043478260869565,0.10526315789473684,0.16362824614926705,0.16365304958206217,-0.0331934635405714,-0.058389891687325335,0.025196428146753935,True
cross_segment_noise_baseline,zip_code,623xx,9,2,0.0002232308951558896,4.960686559019768e-05,0.1111111111111111,0.0,0.16362824614926705,0.16365304958206217,-0.05251713503815594,-0.16365304958206217,0.11113591454390623,True
cross_segment_noise_baseline,zip_code,241xx,24,22,0.0005952823870823722,0.0005456755214921746,0.041666666666666664,0.09090909090909091,0.16362824614926705,0.16365304958206217,-0.12196157948260039,-0.07274395867297126,0.04921762080962913,True
cross_segment_noise_baseline,zip_code,056xx,7,11,0.0001736240295656919,0.0002728377607460873,0.2857142857142857,0.09090909090909091,0.16362824614926705,0.16365304958206217,0.12208603956501865,-0.07274395867297126,0.1948299982379899,True
cross_segment_noise_baseline,zip_code,214xx,11,24,0.0002728377607460873,0.0005952823870823722,0.36363636363636365,0.16666666666666666,0.16362824614926705,0.16365304958206217,0.2000081174870966,0.0030136170846044863,0.1969945004024921,True
cross_segment_noise_baseline,zip_code,499xx,11,7,0.0002728377607460873,0.0001736240295656919,0.18181818181818182,0.0,0.16362824614926705,0.16365304958206217,0.018189935668914775,-0.16365304958206217,0.18184298525097695,True
cross_segment_noise_baseline,zip_code,658xx,18,16,0.0004464617903117792,0.00039685492472158146,0.3888888888888889,0.125,0.16362824614926705,0.16365304958206217,0.22526064273962185,-0.03865304958206217,0.26391369232168405,True
cross_segment_noise_baseline,zip_code,012xx,16,18,0.00039685492472158146,0.0004464617903117792,0.25,0.16666666666666666,0.16362824614926705,0.16365304958206217,0.08637175385073295,0.0030136170846044863,0.08335813676612847,True
cross_segment_noise_baseline,zip_code,674xx,15,22,0.0003720514919264826,0.0005456755214921746,0.06666666666666667,0.18181818181818182,0.16362824614926705,0.16365304958206217,-0.09696157948260038,0.018165132236119652,0.11512671171872003,True
cross_segment_noise_baseline,zip_code,990xx,17,14,0.0004216583575166803,0.0003472480591313838,0.17647058823529413,0.2857142857142857,0.16362824614926705,0.16365304958206217,0.012842342086027081,0.12206123613222353,0.10921889404619645,True
cross_segment_noise_baseline,zip_code,422xx,6,8,0.00014882059677059304,0.00019842746236079073,0.3333333333333333,0.25,0.16362824614926705,0.16365304958206217,0.16970508718406627,0.08634695041793783,0.08335813676612844,True
cross_segment_noise_baseline,zip_code,638xx,12,8,0.0002976411935411861,0.00019842746236079073,0.4166666666666667,0.375,0.16362824614926705,0.16365304958206217,0.25303842051739966,0.21134695041793783,0.041691470099461836,True
cross_segment_noise_baseline,zip_code,947xx,16,23,0.00039685492472158146,0.0005704789542872734,0.125,0.043478260869565216,0.16362824614926705,0.16365304958206217,-0.03862824614926705,-0.12017478871249695,0.0815465425632299,True
cross_segment_noise_baseline,zip_code,133xx,18,15,0.0004464617903117792,0.0003720514919264826,0.16666666666666666,0.13333333333333333,0.16362824614926705,0.16365304958206217,0.0030384205173996093,-0.03031971624872884,0.03335813676612845,True
cross_segment_noise_baseline,zip_code,260xx,21,10,0.0005208720886970756,0.0002480343279509884,0.047619047619047616,0.1,0.16362824614926705,0.16365304958206217,-0.11600919853021943,-0.06365304958206217,0.052356148948157266,True
cross_segment_noise_baseline,zip_code,825xx,5,9,0.0001240171639754942,0.0002232308951558896,0.2,0.1111111111111111,0.16362824614926705,0.16365304958206217,0.03637175385073296,-0.052541938470951066,0.08891369232168403,True
cross_segment_noise_baseline,zip_code,249xx,6,9,0.00014882059677059304,0.0002232308951558896,0.16666666666666666,0.0,0.16362824614926705,0.16365304958206217,0.0030384205173996093,-0.16365304958206217,0.16669147009946178,True
cross_segment_noise_baseline,zip_code,316xx,20,22,0.0004960686559019768,0.0005456755214921746,0.15,0.09090909090909091,0.16362824614926705,0.16365304958206217,-0.013628246149267054,-0.07274395867297126,0.059115712523704206,True
cross_segment_noise_baseline,zip_code,610xx,23,29,0.0005704789542872734,0.0007192995510578664,0.30434782608695654,0.10344827586206896,0.16362824614926705,0.16365304958206217,0.1407195799376895,-0.06020477371999321,0.20092435365768269,True
cross_segment_noise_baseline,zip_code,558xx,10,18,0.0002480343279509884,0.0004464617903117792,0.1,0.16666666666666666,0.16362824614926705,0.16365304958206217,-0.06362824614926704,0.0030136170846044863,0.06664186323387153,True
cross_segment_noise_baseline,zip_code,739xx,2,4,4.960686559019768e-05,9.921373118039536e-05,0.5,0.25,0.16362824614926705,0.16365304958206217,0.3363717538507329,0.08634695041793783,0.2500248034327951,True
cross_segment_noise_baseline,zip_code,319xx,25,22,0.0006200858198774711,0.0005456755214921746,0.12,0.13636363636363635,0.16362824614926705,0.16365304958206217,-0.04362824614926705,-0.027289413218425818,0.016338832930841235,True
cross_segment_noise_baseline,zip_code,804xx,38,26,0.000942530446213756,0.0006448892526725699,0.21052631578947367,0.19230769230769232,0.16362824614926705,0.16365304958206217,0.046898069640206624,0.028654642725630147,0.018243426914576477,True
cross_segment_noise_baseline,zip_code,753xx,1,0,2.480343279509884e-05,0.0,0.0,,0.16362824614926705,0.16365304958206217,-0.16362824614926705,,,True
cross_segment_noise_baseline,zip_code,478xx,17,8,0.0004216583575166803,0.00019842746236079073,0.11764705882352941,0.25,0.16362824614926705,0.16365304958206217,-0.04598118732573764,0.08634695041793783,0.13232813774367547,True
cross_segment_noise_baseline,zip_code,571xx,26,27,0.0006448892526725699,0.0006696926854676687,0.19230769230769232,0.2962962962962963,0.16362824614926705,0.16365304958206217,0.02867944615842527,0.1326432467142341,0.10396380055580884,True
cross_segment_noise_baseline,zip_code,219xx,17,19,0.0004216583575166803,0.000471265223106878,0.29411764705882354,0.15789473684210525,0.16362824614926705,0.16365304958206217,0.1304894009095565,-0.005758312739956917,0.1362477136495134,True
cross_segment_noise_baseline,zip_code,418xx,3,3,7.441029838529652e-05,7.441029838529652e-05,0.3333333333333333,0.3333333333333333,0.16362824614926705,0.16365304958206217,0.16970508718406627,0.16968028375127114,2.480343279512298e-05,True
cross_segment_noise_baseline,zip_code,409xx,3,3,7.441029838529652e-05,7.441029838529652e-05,0.6666666666666666,0.3333333333333333,0.16362824614926705,0.16365304958206217,0.5030384205173996,0.16968028375127114,0.3333581367661284,True
cross_segment_noise_baseline,zip_code,291xx,29,13,0.0007192995510578664,0.00032244462633628494,0.10344827586206896,0.23076923076923078,0.16362824614926705,0.16365304958206217,-0.060179970287198084,0.06711618118716861,0.12729615147436668,True
cross_segment_noise_baseline,zip_code,678xx,15,12,0.0003720514919264826,0.0002976411935411861,0.26666666666666666,0.16666666666666666,0.16362824614926705,0.16365304958206217,0.10303842051739961,0.0030136170846044863,0.10002480343279513,True
cross_segment_noise_baseline,zip_code,845xx,4,6,9.921373118039536e-05,0.00014882059677059304,0.0,0.0,0.16362824614926705,0.16365304958206217,-0.16362824614926705,-0.16365304958206217,2.480343279512298e-05,True
cross_segment_noise_baseline,zip_code,597xx,27,17,0.0006696926854676687,0.0004216583575166803,0.2222222222222222,0.17647058823529413,0.16362824614926705,0.16365304958206217,0.05859397607295516,0.012817538653231958,0.045776437419723204,True
cross_segment_noise_baseline,zip_code,779xx,10,11,0.0002480343279509884,0.0002728377607460873,0.3,0.0,0.16362824614926705,0.16365304958206217,0.13637175385073294,-0.16365304958206217,0.30002480343279514,True
cross_segment_noise_baseline,zip_code,998xx,12,7,0.0002976411935411861,0.0001736240295656919,0.16666666666666666,0.0,0.16362824614926705,0.16365304958206217,0.0030384205173996093,-0.16365304958206217,0.16669147009946178,True
cross_segment_noise_baseline,zip_code,235xx,21,17,0.0005208720886970756,0.0004216583575166803,0.3333333333333333,0.11764705882352941,0.16362824614926705,0.16365304958206217,0.16970508718406627,-0.04600599075853276,0.21571107794259903,True
cross_segment_noise_baseline,zip_code,489xx,15,20,0.0003720514919264826,0.0004960686559019768,0.06666666666666667,0.05,0.16362824614926705,0.16365304958206217,-0.09696157948260038,-0.11365304958206217,0.016691470099461786,True
cross_segment_noise_baseline,zip_code,903xx,26,18,0.0006448892526725699,0.0004464617903117792,0.11538461538461539,0.1111111111111111,0.16362824614926705,0.16365304958206217,-0.04824363076465166,-0.052541938470951066,0.004298307706299409,True
cross_segment_noise_baseline,zip_code,255xx,13,21,0.00032244462633628494,0.0005208720886970756,0.15384615384615385,0.23809523809523808,0.16362824614926705,0.16365304958206217,-0.009782092303113193,0.07444218851317591,0.0842242808162891,True
cross_segment_noise_baseline,zip_code,748xx,15,11,0.0003720514919264826,0.0002728377607460873,0.26666666666666666,0.2727272727272727,0.16362824614926705,0.16365304958206217,0.10303842051739961,0.10907422314521054,0.006035802627810921,True
cross_segment_noise_baseline,zip_code,101xx,14,13,0.0003472480591313838,0.00032244462633628494,0.14285714285714285,0.07692307692307693,0.16362824614926705,0.16365304958206217,-0.0207711032921242,-0.08672997265898524,0.06595886936686104,True
cross_segment_noise_baseline,zip_code,184xx,25,21,0.0006200858198774711,0.0005208720886970756,0.24,0.09523809523809523,0.16362824614926705,0.16365304958206217,0.07637175385073294,-0.06841495434396694,0.14478670819469988,True
cross_segment_noise_baseline,zip_code,648xx,18,24,0.0004464617903117792,0.0005952823870823722,0.1111111111111111,0.25,0.16362824614926705,0.16365304958206217,-0.05251713503815594,0.08634695041793783,0.13886408545609377,True
cross_segment_noise_baseline,zip_code,309xx,22,24,0.0005456755214921746,0.0005952823870823722,0.18181818181818182,0.2916666666666667,0.16362824614926705,0.16365304958206217,0.018189935668914775,0.12801361708460451,0.10982368141568974,True
cross_segment_noise_baseline,zip_code,657xx,30,28,0.0007441029838529652,0.0006944961182627676,0.2,0.17857142857142858,0.16362824614926705,0.16365304958206217,0.03637175385073296,0.014918378989366404,0.02145337486136656,True
cross_segment_noise_baseline,zip_code,382xx,8,9,0.00019842746236079073,0.0002232308951558896,0.25,0.0,0.16362824614926705,0.16365304958206217,0.08637175385073295,-0.16365304958206217,0.2500248034327951,True
cross_segment_noise_baseline,zip_code,444xx,29,37,0.0007192995510578664,0.0009177270134186572,0.034482758620689655,0.13513513513513514,0.16362824614926705,0.16365304958206217,-0.1291454875285774,-0.02851791444692703,0.10062757308165038,True
cross_segment_noise_baseline,zip_code,258xx,4,5,9.921373118039536e-05,0.0001240171639754942,0.0,0.0,0.16362824614926705,0.16365304958206217,-0.16362824614926705,-0.16365304958206217,2.480343279512298e-05,True
cross_segment_noise_baseline,zip_code,679xx,3,1,7.441029838529652e-05,2.480343279509884e-05,0.0,0.0,0.16362824614926705,0.16365304958206217,-0.16362824614926705,-0.16365304958206217,2.480343279512298e-05,True
cross_segment_noise_baseline,zip_code,541xx,22,12,0.0005456755214921746,0.0002976411935411861,0.22727272727272727,0.08333333333333333,0.16362824614926705,0.16365304958206217,0.06364448112346022,-0.08031971624872884,0.14396419737218907,True
cross_segment_noise_baseline,zip_code,703xx,30,37,0.0007441029838529652,0.0009177270134186572,0.3,0.1891891891891892,0.16362824614926705,0.16365304958206217,0.13637175385073294,0.02553613960712703,0.11083561424360591,True
cross_segment_noise_baseline,zip_code,448xx,27,33,0.0006696926854676687,0.0008185132822382618,0.18518518518518517,0.15151515151515152,0.16362824614926705,0.16365304958206217,0.021556939035918127,-0.012137898066910652,0.03369483710282878,True
cross_segment_noise_baseline,zip_code,616xx,24,13,0.0005952823870823722,0.00032244462633628494,0.20833333333333334,0.0,0.16362824614926705,0.16365304958206217,0.044705087184066294,-0.16365304958206217,0.20835813676612847,True
cross_segment_noise_baseline,zip_code,608xx,15,12,0.0003720514919264826,0.0002976411935411861,0.2,0.08333333333333333,0.16362824614926705,0.16365304958206217,0.03637175385073296,-0.08031971624872884,0.1166914700994618,True
cross_segment_noise_baseline,zip_code,591xx,14,14,0.0003472480591313838,0.0003472480591313838,0.14285714285714285,0.14285714285714285,0.16362824614926705,0.16365304958206217,-0.0207711032921242,-0.020795906724919322,2.480343279512298e-05,True
cross_segment_noise_baseline,zip_code,737xx,8,5,0.00019842746236079073,0.0001240171639754942,0.25,0.0,0.16362824614926705,0.16365304958206217,0.08637175385073295,-0.16365304958206217,0.2500248034327951,True
cross_segment_noise_baseline,zip_code,572xx,4,9,9.921373118039536e-05,0.0002232308951558896,0.25,0.2222222222222222,0.16362824614926705,0.16365304958206217,0.08637175385073295,0.05856917264016004,0.027802581210572913,True
cross_segment_noise_baseline,zip_code,143xx,11,11,0.0002728377607460873,0.0002728377607460873,0.18181818181818182,0.2727272727272727,0.16362824614926705,0.16365304958206217,0.018189935668914775,0.10907422314521054,0.09088428747629576,True
cross_segment_noise_baseline,zip_code,625xx,15,16,0.0003720514919264826,0.00039685492472158146,0.2,0.1875,0.16362824614926705,0.16365304958206217,0.03637175385073296,0.02384695041793783,0.012524803432795134,True
cross_segment_noise_baseline,zip_code,645xx,17,11,0.0004216583575166803,0.0002728377607460873,0.11764705882352941,0.2727272727272727,0.16362824614926705,0.16365304958206217,-0.04598118732573764,0.10907422314521054,0.15505541047094817,True
cross_segment_noise_baseline,zip_code,628xx,15,16,0.0003720514919264826,0.00039685492472158146,0.2,0.1875,0.16362824614926705,0.16365304958206217,0.03637175385073296,0.02384695041793783,0.012524803432795134,True
cross_segment_noise_baseline,zip_code,807xx,11,6,0.0002728377607460873,0.00014882059677059304,0.2727272727272727,0.16666666666666666,0.16362824614926705,0.16365304958206217,0.10909902657800566,0.0030136170846044863,0.10608540949340117,True
cross_segment_noise_baseline,zip_code,050xx,7,7,0.0001736240295656919,0.0001736240295656919,0.0,0.0,0.16362824614926705,0.16365304958206217,-0.16362824614926705,-0.16365304958206217,2.480343279512298e-05,True
cross_segment_noise_baseline,zip_code,404xx,16,12,0.00039685492472158146,0.0002976411935411861,0.1875,0.08333333333333333,0.16362824614926705,0.16365304958206217,0.023871753850732952,-0.08031971624872884,0.1041914700994618,True
cross_segment_noise_baseline,zip_code,421xx,19,22,0.000471265223106878,0.0005456755214921746,0.10526315789473684,0.09090909090909091,0.16362824614926705,0.16365304958206217,-0.05836508825453021,-0.07274395867297126,0.014378870418441048,True
cross_segment_noise_baseline,zip_code,758xx,6,7,0.00014882059677059304,0.0001736240295656919,0.16666666666666666,0.0,0.16362824614926705,0.16365304958206217,0.0030384205173996093,-0.16365304958206217,0.16669147009946178,True
cross_segment_noise_baseline,zip_code,185xx,17,10,0.0004216583575166803,0.0002480343279509884,0.35294117647058826,0.2,0.16362824614926705,0.16365304958206217,0.1893129303213212,0.03634695041793784,0.15296597990338337,True
cross_segment_noise_baseline,zip_code,248xx,4,1,9.921373118039536e-05,2.480343279509884e-05,0.0,0.0,0.16362824614926705,0.16365304958206217,-0.16362824614926705,-0.16365304958206217,2.480343279512298e-05,True
cross_segment_noise_baseline,zip_code,215xx,13,13,0.00032244462633628494,0.00032244462633628494,0.15384615384615385,0.23076923076923078,0.16362824614926705,0.16365304958206217,-0.009782092303113193,0.06711618118716861,0.0768982734902818,True
cross_segment_noise_baseline,zip_code,267xx,6,8,0.00014882059677059304,0.00019842746236079073,0.16666666666666666,0.5,0.16362824614926705,0.16365304958206217,0.0030384205173996093,0.33634695041793783,0.3333085299005382,True
cross_segment_noise_baseline,zip_code,904xx,18,18,0.0004464617903117792,0.0004464617903117792,0.1111111111111111,0.0,0.16362824614926705,0.16365304958206217,-0.05251713503815594,-0.16365304958206217,0.11113591454390623,True
cross_segment_noise_baseline,zip_code,477xx,16,18,0.00039685492472158146,0.0004464617903117792,0.1875,0.2222222222222222,0.16362824614926705,0.16365304958206217,0.023871753850732952,0.05856917264016004,0.03469741878942709,True
cross_segment_noise_baseline,zip_code,634xx,9,5,0.0002232308951558896,0.0001240171639754942,0.1111111111111111,0.4,0.16362824614926705,0.16365304958206217,-0.05251713503815594,0.23634695041793785,0.28886408545609377,True
cross_segment_noise_baseline,zip_code,053xx,2,1,4.960686559019768e-05,2.480343279509884e-05,0.0,0.0,0.16362824614926705,0.16365304958206217,-0.16362824614926705,-0.16365304958206217,2.480343279512298e-05,True
cross_segment_noise_baseline,zip_code,830xx,8,3,0.00019842746236079073,7.441029838529652e-05,0.125,0.3333333333333333,0.16362824614926705,0.16365304958206217,-0.03862824614926705,0.16968028375127114,0.2083085299005382,True
cross_segment_noise_baseline,zip_code,844xx,30,18,0.0007441029838529652,0.0004464617903117792,0.06666666666666667,0.1111111111111111,0.16362824614926705,0.16365304958206217,-0.09696157948260038,-0.052541938470951066,0.044419641011649316,True
cross_segment_noise_baseline,zip_code,176xx,15,21,0.0003720514919264826,0.0005208720886970756,0.13333333333333333,0.14285714285714285,0.16362824614926705,0.16365304958206217,-0.030294912815933717,-0.020795906724919322,0.009499006091014395,True
cross_segment_noise_baseline,zip_code,637xx,16,6,0.00039685492472158146,0.00014882059677059304,0.25,0.16666666666666666,0.16362824614926705,0.16365304958206217,0.08637175385073295,0.0030136170846044863,0.08335813676612847,True
cross_segment_noise_baseline,zip_code,118xx,5,13,0.0001240171639754942,0.00032244462633628494,0.2,0.07692307692307693,0.16362824614926705,0.16365304958206217,0.03637175385073296,-0.08672997265898524,0.1231017265097182,True
cross_segment_noise_baseline,zip_code,665xx,13,19,0.00032244462633628494,0.000471265223106878,0.07692307692307693,0.15789473684210525,0.16362824614926705,0.16365304958206217,-0.08670516922619012,-0.005758312739956917,0.0809468564862332,True
cross_segment_noise_baseline,zip_code,772xx,3,5,7.441029838529652e-05,0.0001240171639754942,0.0,0.4,0.16362824614926705,0.16365304958206217,-0.16362824614926705,0.23634695041793785,0.3999751965672049,True
cross_segment_noise_baseline,zip_code,423xx,9,13,0.0002232308951558896,0.00032244462633628494,0.0,0.38461538461538464,0.16362824614926705,0.16365304958206217,-0.16362824614926705,0.22096233503332247,0.3845905811825895,True
cross_segment_noise_baseline,zip_code,562xx,13,17,0.00032244462633628494,0.0004216583575166803,0.38461538461538464,0.29411764705882354,0.16362824614926705,0.16365304958206217,0.2209871384661176,0.13046459747676137,0.09052254098935622,True
cross_segment_noise_baseline,zip_code,169xx,3,4,7.441029838529652e-05,9.921373118039536e-05,0.3333333333333333,0.25,0.16362824614926705,0.16365304958206217,0.16970508718406627,0.08634695041793783,0.08335813676612844,True
cross_segment_noise_baseline,zip_code,454xx,38,33,0.000942530446213756,0.0008185132822382618,0.07894736842105263,0.2727272727272727,0.16362824614926705,0.16365304958206217,-0.08468087772821442,0.10907422314521054,0.19375510087342496,True
cross_segment_noise_baseline,zip_code,013xx,8,17,0.00019842746236079073,0.0004216583575166803,0.25,0.4117647058823529,0.16362824614926705,0.16365304958206217,0.08637175385073295,0.24811165630029075,0.1617399024495578,True
cross_segment_noise_baseline,zip_code,486xx,25,33,0.0006200858198774711,0.0008185132822382618,0.36,0.18181818181818182,0.16362824614926705,0.16365304958206217,0.19637175385073294,0.018165132236119652,0.1782066216146133,True
cross_segment_noise_baseline,zip_code,777xx,9,8,0.0002232308951558896,0.00019842746236079073,0.3333333333333333,0.125,0.16362824614926705,0.16365304958206217,0.16970508718406627,-0.03865304958206217,0.20835813676612844,True
cross_segment_noise_baseline,zip_code,243xx,9,15,0.0002232308951558896,0.0003720514919264826,0.1111111111111111,0.06666666666666667,0.16362824614926705,0.16365304958206217,-0.05251713503815594,-0.0969863829153955,0.04446924787723956,True
cross_segment_noise_baseline,zip_code,566xx,6,10,0.00014882059677059304,0.0002480343279509884,0.0,0.1,0.16362824614926705,0.16365304958206217,-0.16362824614926705,-0.06365304958206217,0.09997519656720488,True
cross_segment_noise_baseline,zip_code,251xx,7,4,0.0001736240295656919,9.921373118039536e-05,0.14285714285714285,0.0,0.16362824614926705,0.16365304958206217,-0.0207711032921242,-0.16365304958206217,0.14288194628993797,True
cross_segment_noise_baseline,zip_code,812xx,8,8,0.00019842746236079073,0.00019842746236079073,0.25,0.0,0.16362824614926705,0.16365304958206217,0.08637175385073295,-0.16365304958206217,0.2500248034327951,True
cross_segment_noise_baseline,zip_code,154xx,16,13,0.00039685492472158146,0.00032244462633628494,0.1875,0.07692307692307693,0.16362824614926705,0.16365304958206217,0.023871753850732952,-0.08672997265898524,0.1106017265097182,True
cross_segment_noise_baseline,zip_code,187xx,9,18,0.0002232308951558896,0.0004464617903117792,0.0,0.05555555555555555,0.16362824614926705,0.16365304958206217,-0.16362824614926705,-0.10809749402650662,0.05553075212276043,True
cross_segment_noise_baseline,zip_code,186xx,15,29,0.0003720514919264826,0.0007192995510578664,0.4,0.20689655172413793,0.16362824614926705,0.16365304958206217,0.23637175385073297,0.04324350214207576,0.19312825170865722,True
cross_segment_noise_baseline,zip_code,256xx,4,5,9.921373118039536e-05,0.0001240171639754942,0.0,0.2,0.16362824614926705,0.16365304958206217,-0.16362824614926705,0.03634695041793784,0.1999751965672049,True
cross_segment_noise_baseline,zip_code,561xx,7,7,0.0001736240295656919,0.0001736240295656919,0.14285714285714285,0.2857142857142857,0.16362824614926705,0.16365304958206217,-0.0207711032921242,0.12206123613222353,0.14283233942434773,True
cross_segment_noise_baseline,zip_code,651xx,10,7,0.0002480343279509884,0.0001736240295656919,0.2,0.0,0.16362824614926705,0.16365304958206217,0.03637175385073296,-0.16365304958206217,0.20002480343279513,True
cross_segment_noise_baseline,zip_code,716xx,10,13,0.0002480343279509884,0.00032244462633628494,0.1,0.07692307692307693,0.16362824614926705,0.16365304958206217,-0.06362824614926704,-0.08672997265898524,0.0231017265097182,True
cross_segment_noise_baseline,zip_code,538xx,3,2,7.441029838529652e-05,4.960686559019768e-05,0.0,0.0,0.16362824614926705,0.16365304958206217,-0.16362824614926705,-0.16365304958206217,2.480343279512298e-05,True
cross_segment_noise_baseline,zip_code,498xx,10,11,0.0002480343279509884,0.0002728377607460873,0.0,0.2727272727272727,0.16362824614926705,0.16365304958206217,-0.16362824614926705,0.10907422314521054,0.2727024692944776,True
cross_segment_noise_baseline,zip_code,259xx,7,4,0.0001736240295656919,9.921373118039536e-05,0.14285714285714285,0.0,0.16362824614926705,0.16365304958206217,-0.0207711032921242,-0.16365304958206217,0.14288194628993797,True
cross_segment_noise_baseline,zip_code,159xx,22,7,0.0005456755214921746,0.0001736240295656919,0.13636363636363635,0.14285714285714285,0.16362824614926705,0.16365304958206217,-0.027264609785630695,-0.020795906724919322,0.006468703060711373,True
cross_segment_noise_baseline,zip_code,814xx,14,14,0.0003472480591313838,0.0003472480591313838,0.14285714285714285,0.0,0.16362824614926705,0.16365304958206217,-0.0207711032921242,-0.16365304958206217,0.14288194628993797,True
cross_segment_noise_baseline,zip_code,603xx,5,7,0.0001240171639754942,0.0001736240295656919,0.2,0.14285714285714285,0.16362824614926705,0.16365304958206217,0.03637175385073296,-0.020795906724919322,0.057167660575652285,True
cross_segment_noise_baseline,zip_code,915xx,19,20,0.000471265223106878,0.0004960686559019768,0.05263157894736842,0.15,0.16362824614926705,0.16365304958206217,-0.11099666720189863,-0.013653049582062177,0.09734361761983645,True
cross_segment_noise_baseline,zip_code,179xx,14,14,0.0003472480591313838,0.0003472480591313838,0.14285714285714285,0.14285714285714285,0.16362824614926705,0.16365304958206217,-0.0207711032921242,-0.020795906724919322,2.480343279512298e-05,True
cross_segment_noise_baseline,zip_code,824xx,4,5,9.921373118039536e-05,0.0001240171639754942,0.25,0.4,0.16362824614926705,0.16365304958206217,0.08637175385073295,0.23634695041793785,0.1499751965672049,True
cross_segment_noise_baseline,zip_code,491xx,9,6,0.0002232308951558896,0.00014882059677059304,0.2222222222222222,0.16666666666666666,0.16362824614926705,0.16365304958206217,0.05859397607295516,0.0030136170846044863,0.055580358988350675,True
cross_segment_noise_baseline,zip_code,250xx,8,8,0.00019842746236079073,0.00019842746236079073,0.125,0.25,0.16362824614926705,0.16365304958206217,-0.03862824614926705,0.08634695041793783,0.12497519656720488,True
cross_segment_noise_baseline,zip_code,037xx,12,7,0.0002976411935411861,0.0001736240295656919,0.16666666666666666,0.0,0.16362824614926705,0.16365304958206217,0.0030384205173996093,-0.16365304958206217,0.16669147009946178,True
cross_segment_noise_baseline,zip_code,595xx,5,8,0.0001240171639754942,0.00019842746236079073,0.0,0.125,0.16362824614926705,0.16365304958206217,-0.16362824614926705,-0.03865304958206217,0.12497519656720488,True
cross_segment_noise_baseline,zip_code,412xx,5,3,0.0001240171639754942,7.441029838529652e-05,0.2,0.6666666666666666,0.16362824614926705,0.16365304958206217,0.03637175385073296,0.5030136170846045,0.46664186323387147,True
cross_segment_noise_baseline,zip_code,675xx,9,8,0.0002232308951558896,0.00019842746236079073,0.1111111111111111,0.0,0.16362824614926705,0.16365304958206217,-0.05251713503815594,-0.16365304958206217,0.11113591454390623,True
cross_segment_noise_baseline,zip_code,556xx,2,2,4.960686559019768e-05,4.960686559019768e-05,0.0,0.0,0.16362824614926705,0.16365304958206217,-0.16362824614926705,-0.16365304958206217,2.480343279512298e-05,True
cross_segment_noise_baseline,zip_code,859xx,4,7,9.921373118039536e-05,0.0001736240295656919,0.25,0.14285714285714285,0.16362824614926705,0.16365304958206217,0.08637175385073295,-0.020795906724919322,0.10716766057565227,True
cross_segment_noise_baseline,zip_code,299xx,21,15,0.0005208720886970756,0.0003720514919264826,0.14285714285714285,0.2,0.16362824614926705,0.16365304958206217,-0.0207711032921242,0.03634695041793784,0.05711805371006204,True
cross_segment_noise_baseline,zip_code,102xx,2,3,4.960686559019768e-05,7.441029838529652e-05,0.0,0.0,0.16362824614926705,0.16365304958206217,-0.16362824614926705,-0.16365304958206217,2.480343279512298e-05,True
cross_segment_noise_baseline,zip_code,415xx,4,2,9.921373118039536e-05,4.960686559019768e-05,0.75,0.5,0.16362824614926705,0.16365304958206217,0.5863717538507329,0.33634695041793783,0.2500248034327951,True
cross_segment_noise_baseline,zip_code,127xx,12,16,0.0002976411935411861,0.00039685492472158146,0.08333333333333333,0.1875,0.16362824614926705,0.16365304958206217,-0.08029491281593372,0.02384695041793783,0.10414186323387155,True
cross_segment_noise_baseline,zip_code,573xx,12,6,0.0002976411935411861,0.00014882059677059304,0.16666666666666666,0.6666666666666666,0.16362824614926705,0.16365304958206217,0.0030384205173996093,0.5030136170846045,0.49997519656720485,True
cross_segment_noise_baseline,zip_code,383xx,16,11,0.00039685492472158146,0.0002728377607460873,0.3125,0.5454545454545454,0.16362824614926705,0.16365304958206217,0.14887175385073295,0.38180149587248324,0.2329297420217503,True
cross_segment_noise_baseline,zip_code,624xx,7,9,0.0001736240295656919,0.0002232308951558896,0.14285714285714285,0.1111111111111111,0.16362824614926705,0.16365304958206217,-0.0207711032921242,-0.052541938470951066,0.03177083517882687,True
cross_segment_noise_baseline,zip_code,873xx,4,5,9.921373118039536e-05,0.0001240171639754942,0.0,0.0,0.16362824614926705,0.16365304958206217,-0.16362824614926705,-0.16365304958206217,2.480343279512298e-05,True
cross_segment_noise_baseline,zip_code,426xx,1,7,2.480343279509884e-05,0.0001736240295656919,0.0,0.2857142857142857,0.16362824614926705,0.16365304958206217,-0.16362824614926705,0.12206123613222353,0.2856894822814906,True
cross_segment_noise_baseline,zip_code,822xx,3,3,7.441029838529652e-05,7.441029838529652e-05,0.0,0.0,0.16362824614926705,0.16365304958206217,-0.16362824614926705,-0.16365304958206217,2.480343279512298e-05,True
cross_segment_noise_baseline,zip_code,723xx,11,19,0.0002728377607460873,0.000471265223106878,0.18181818181818182,0.21052631578947367,0.16362824614926705,0.16365304958206217,0.018189935668914775,0.0468732662074115,0.028683330538496726,True
cross_segment_noise_baseline,zip_code,401xx,19,15,0.000471265223106878,0.0003720514919264826,0.10526315789473684,0.26666666666666666,0.16362824614926705,0.16365304958206217,-0.05836508825453021,0.10301361708460449,0.1613787053391347,True
cross_segment_noise_baseline,zip_code,424xx,9,6,0.0002232308951558896,0.00014882059677059304,0.1111111111111111,0.0,0.16362824614926705,0.16365304958206217,-0.05251713503815594,-0.16365304958206217,0.11113591454390623,True
cross_segment_noise_baseline,zip_code,728xx,13,7,0.00032244462633628494,0.0001736240295656919,0.07692307692307693,0.14285714285714285,0.16362824614926705,0.16365304958206217,-0.08670516922619012,-0.020795906724919322,0.0659092625012708,True
cross_segment_noise_baseline,zip_code,811xx,7,11,0.0001736240295656919,0.0002728377607460873,0.14285714285714285,0.2727272727272727,0.16362824614926705,0.16365304958206217,-0.0207711032921242,0.10907422314521054,0.12984532643733473,True
cross_segment_noise_baseline,zip_code,178xx,13,13,0.00032244462633628494,0.00032244462633628494,0.23076923076923078,0.23076923076923078,0.16362824614926705,0.16365304958206217,0.06714098461996373,0.06711618118716861,2.480343279512298e-05,True
cross_segment_noise_baseline,zip_code,783xx,12,19,0.0002976411935411861,0.000471265223106878,0.0,0.15789473684210525,0.16362824614926705,0.16365304958206217,-0.16362824614926705,-0.005758312739956917,0.15786993340931013,True
cross_segment_noise_baseline,zip_code,033xx,5,15,0.0001240171639754942,0.0003720514919264826,0.8,0.06666666666666667,0.16362824614926705,0.16365304958206217,0.636371753850733,-0.0969863829153955,0.7333581367661285,True
cross_segment_noise_baseline,zip_code,813xx,6,20,0.00014882059677059304,0.0004960686559019768,0.0,0.15,0.16362824614926705,0.16365304958206217,-0.16362824614926705,-0.013653049582062177,0.14997519656720487,True
cross_segment_noise_baseline,zip_code,135xx,13,6,0.00032244462633628494,0.00014882059677059304,0.23076923076923078,0.16666666666666666,0.16362824614926705,0.16365304958206217,0.06714098461996373,0.0030136170846044863,0.06412736753535925,True
cross_segment_noise_baseline,zip_code,361xx,18,25,0.0004464617903117792,0.0006200858198774711,0.16666666666666666,0.24,0.16362824614926705,0.16365304958206217,0.0030384205173996093,0.07634695041793782,0.07330852990053821,True
cross_segment_noise_baseline,zip_code,252xx,6,5,0.00014882059677059304,0.0001240171639754942,0.0,0.2,0.16362824614926705,0.16365304958206217,-0.16362824614926705,0.03634695041793784,0.1999751965672049,True
cross_segment_noise_baseline,zip_code,602xx,8,13,0.00019842746236079073,0.00032244462633628494,0.0,0.15384615384615385,0.16362824614926705,0.16365304958206217,-0.16362824614926705,-0.009806895735908316,0.15382135041335873,True
cross_segment_noise_baseline,zip_code,619xx,9,11,0.0002232308951558896,0.0002728377607460873,0.1111111111111111,0.45454545454545453,0.16362824614926705,0.16365304958206217,-0.05251713503815594,0.29089240496339236,0.34340954000154833,True
cross_segment_noise_baseline,zip_code,420xx,6,14,0.00014882059677059304,0.0003472480591313838,0.0,0.2857142857142857,0.16362824614926705,0.16365304958206217,-0.16362824614926705,0.12206123613222353,0.2856894822814906,True
cross_segment_noise_baseline,zip_code,614xx,12,9,0.0002976411935411861,0.0002232308951558896,0.08333333333333333,0.1111111111111111,0.16362824614926705,0.16365304958206217,-0.08029491281593372,-0.052541938470951066,0.027752974344982653,True
cross_segment_noise_baseline,zip_code,545xx,4,5,9.921373118039536e-05,0.0001240171639754942,0.75,0.4,0.16362824614926705,0.16365304958206217,0.5863717538507329,0.23634695041793785,0.3500248034327951,True
cross_segment_noise_baseline,zip_code,749xx,7,9,0.0001736240295656919,0.0002232308951558896,0.2857142857142857,0.2222222222222222,0.16362824614926705,0.16365304958206217,0.12208603956501865,0.05856917264016004,0.06351686692485861,True
cross_segment_noise_baseline,zip_code,792xx,6,3,0.00014882059677059304,7.441029838529652e-05,0.16666666666666666,0.3333333333333333,0.16362824614926705,0.16365304958206217,0.0030384205173996093,0.16968028375127114,0.16664186323387153,True
cross_segment_noise_baseline,zip_code,035xx,5,2,0.0001240171639754942,4.960686559019768e-05,0.4,0.0,0.16362824614926705,0.16365304958206217,0.23637175385073297,-0.16365304958206217,0.4000248034327951,True
cross_segment_noise_baseline,zip_code,332xx,3,0,7.441029838529652e-05,0.0,0.0,,0.16362824614926705,0.16365304958206217,-0.16362824614926705,,,True
cross_segment_noise_baseline,zip_code,877xx,3,4,7.441029838529652e-05,9.921373118039536e-05,0.3333333333333333,0.5,0.16362824614926705,0.16365304958206217,0.16970508718406627,0.33634695041793783,0.16664186323387156,True
cross_segment_noise_baseline,zip_code,745xx,6,6,0.00014882059677059304,0.00014882059677059304,0.16666666666666666,0.3333333333333333,0.16362824614926705,0.16365304958206217,0.0030384205173996093,0.16968028375127114,0.16664186323387153,True
cross_segment_noise_baseline,zip_code,789xx,11,11,0.0002728377607460873,0.0002728377607460873,0.18181818181818182,0.18181818181818182,0.16362824614926705,0.16365304958206217,0.018189935668914775,0.018165132236119652,2.480343279512298e-05,True
cross_segment_noise_baseline,zip_code,843xx,13,18,0.00032244462633628494,0.0004464617903117792,0.07692307692307693,0.2222222222222222,0.16362824614926705,0.16365304958206217,-0.08670516922619012,0.05856917264016004,0.14527434186635016,True
cross_segment_noise_baseline,zip_code,677xx,2,6,4.960686559019768e-05,0.00014882059677059304,0.0,0.0,0.16362824614926705,0.16365304958206217,-0.16362824614926705,-0.16365304958206217,2.480343279512298e-05,True
cross_segment_noise_baseline,zip_code,239xx,9,8,0.0002232308951558896,0.00019842746236079073,0.4444444444444444,0.25,0.16362824614926705,0.16365304958206217,0.28081619829517734,0.08634695041793783,0.19446924787723951,True
cross_segment_noise_baseline,zip_code,411xx,5,5,0.0001240171639754942,0.0001240171639754942,0.2,0.0,0.16362824614926705,0.16365304958206217,0.03637175385073296,-0.16365304958206217,0.20002480343279513,True
cross_segment_noise_baseline,zip_code,090xx,2,2,4.960686559019768e-05,4.960686559019768e-05,1.0,0.0,0.16362824614926705,0.16365304958206217,0.8363717538507329,-0.16365304958206217,1.0000248034327952,True
cross_segment_noise_baseline,zip_code,635xx,5,1,0.0001240171639754942,2.480343279509884e-05,0.0,0.0,0.16362824614926705,0.16365304958206217,-0.16362824614926705,-0.16365304958206217,2.480343279512298e-05,True
cross_segment_noise_baseline,zip_code,592xx,4,5,9.921373118039536e-05,0.0001240171639754942,0.0,0.0,0.16362824614926705,0.16365304958206217,-0.16362824614926705,-0.16365304958206217,2.480343279512298e-05,True
cross_segment_noise_baseline,zip_code,394xx,1,0,2.480343279509884e-05,0.0,0.0,,0.16362824614926705,0.16365304958206217,-0.16362824614926705,,,True
cross_segment_noise_baseline,zip_code,746xx,3,1,7.441029838529652e-05,2.480343279509884e-05,0.3333333333333333,0.0,0.16362824614926705,0.16365304958206217,0.16970508718406627,-0.16365304958206217,0.33335813676612847,True
cross_segment_noise_baseline,zip_code,408xx,2,0,4.960686559019768e-05,0.0,0.5,,0.16362824614926705,0.16365304958206217,0.3363717538507329,,,True
cross_segment_noise_baseline,zip_code,574xx,7,6,0.0001736240295656919,0.00014882059677059304,0.0,0.3333333333333333,0.16362824614926705,0.16365304958206217,-0.16362824614926705,0.16968028375127114,0.33330852990053816,True
cross_segment_noise_baseline,zip_code,091xx,1,0,2.480343279509884e-05,0.0,0.0,,0.16362824614926705,0.16365304958206217,-0.16362824614926705,,,True
cross_segment_noise_baseline,zip_code,188xx,4,5,9.921373118039536e-05,0.0001240171639754942,0.5,0.2,0.16362824614926705,0.16365304958206217,0.3363717538507329,0.03634695041793784,0.3000248034327951,True
cross_segment_noise_baseline,zip_code,823xx,3,4,7.441029838529652e-05,9.921373118039536e-05,0.0,0.25,0.16362824614926705,0.16365304958206217,-0.16362824614926705,0.08634695041793783,0.24997519656720488,True
cross_segment_noise_baseline,zip_code,734xx,4,11,9.921373118039536e-05,0.0002728377607460873,0.25,0.36363636363636365,0.16362824614926705,0.16365304958206217,0.08637175385073295,0.19998331405430148,0.11361156020356852,True
cross_segment_noise_baseline,zip_code,831xx,4,7,9.921373118039536e-05,0.0001736240295656919,0.25,0.14285714285714285,0.16362824614926705,0.16365304958206217,0.08637175385073295,-0.020795906724919322,0.10716766057565227,True
cross_segment_noise_baseline,zip_code,736xx,2,5,4.960686559019768e-05,0.0001240171639754942,0.0,0.4,0.16362824614926705,0.16365304958206217,-0.16362824614926705,0.23634695041793785,0.3999751965672049,True
cross_segment_noise_baseline,zip_code,994xx,1,1,2.480343279509884e-05,2.480343279509884e-05,0.0,0.0,0.16362824614926705,0.16365304958206217,-0.16362824614926705,-0.16365304958206217,2.480343279512298e-05,True
cross_segment_noise_baseline,zip_code,865xx,5,2,0.0001240171639754942,4.960686559019768e-05,0.0,0.5,0.16362824614926705,0.16365304958206217,-0.16362824614926705,0.33634695041793783,0.4999751965672049,True
cross_segment_noise_baseline,zip_code,575xx,4,3,9.921373118039536e-05,7.441029838529652e-05,0.0,0.3333333333333333,0.16362824614926705,0.16365304958206217,-0.16362824614926705,0.16968028375127114,0.33330852990053816,True
cross_segment_noise_baseline,zip_code,646xx,6,3,0.00014882059677059304,7.441029838529652e-05,0.16666666666666666,0.0,0.16362824614926705,0.16365304958206217,0.0030384205173996093,-0.16365304958206217,0.16669147009946178,True
cross_segment_noise_baseline,zip_code,542xx,8,5,0.00019842746236079073,0.0001240171639754942,0.125,0.4,0.16362824614926705,0.16365304958206217,-0.03862824614926705,0.23634695041793785,0.2749751965672049,True
cross_segment_noise_baseline,zip_code,676xx,5,5,0.0001240171639754942,0.0001240171639754942,0.0,0.0,0.16362824614926705,0.16365304958206217,-0.16362824614926705,-0.16365304958206217,2.480343279512298e-05,True
cross_segment_noise_baseline,zip_code,022xx,2,4,4.960686559019768e-05,9.921373118039536e-05,0.0,0.25,0.16362824614926705,0.16365304958206217,-0.16362824614926705,0.08634695041793783,0.24997519656720488,True
cross_segment_noise_baseline,zip_code,052xx,1,5,2.480343279509884e-05,0.0001240171639754942,0.0,0.0,0.16362824614926705,0.16365304958206217,-0.16362824614926705,-0.16365304958206217,2.480343279512298e-05,True
cross_segment_noise_baseline,zip_code,036xx,2,0,4.960686559019768e-05,0.0,0.0,,0.16362824614926705,0.16365304958206217,-0.16362824614926705,,,True
cross_segment_noise_baseline,zip_code,266xx,3,4,7.441029838529652e-05,9.921373118039536e-05,0.0,0.0,0.16362824614926705,0.16365304958206217,-0.16362824614926705,-0.16365304958206217,2.480343279512298e-05,True
cross_segment_noise_baseline,zip_code,094xx,1,1,2.480343279509884e-05,2.480343279509884e-05,0.0,1.0,0.16362824614926705,0.16365304958206217,-0.16362824614926705,0.8363469504179378,0.9999751965672049,True
cross_segment_noise_baseline,zip_code,963xx,2,3,4.960686559019768e-05,7.441029838529652e-05,0.5,0.0,0.16362824614926705,0.16365304958206217,0.3363717538507329,-0.16365304958206217,0.5000248034327951,True
cross_segment_noise_baseline,zip_code,834xx,1,0,2.480343279509884e-05,0.0,0.0,,0.16362824614926705,0.16365304958206217,-0.16362824614926705,,,True
cross_segment_noise_baseline,zip_code,417xx,3,1,7.441029838529652e-05,2.480343279509884e-05,0.3333333333333333,0.0,0.16362824614926705,0.16365304958206217,0.16970508718406627,-0.16365304958206217,0.33335813676612847,True
cross_segment_noise_baseline,zip_code,455xx,6,9,0.00014882059677059304,0.0002232308951558896,0.3333333333333333,0.1111111111111111,0.16362824614926705,0.16365304958206217,0.16970508718406627,-0.052541938470951066,0.22224702565501733,True
cross_segment_noise_baseline,zip_code,425xx,5,3,0.0001240171639754942,7.441029838529652e-05,0.0,0.6666666666666666,0.16362824614926705,0.16365304958206217,-0.16362824614926705,0.5030136170846045,0.6666418632338715,True
cross_segment_noise_baseline,zip_code,051xx,3,1,7.441029838529652e-05,2.480343279509884e-05,0.0,0.0,0.16362824614926705,0.16365304958206217,-0.16362824614926705,-0.16365304958206217,2.480343279512298e-05,True
cross_segment_noise_baseline,zip_code,414xx,1,0,2.480343279509884e-05,0.0,0.0,,0.16362824614926705,0.16365304958206217,-0.16362824614926705,,,True
cross_segment_noise_baseline,zip_code,878xx,1,0,2.480343279509884e-05,0.0,1.0,,0.16362824614926705,0.16365304958206217,0.8363717538507329,,,True
cross_segment_noise_baseline,zip_code,668xx,2,5,4.960686559019768e-05,0.0001240171639754942,0.5,0.6,0.16362824614926705,0.16365304958206217,0.3363717538507329,0.4363469504179378,0.09997519656720488,True
cross_segment_noise_baseline,zip_code,669xx,1,1,2.480343279509884e-05,2.480343279509884e-05,0.0,0.0,0.16362824614926705,0.16365304958206217,-0.16362824614926705,-0.16365304958206217,2.480343279512298e-05,True
